origin_loc_id,pickup_hour,actual_demand,loc_id,zone_name,borough_name,predicted_demand
79,2026-03-01 00:00:00,823,79,East Village,Manhattan,879.7
79,2026-03-01 01:00:00,889,79,East Village,Manhattan,862.4
79,2026-03-01 02:00:00,681,79,East Village,Manhattan,635.1
79,2026-03-01 03:00:00,487,79,East Village,Manhattan,500.1
79,2026-03-01 04:00:00,183,79,East Village,Manhattan,257.8
79,2026-03-01 05:00:00,57,79,East Village,Manhattan,54.0
79,2026-03-01 06:00:00,36,79,East Village,Manhattan,40.1
79,2026-03-01 07:00:00,26,79,East Village,Manhattan,40.4
79,2026-03-01 08:00:00,45,79,East Village,Manhattan,47.0
79,2026-03-01 09:00:00,58,79,East Village,Manhattan,68.0
79,2026-03-01 10:00:00,80,79,East Village,Manhattan,90.1
79,2026-03-01 11:00:00,102,79,East Village,Manhattan,100.8
79,2026-03-01 12:00:00,110,79,East Village,Manhattan,116.4
79,2026-03-01 13:00:00,128,79,East Village,Manhattan,124.3
79,2026-03-01 14:00:00,106,79,East Village,Manhattan,123.1
79,2026-03-01 15:00:00,99,79,East Village,Manhattan,99.0
79,2026-03-01 16:00:00,134,79,East Village,Manhattan,112.2
79,2026-03-01 17:00:00,113,79,East Village,Manhattan,132.8
79,2026-03-01 18:00:00,180,79,East Village,Manhattan,141.8
79,2026-03-01 19:00:00,141,79,East Village,Manhattan,158.6
79,2026-03-01 20:00:00,124,79,East Village,Manhattan,139.1
79,2026-03-01 21:00:00,156,79,East Village,Manhattan,84.8
79,2026-03-01 22:00:00,119,79,East Village,Manhattan,93.9
79,2026-03-01 23:00:00,66,79,East Village,Manhattan,54.7
79,2026-03-02 00:00:00,52,79,East Village,Manhattan,30.2
79,2026-03-02 01:00:00,23,79,East Village,Manhattan,13.1
79,2026-03-02 02:00:00,17,79,East Village,Manhattan,12.5
79,2026-03-02 03:00:00,18,79,East Village,Manhattan,13.0
79,2026-03-02 04:00:00,14,79,East Village,Manhattan,11.1
79,2026-03-02 05:00:00,20,79,East Village,Manhattan,15.8
79,2026-03-02 06:00:00,56,79,East Village,Manhattan,22.0
79,2026-03-02 07:00:00,83,79,East Village,Manhattan,52.6
79,2026-03-02 08:00:00,111,79,East Village,Manhattan,78.2
79,2026-03-02 09:00:00,95,79,East Village,Manhattan,69.5
79,2026-03-02 10:00:00,56,79,East Village,Manhattan,54.8
79,2026-03-02 11:00:00,61,79,East Village,Manhattan,34.2
79,2026-03-02 12:00:00,56,79,East Village,Manhattan,37.7
79,2026-03-02 13:00:00,52,79,East Village,Manhattan,35.5
79,2026-03-02 14:00:00,44,79,East Village,Manhattan,39.6
79,2026-03-02 15:00:00,47,79,East Village,Manhattan,39.9
79,2026-03-02 16:00:00,37,79,East Village,Manhattan,46.7
79,2026-03-02 17:00:00,70,79,East Village,Manhattan,44.9
79,2026-03-02 18:00:00,92,79,East Village,Manhattan,71.2
79,2026-03-02 19:00:00,81,79,East Village,Manhattan,89.8
79,2026-03-02 20:00:00,125,79,East Village,Manhattan,88.7
79,2026-03-02 21:00:00,113,79,East Village,Manhattan,115.0
79,2026-03-02 22:00:00,85,79,East Village,Manhattan,84.5
79,2026-03-02 23:00:00,51,79,East Village,Manhattan,56.0
79,2026-03-03 00:00:00,42,79,East Village,Manhattan,30.5
79,2026-03-03 01:00:00,21,79,East Village,Manhattan,15.4
79,2026-03-03 02:00:00,13,79,East Village,Manhattan,11.9
79,2026-03-03 03:00:00,6,79,East Village,Manhattan,8.7
79,2026-03-03 04:00:00,11,79,East Village,Manhattan,8.3
79,2026-03-03 05:00:00,13,79,East Village,Manhattan,12.7
79,2026-03-03 06:00:00,56,79,East Village,Manhattan,38.3
79,2026-03-03 07:00:00,71,79,East Village,Manhattan,79.2
79,2026-03-03 08:00:00,120,79,East Village,Manhattan,99.9
79,2026-03-03 09:00:00,124,79,East Village,Manhattan,106.8
79,2026-03-03 10:00:00,71,79,East Village,Manhattan,81.5
79,2026-03-03 11:00:00,51,79,East Village,Manhattan,60.5
79,2026-03-03 12:00:00,58,79,East Village,Manhattan,57.3
79,2026-03-03 13:00:00,63,79,East Village,Manhattan,57.0
79,2026-03-03 14:00:00,68,79,East Village,Manhattan,55.3
79,2026-03-03 15:00:00,72,79,East Village,Manhattan,62.3
79,2026-03-03 16:00:00,50,79,East Village,Manhattan,61.4
79,2026-03-03 17:00:00,78,79,East Village,Manhattan,70.3
79,2026-03-03 18:00:00,125,79,East Village,Manhattan,99.5
79,2026-03-03 19:00:00,138,79,East Village,Manhattan,131.2
79,2026-03-03 20:00:00,201,79,East Village,Manhattan,159.6
79,2026-03-03 21:00:00,258,79,East Village,Manhattan,213.3
79,2026-03-03 22:00:00,197,79,East Village,Manhattan,192.7
79,2026-03-03 23:00:00,79,79,East Village,Manhattan,114.8
79,2026-03-04 00:00:00,48,79,East Village,Manhattan,45.4
79,2026-03-04 01:00:00,30,79,East Village,Manhattan,21.8
79,2026-03-04 02:00:00,32,79,East Village,Manhattan,14.7
79,2026-03-04 03:00:00,21,79,East Village,Manhattan,18.9
79,2026-03-04 04:00:00,23,79,East Village,Manhattan,18.2
79,2026-03-04 05:00:00,19,79,East Village,Manhattan,17.2
79,2026-03-04 06:00:00,46,79,East Village,Manhattan,43.8
79,2026-03-04 07:00:00,77,79,East Village,Manhattan,71.1
79,2026-03-04 08:00:00,137,79,East Village,Manhattan,104.9
79,2026-03-04 09:00:00,108,79,East Village,Manhattan,133.3
79,2026-03-04 10:00:00,66,79,East Village,Manhattan,83.2
79,2026-03-04 11:00:00,48,79,East Village,Manhattan,57.2
79,2026-03-04 12:00:00,51,79,East Village,Manhattan,50.3
79,2026-03-04 13:00:00,57,79,East Village,Manhattan,53.9
79,2026-03-04 14:00:00,70,79,East Village,Manhattan,61.1
79,2026-03-04 15:00:00,64,79,East Village,Manhattan,67.8
79,2026-03-04 16:00:00,44,79,East Village,Manhattan,56.9
79,2026-03-04 17:00:00,64,79,East Village,Manhattan,73.0
79,2026-03-04 18:00:00,104,79,East Village,Manhattan,93.4
79,2026-03-04 19:00:00,129,79,East Village,Manhattan,130.2
79,2026-03-04 20:00:00,168,79,East Village,Manhattan,174.3
79,2026-03-04 21:00:00,186,79,East Village,Manhattan,240.4
79,2026-03-04 22:00:00,218,79,East Village,Manhattan,201.6
79,2026-03-04 23:00:00,118,79,East Village,Manhattan,139.3
79,2026-03-05 00:00:00,92,79,East Village,Manhattan,66.4
79,2026-03-05 01:00:00,46,79,East Village,Manhattan,50.9
79,2026-03-05 02:00:00,31,79,East Village,Manhattan,27.0
79,2026-03-05 03:00:00,14,79,East Village,Manhattan,17.6
79,2026-03-05 04:00:00,17,79,East Village,Manhattan,16.5
79,2026-03-05 05:00:00,19,79,East Village,Manhattan,21.3
79,2026-03-05 06:00:00,64,79,East Village,Manhattan,47.4
79,2026-03-05 07:00:00,109,79,East Village,Manhattan,84.6
79,2026-03-05 08:00:00,114,79,East Village,Manhattan,134.0
79,2026-03-05 09:00:00,142,79,East Village,Manhattan,120.7
79,2026-03-05 10:00:00,87,79,East Village,Manhattan,95.8
79,2026-03-05 11:00:00,78,79,East Village,Manhattan,64.2
79,2026-03-05 12:00:00,65,79,East Village,Manhattan,64.9
79,2026-03-05 13:00:00,69,79,East Village,Manhattan,56.3
79,2026-03-05 14:00:00,72,79,East Village,Manhattan,68.4
79,2026-03-05 15:00:00,52,79,East Village,Manhattan,74.0
79,2026-03-05 16:00:00,59,79,East Village,Manhattan,57.6
79,2026-03-05 17:00:00,113,79,East Village,Manhattan,78.3
79,2026-03-05 18:00:00,170,79,East Village,Manhattan,132.6
79,2026-03-05 19:00:00,194,79,East Village,Manhattan,184.8
79,2026-03-05 20:00:00,265,79,East Village,Manhattan,223.4
79,2026-03-05 21:00:00,354,79,East Village,Manhattan,291.5
79,2026-03-05 22:00:00,399,79,East Village,Manhattan,349.8
79,2026-03-05 23:00:00,326,79,East Village,Manhattan,335.1
79,2026-03-06 00:00:00,203,79,East Village,Manhattan,196.3
79,2026-03-06 01:00:00,102,79,East Village,Manhattan,99.5
79,2026-03-06 02:00:00,57,79,East Village,Manhattan,56.8
79,2026-03-06 03:00:00,49,79,East Village,Manhattan,41.0
79,2026-03-06 04:00:00,52,79,East Village,Manhattan,38.6
79,2026-03-06 05:00:00,22,79,East Village,Manhattan,31.2
79,2026-03-06 06:00:00,58,79,East Village,Manhattan,52.3
79,2026-03-06 07:00:00,73,79,East Village,Manhattan,89.9
79,2026-03-06 08:00:00,108,79,East Village,Manhattan,102.3
79,2026-03-06 09:00:00,99,79,East Village,Manhattan,119.5
79,2026-03-06 10:00:00,58,79,East Village,Manhattan,89.3
79,2026-03-06 11:00:00,64,79,East Village,Manhattan,68.8
79,2026-03-06 12:00:00,59,79,East Village,Manhattan,68.4
79,2026-03-06 13:00:00,81,79,East Village,Manhattan,73.3
79,2026-03-06 14:00:00,82,79,East Village,Manhattan,83.3
79,2026-03-06 15:00:00,79,79,East Village,Manhattan,88.2
79,2026-03-06 16:00:00,79,79,East Village,Manhattan,83.8
79,2026-03-06 17:00:00,100,79,East Village,Manhattan,101.9
79,2026-03-06 18:00:00,141,79,East Village,Manhattan,143.0
79,2026-03-06 19:00:00,176,79,East Village,Manhattan,179.8
79,2026-03-06 20:00:00,233,79,East Village,Manhattan,224.8
79,2026-03-06 21:00:00,265,79,East Village,Manhattan,328.8
79,2026-03-06 22:00:00,411,79,East Village,Manhattan,387.6
79,2026-03-06 23:00:00,573,79,East Village,Manhattan,579.7
79,2026-03-07 00:00:00,738,79,East Village,Manhattan,745.3
79,2026-03-07 01:00:00,739,79,East Village,Manhattan,763.6
79,2026-03-07 02:00:00,553,79,East Village,Manhattan,557.3
79,2026-03-07 03:00:00,385,79,East Village,Manhattan,312.6
79,2026-03-07 04:00:00,178,79,East Village,Manhattan,167.1
79,2026-03-07 05:00:00,40,79,East Village,Manhattan,45.5
79,2026-03-07 06:00:00,27,79,East Village,Manhattan,41.6
79,2026-03-07 07:00:00,19,79,East Village,Manhattan,32.2
79,2026-03-07 08:00:00,43,79,East Village,Manhattan,45.4
79,2026-03-07 09:00:00,64,79,East Village,Manhattan,61.5
79,2026-03-07 10:00:00,66,79,East Village,Manhattan,83.0
79,2026-03-07 11:00:00,90,79,East Village,Manhattan,83.9
79,2026-03-07 12:00:00,119,79,East Village,Manhattan,90.8
79,2026-03-07 13:00:00,122,79,East Village,Manhattan,124.2
79,2026-03-07 14:00:00,116,79,East Village,Manhattan,119.4
79,2026-03-07 15:00:00,106,79,East Village,Manhattan,124.2
79,2026-03-07 16:00:00,139,79,East Village,Manhattan,131.2
79,2026-03-07 17:00:00,172,79,East Village,Manhattan,164.2
79,2026-03-07 18:00:00,285,79,East Village,Manhattan,202.9
79,2026-03-07 19:00:00,327,79,East Village,Manhattan,310.9
79,2026-03-07 20:00:00,319,79,East Village,Manhattan,350.4
79,2026-03-07 21:00:00,345,79,East Village,Manhattan,376.3
79,2026-03-07 22:00:00,467,79,East Village,Manhattan,478.0
79,2026-03-07 23:00:00,704,79,East Village,Manhattan,636.2
79,2026-03-08 00:00:00,844,79,East Village,Manhattan,784.9
79,2026-03-08 01:00:00,837,79,East Village,Manhattan,821.4
79,2026-03-08 03:00:00,826,79,East Village,Manhattan,32.0
79,2026-03-08 04:00:00,437,79,East Village,Manhattan,389.3
79,2026-03-08 05:00:00,140,79,East Village,Manhattan,256.5
79,2026-03-08 06:00:00,62,79,East Village,Manhattan,57.9
79,2026-03-08 07:00:00,33,79,East Village,Manhattan,41.4
79,2026-03-08 08:00:00,31,79,East Village,Manhattan,44.7
79,2026-03-08 09:00:00,57,79,East Village,Manhattan,56.4
79,2026-03-08 10:00:00,78,79,East Village,Manhattan,76.8
79,2026-03-08 11:00:00,96,79,East Village,Manhattan,102.5
79,2026-03-08 12:00:00,92,79,East Village,Manhattan,120.8
79,2026-03-08 13:00:00,116,79,East Village,Manhattan,120.1
79,2026-03-08 14:00:00,109,79,East Village,Manhattan,123.6
79,2026-03-08 15:00:00,118,79,East Village,Manhattan,117.9
79,2026-03-08 16:00:00,121,79,East Village,Manhattan,136.9
79,2026-03-08 17:00:00,105,79,East Village,Manhattan,137.6
79,2026-03-08 18:00:00,124,79,East Village,Manhattan,147.9
79,2026-03-08 19:00:00,145,79,East Village,Manhattan,127.3
79,2026-03-08 20:00:00,126,79,East Village,Manhattan,135.0
79,2026-03-08 21:00:00,118,79,East Village,Manhattan,138.9
79,2026-03-08 22:00:00,100,79,East Village,Manhattan,109.7
79,2026-03-08 23:00:00,84,79,East Village,Manhattan,56.9
79,2026-03-09 00:00:00,46,79,East Village,Manhattan,54.5
79,2026-03-09 01:00:00,35,79,East Village,Manhattan,18.2
79,2026-03-09 02:00:00,34,79,East Village,Manhattan,13.0
79,2026-03-09 03:00:00,10,79,East Village,Manhattan,16.2
79,2026-03-09 04:00:00,17,79,East Village,Manhattan,6.0
79,2026-03-09 05:00:00,20,79,East Village,Manhattan,24.8
79,2026-03-09 06:00:00,37,79,East Village,Manhattan,48.7
79,2026-03-09 07:00:00,68,79,East Village,Manhattan,64.9
79,2026-03-09 08:00:00,116,79,East Village,Manhattan,89.3
79,2026-03-09 09:00:00,101,79,East Village,Manhattan,99.9
79,2026-03-09 10:00:00,59,79,East Village,Manhattan,80.9
79,2026-03-09 11:00:00,43,79,East Village,Manhattan,67.4
79,2026-03-09 12:00:00,47,79,East Village,Manhattan,60.8
79,2026-03-09 13:00:00,43,79,East Village,Manhattan,58.2
79,2026-03-09 14:00:00,50,79,East Village,Manhattan,51.3
79,2026-03-09 15:00:00,48,79,East Village,Manhattan,55.8
79,2026-03-09 16:00:00,41,79,East Village,Manhattan,55.3
79,2026-03-09 17:00:00,62,79,East Village,Manhattan,65.2
79,2026-03-09 18:00:00,56,79,East Village,Manhattan,87.5
79,2026-03-09 19:00:00,102,79,East Village,Manhattan,78.1
79,2026-03-09 20:00:00,145,79,East Village,Manhattan,119.3
79,2026-03-09 21:00:00,111,79,East Village,Manhattan,159.5
79,2026-03-09 22:00:00,131,79,East Village,Manhattan,101.7
79,2026-03-09 23:00:00,62,79,East Village,Manhattan,77.3
79,2026-03-10 00:00:00,39,79,East Village,Manhattan,40.0
79,2026-03-10 01:00:00,19,79,East Village,Manhattan,21.5
79,2026-03-10 02:00:00,9,79,East Village,Manhattan,13.8
79,2026-03-10 03:00:00,8,79,East Village,Manhattan,6.5
79,2026-03-10 04:00:00,17,79,East Village,Manhattan,11.1
79,2026-03-10 05:00:00,7,79,East Village,Manhattan,16.5
79,2026-03-10 06:00:00,43,79,East Village,Manhattan,39.6
79,2026-03-10 07:00:00,93,79,East Village,Manhattan,67.6
79,2026-03-10 08:00:00,102,79,East Village,Manhattan,130.4
79,2026-03-10 09:00:00,99,79,East Village,Manhattan,116.9
79,2026-03-10 10:00:00,69,79,East Village,Manhattan,73.7
79,2026-03-10 11:00:00,47,79,East Village,Manhattan,56.4
79,2026-03-10 12:00:00,63,79,East Village,Manhattan,53.5
79,2026-03-10 13:00:00,61,79,East Village,Manhattan,59.5
79,2026-03-10 14:00:00,58,79,East Village,Manhattan,60.1
79,2026-03-10 15:00:00,69,79,East Village,Manhattan,60.7
79,2026-03-10 16:00:00,42,79,East Village,Manhattan,58.8
79,2026-03-10 17:00:00,58,79,East Village,Manhattan,64.0
79,2026-03-10 18:00:00,144,79,East Village,Manhattan,89.8
79,2026-03-10 19:00:00,143,79,East Village,Manhattan,156.0
79,2026-03-10 20:00:00,185,79,East Village,Manhattan,180.6
79,2026-03-10 21:00:00,252,79,East Village,Manhattan,228.8
79,2026-03-10 22:00:00,202,79,East Village,Manhattan,224.4
79,2026-03-10 23:00:00,147,79,East Village,Manhattan,121.7
79,2026-03-11 00:00:00,70,79,East Village,Manhattan,68.9
79,2026-03-11 01:00:00,48,79,East Village,Manhattan,32.8
79,2026-03-11 02:00:00,32,79,East Village,Manhattan,25.7
79,2026-03-11 03:00:00,18,79,East Village,Manhattan,19.3
79,2026-03-11 04:00:00,18,79,East Village,Manhattan,15.9
79,2026-03-11 05:00:00,20,79,East Village,Manhattan,17.4
79,2026-03-11 06:00:00,55,79,East Village,Manhattan,40.3
79,2026-03-11 07:00:00,100,79,East Village,Manhattan,80.5
79,2026-03-11 08:00:00,103,79,East Village,Manhattan,127.8
79,2026-03-11 09:00:00,127,79,East Village,Manhattan,114.1
79,2026-03-11 10:00:00,63,79,East Village,Manhattan,88.3
79,2026-03-11 11:00:00,51,79,East Village,Manhattan,54.4
79,2026-03-11 12:00:00,65,79,East Village,Manhattan,52.3
79,2026-03-11 13:00:00,49,79,East Village,Manhattan,61.1
79,2026-03-11 14:00:00,58,79,East Village,Manhattan,57.4
79,2026-03-11 15:00:00,58,79,East Village,Manhattan,62.8
79,2026-03-11 16:00:00,45,79,East Village,Manhattan,52.9
79,2026-03-11 17:00:00,56,79,East Village,Manhattan,64.9
79,2026-03-11 18:00:00,88,79,East Village,Manhattan,91.6
79,2026-03-11 19:00:00,116,79,East Village,Manhattan,120.0
79,2026-03-11 20:00:00,207,79,East Village,Manhattan,152.0
79,2026-03-11 21:00:00,297,79,East Village,Manhattan,249.7
79,2026-03-11 22:00:00,226,79,East Village,Manhattan,287.5
79,2026-03-11 23:00:00,127,79,East Village,Manhattan,175.9
79,2026-03-12 00:00:00,161,79,East Village,Manhattan,86.8
79,2026-03-12 01:00:00,51,79,East Village,Manhattan,85.5
79,2026-03-12 02:00:00,29,79,East Village,Manhattan,29.4
79,2026-03-12 03:00:00,21,79,East Village,Manhattan,16.0
79,2026-03-12 04:00:00,23,79,East Village,Manhattan,13.8
79,2026-03-12 05:00:00,16,79,East Village,Manhattan,21.3
79,2026-03-12 06:00:00,49,79,East Village,Manhattan,48.7
79,2026-03-12 07:00:00,79,79,East Village,Manhattan,96.0
79,2026-03-12 08:00:00,122,79,East Village,Manhattan,108.9
79,2026-03-12 09:00:00,146,79,East Village,Manhattan,136.5
79,2026-03-12 10:00:00,78,79,East Village,Manhattan,100.8
79,2026-03-12 11:00:00,57,79,East Village,Manhattan,75.0
79,2026-03-12 12:00:00,74,79,East Village,Manhattan,62.7
79,2026-03-12 13:00:00,90,79,East Village,Manhattan,66.9
79,2026-03-12 14:00:00,89,79,East Village,Manhattan,77.9
79,2026-03-12 15:00:00,108,79,East Village,Manhattan,68.3
79,2026-03-12 16:00:00,93,79,East Village,Manhattan,78.7
79,2026-03-12 17:00:00,100,79,East Village,Manhattan,108.6
79,2026-03-12 18:00:00,176,79,East Village,Manhattan,131.6
79,2026-03-12 19:00:00,151,79,East Village,Manhattan,194.0
79,2026-03-12 20:00:00,240,79,East Village,Manhattan,201.7
79,2026-03-12 21:00:00,305,79,East Village,Manhattan,329.8
79,2026-03-12 22:00:00,297,79,East Village,Manhattan,353.9
79,2026-03-12 23:00:00,232,79,East Village,Manhattan,300.4
79,2026-03-13 00:00:00,176,79,East Village,Manhattan,196.0
79,2026-03-13 01:00:00,105,79,East Village,Manhattan,111.0
79,2026-03-13 02:00:00,90,79,East Village,Manhattan,57.4
79,2026-03-13 03:00:00,65,79,East Village,Manhattan,50.0
79,2026-03-13 04:00:00,48,79,East Village,Manhattan,41.8
79,2026-03-13 05:00:00,30,79,East Village,Manhattan,26.4
79,2026-03-13 06:00:00,50,79,East Village,Manhattan,51.4
79,2026-03-13 07:00:00,86,79,East Village,Manhattan,73.9
79,2026-03-13 08:00:00,107,79,East Village,Manhattan,111.8
79,2026-03-13 09:00:00,97,79,East Village,Manhattan,121.0
79,2026-03-13 10:00:00,60,79,East Village,Manhattan,85.5
79,2026-03-13 11:00:00,69,79,East Village,Manhattan,64.5
79,2026-03-13 12:00:00,66,79,East Village,Manhattan,72.6
79,2026-03-13 13:00:00,81,79,East Village,Manhattan,85.5
79,2026-03-13 14:00:00,83,79,East Village,Manhattan,92.4
79,2026-03-13 15:00:00,103,79,East Village,Manhattan,94.5
79,2026-03-13 16:00:00,97,79,East Village,Manhattan,103.1
79,2026-03-13 17:00:00,106,79,East Village,Manhattan,116.4
79,2026-03-13 18:00:00,152,79,East Village,Manhattan,138.4
79,2026-03-13 19:00:00,201,79,East Village,Manhattan,171.7
79,2026-03-13 20:00:00,250,79,East Village,Manhattan,238.0
79,2026-03-13 21:00:00,338,79,East Village,Manhattan,312.8
79,2026-03-13 22:00:00,461,79,East Village,Manhattan,415.7
79,2026-03-13 23:00:00,595,79,East Village,Manhattan,640.8
79,2026-03-14 00:00:00,705,79,East Village,Manhattan,724.1
79,2026-03-14 01:00:00,587,79,East Village,Manhattan,722.2
79,2026-03-14 02:00:00,450,79,East Village,Manhattan,500.5
79,2026-03-14 03:00:00,268,79,East Village,Manhattan,270.2
79,2026-03-14 04:00:00,166,79,East Village,Manhattan,124.8
79,2026-03-14 05:00:00,38,79,East Village,Manhattan,49.1
79,2026-03-14 06:00:00,21,79,East Village,Manhattan,37.7
79,2026-03-14 07:00:00,26,79,East Village,Manhattan,29.3
79,2026-03-14 08:00:00,34,79,East Village,Manhattan,50.1
79,2026-03-14 09:00:00,63,79,East Village,Manhattan,68.6
79,2026-03-14 10:00:00,70,79,East Village,Manhattan,75.6
79,2026-03-14 11:00:00,85,79,East Village,Manhattan,87.1
79,2026-03-14 12:00:00,111,79,East Village,Manhattan,106.9
79,2026-03-14 13:00:00,109,79,East Village,Manhattan,125.2
79,2026-03-14 14:00:00,145,79,East Village,Manhattan,122.0
79,2026-03-14 15:00:00,139,79,East Village,Manhattan,143.6
79,2026-03-14 16:00:00,188,79,East Village,Manhattan,145.5
79,2026-03-14 17:00:00,236,79,East Village,Manhattan,195.6
79,2026-03-14 18:00:00,319,79,East Village,Manhattan,265.6
79,2026-03-14 19:00:00,406,79,East Village,Manhattan,335.0
79,2026-03-14 20:00:00,476,79,East Village,Manhattan,377.1
79,2026-03-14 21:00:00,613,79,East Village,Manhattan,446.4
79,2026-03-14 22:00:00,637,79,East Village,Manhattan,559.1
79,2026-03-14 23:00:00,842,79,East Village,Manhattan,686.6
79,2026-03-15 00:00:00,891,79,East Village,Manhattan,820.0
79,2026-03-15 01:00:00,722,79,East Village,Manhattan,782.0
79,2026-03-15 02:00:00,540,79,East Village,Manhattan,583.6
79,2026-03-15 03:00:00,310,79,East Village,Manhattan,489.8
79,2026-03-15 04:00:00,167,79,East Village,Manhattan,250.8
79,2026-03-15 05:00:00,50,79,East Village,Manhattan,102.7
79,2026-03-15 06:00:00,46,79,East Village,Manhattan,56.6
79,2026-03-15 07:00:00,33,79,East Village,Manhattan,42.5
79,2026-03-15 08:00:00,47,79,East Village,Manhattan,39.1
79,2026-03-15 09:00:00,82,79,East Village,Manhattan,65.1
79,2026-03-15 10:00:00,108,79,East Village,Manhattan,95.3
79,2026-03-15 11:00:00,117,79,East Village,Manhattan,116.0
79,2026-03-15 12:00:00,127,79,East Village,Manhattan,125.9
79,2026-03-15 13:00:00,124,79,East Village,Manhattan,140.6
79,2026-03-15 14:00:00,147,79,East Village,Manhattan,137.9
79,2026-03-15 15:00:00,118,79,East Village,Manhattan,150.8
79,2026-03-15 16:00:00,121,79,East Village,Manhattan,146.3
79,2026-03-15 17:00:00,120,79,East Village,Manhattan,146.5
79,2026-03-15 18:00:00,148,79,East Village,Manhattan,154.2
79,2026-03-15 19:00:00,144,79,East Village,Manhattan,153.8
79,2026-03-15 20:00:00,139,79,East Village,Manhattan,137.3
79,2026-03-15 21:00:00,135,79,East Village,Manhattan,138.1
79,2026-03-15 22:00:00,126,79,East Village,Manhattan,115.7
79,2026-03-15 23:00:00,86,79,East Village,Manhattan,81.2
79,2026-03-16 00:00:00,45,79,East Village,Manhattan,47.8
79,2026-03-16 01:00:00,42,79,East Village,Manhattan,30.5
79,2026-03-16 02:00:00,15,79,East Village,Manhattan,32.0
79,2026-03-16 03:00:00,10,79,East Village,Manhattan,11.3
79,2026-03-16 04:00:00,15,79,East Village,Manhattan,11.4
79,2026-03-16 05:00:00,24,79,East Village,Manhattan,20.3
79,2026-03-16 06:00:00,41,79,East Village,Manhattan,39.3
79,2026-03-16 07:00:00,72,79,East Village,Manhattan,60.1
79,2026-03-16 08:00:00,98,79,East Village,Manhattan,95.7
79,2026-03-16 09:00:00,99,79,East Village,Manhattan,103.1
79,2026-03-16 10:00:00,55,79,East Village,Manhattan,82.5
79,2026-03-16 11:00:00,49,79,East Village,Manhattan,52.5
79,2026-03-16 12:00:00,52,79,East Village,Manhattan,54.2
79,2026-03-16 13:00:00,49,79,East Village,Manhattan,52.4
79,2026-03-16 14:00:00,46,79,East Village,Manhattan,54.4
79,2026-03-16 15:00:00,56,79,East Village,Manhattan,54.4
79,2026-03-16 16:00:00,65,79,East Village,Manhattan,57.5
79,2026-03-16 17:00:00,89,79,East Village,Manhattan,75.1
79,2026-03-16 18:00:00,118,79,East Village,Manhattan,90.2
79,2026-03-16 19:00:00,83,79,East Village,Manhattan,130.1
79,2026-03-16 20:00:00,110,79,East Village,Manhattan,111.4
79,2026-03-16 21:00:00,115,79,East Village,Manhattan,130.6
79,2026-03-16 22:00:00,91,79,East Village,Manhattan,114.4
79,2026-03-16 23:00:00,50,79,East Village,Manhattan,68.7
79,2026-03-17 00:00:00,27,79,East Village,Manhattan,32.5
79,2026-03-17 01:00:00,25,79,East Village,Manhattan,19.6
79,2026-03-17 02:00:00,10,79,East Village,Manhattan,11.6
79,2026-03-17 03:00:00,13,79,East Village,Manhattan,8.0
79,2026-03-17 04:00:00,9,79,East Village,Manhattan,9.9
79,2026-03-17 05:00:00,9,79,East Village,Manhattan,12.0
79,2026-03-17 06:00:00,41,79,East Village,Manhattan,34.7
79,2026-03-17 07:00:00,80,79,East Village,Manhattan,78.7
79,2026-03-17 08:00:00,116,79,East Village,Manhattan,108.8
79,2026-03-17 09:00:00,110,79,East Village,Manhattan,113.8
79,2026-03-17 10:00:00,71,79,East Village,Manhattan,77.5
79,2026-03-17 11:00:00,57,79,East Village,Manhattan,57.9
79,2026-03-17 12:00:00,65,79,East Village,Manhattan,58.3
79,2026-03-17 13:00:00,62,79,East Village,Manhattan,59.3
79,2026-03-17 14:00:00,64,79,East Village,Manhattan,59.6
79,2026-03-17 15:00:00,77,79,East Village,Manhattan,62.7
79,2026-03-17 16:00:00,57,79,East Village,Manhattan,68.9
79,2026-03-17 17:00:00,75,79,East Village,Manhattan,75.3
79,2026-03-17 18:00:00,105,79,East Village,Manhattan,100.8
79,2026-03-17 19:00:00,135,79,East Village,Manhattan,126.4
79,2026-03-17 20:00:00,199,79,East Village,Manhattan,170.5
79,2026-03-17 21:00:00,304,79,East Village,Manhattan,245.2
79,2026-03-17 22:00:00,268,79,East Village,Manhattan,247.3
79,2026-03-17 23:00:00,186,79,East Village,Manhattan,155.1
79,2026-03-18 00:00:00,99,79,East Village,Manhattan,89.7
79,2026-03-18 01:00:00,87,79,East Village,Manhattan,46.6
79,2026-03-18 02:00:00,45,79,East Village,Manhattan,37.1
79,2026-03-18 03:00:00,31,79,East Village,Manhattan,20.3
79,2026-03-18 04:00:00,29,79,East Village,Manhattan,16.7
79,2026-03-18 05:00:00,23,79,East Village,Manhattan,21.9
79,2026-03-18 06:00:00,46,79,East Village,Manhattan,45.7
79,2026-03-18 07:00:00,103,79,East Village,Manhattan,88.4
79,2026-03-18 08:00:00,108,79,East Village,Manhattan,123.4
79,2026-03-18 09:00:00,121,79,East Village,Manhattan,119.2
79,2026-03-18 10:00:00,77,79,East Village,Manhattan,89.2
79,2026-03-18 11:00:00,57,79,East Village,Manhattan,64.9
79,2026-03-18 12:00:00,73,79,East Village,Manhattan,62.1
79,2026-03-18 13:00:00,54,79,East Village,Manhattan,62.1
79,2026-03-18 14:00:00,62,79,East Village,Manhattan,61.2
79,2026-03-18 15:00:00,76,79,East Village,Manhattan,66.8
79,2026-03-18 16:00:00,55,79,East Village,Manhattan,67.3
79,2026-03-18 17:00:00,79,79,East Village,Manhattan,71.7
79,2026-03-18 18:00:00,102,79,East Village,Manhattan,103.3
79,2026-03-18 19:00:00,134,79,East Village,Manhattan,125.6
79,2026-03-18 20:00:00,215,79,East Village,Manhattan,184.6
79,2026-03-18 21:00:00,325,79,East Village,Manhattan,309.9
79,2026-03-18 22:00:00,280,79,East Village,Manhattan,316.7
79,2026-03-18 23:00:00,153,79,East Village,Manhattan,221.0
79,2026-03-19 00:00:00,69,79,East Village,Manhattan,121.4
79,2026-03-19 01:00:00,33,79,East Village,Manhattan,54.3
79,2026-03-19 02:00:00,19,79,East Village,Manhattan,25.1
79,2026-03-19 03:00:00,20,79,East Village,Manhattan,17.3
79,2026-03-19 04:00:00,17,79,East Village,Manhattan,17.9
79,2026-03-19 05:00:00,25,79,East Village,Manhattan,16.9
79,2026-03-19 06:00:00,51,79,East Village,Manhattan,43.6
79,2026-03-19 07:00:00,98,79,East Village,Manhattan,87.5
79,2026-03-19 08:00:00,102,79,East Village,Manhattan,121.4
79,2026-03-19 09:00:00,128,79,East Village,Manhattan,124.1
79,2026-03-19 10:00:00,68,79,East Village,Manhattan,102.3
79,2026-03-19 11:00:00,60,79,East Village,Manhattan,65.0
79,2026-03-19 12:00:00,76,79,East Village,Manhattan,68.4
79,2026-03-19 13:00:00,63,79,East Village,Manhattan,82.3
79,2026-03-19 14:00:00,78,79,East Village,Manhattan,69.8
79,2026-03-19 15:00:00,99,79,East Village,Manhattan,88.1
79,2026-03-19 16:00:00,60,79,East Village,Manhattan,91.9
79,2026-03-19 17:00:00,70,79,East Village,Manhattan,85.2
79,2026-03-19 18:00:00,98,79,East Village,Manhattan,101.9
79,2026-03-19 19:00:00,148,79,East Village,Manhattan,131.2
79,2026-03-19 20:00:00,242,79,East Village,Manhattan,200.5
79,2026-03-19 21:00:00,296,79,East Village,Manhattan,336.5
79,2026-03-19 22:00:00,338,79,East Village,Manhattan,335.9
79,2026-03-19 23:00:00,263,79,East Village,Manhattan,286.2
79,2026-03-20 00:00:00,213,79,East Village,Manhattan,168.5
79,2026-03-20 01:00:00,168,79,East Village,Manhattan,121.6
79,2026-03-20 02:00:00,101,79,East Village,Manhattan,98.9
79,2026-03-20 03:00:00,77,79,East Village,Manhattan,57.7
79,2026-03-20 04:00:00,42,79,East Village,Manhattan,46.2
79,2026-03-20 05:00:00,22,79,East Village,Manhattan,30.4
79,2026-03-20 06:00:00,41,79,East Village,Manhattan,43.1
79,2026-03-20 07:00:00,71,79,East Village,Manhattan,83.6
79,2026-03-20 08:00:00,82,79,East Village,Manhattan,95.3
79,2026-03-20 09:00:00,76,79,East Village,Manhattan,104.2
79,2026-03-20 10:00:00,64,79,East Village,Manhattan,75.6
79,2026-03-20 11:00:00,47,79,East Village,Manhattan,65.0
79,2026-03-20 12:00:00,66,79,East Village,Manhattan,61.7
79,2026-03-20 13:00:00,69,79,East Village,Manhattan,74.0
79,2026-03-20 14:00:00,87,79,East Village,Manhattan,79.9
79,2026-03-20 15:00:00,99,79,East Village,Manhattan,107.2
79,2026-03-20 16:00:00,87,79,East Village,Manhattan,96.1
79,2026-03-20 17:00:00,110,79,East Village,Manhattan,101.4
79,2026-03-20 18:00:00,165,79,East Village,Manhattan,136.2
79,2026-03-20 19:00:00,251,79,East Village,Manhattan,190.9
79,2026-03-20 20:00:00,309,79,East Village,Manhattan,266.3
79,2026-03-20 21:00:00,411,79,East Village,Manhattan,360.3
79,2026-03-20 22:00:00,469,79,East Village,Manhattan,490.3
79,2026-03-20 23:00:00,522,79,East Village,Manhattan,642.2
79,2026-03-21 00:00:00,688,79,East Village,Manhattan,659.7
79,2026-03-21 01:00:00,695,79,East Village,Manhattan,703.8
79,2026-03-21 02:00:00,564,79,East Village,Manhattan,518.3
79,2026-03-21 03:00:00,324,79,East Village,Manhattan,309.8
79,2026-03-21 04:00:00,158,79,East Village,Manhattan,129.4
79,2026-03-21 05:00:00,38,79,East Village,Manhattan,46.4
79,2026-03-21 06:00:00,25,79,East Village,Manhattan,34.5
79,2026-03-21 07:00:00,23,79,East Village,Manhattan,31.6
79,2026-03-21 08:00:00,44,79,East Village,Manhattan,42.2
79,2026-03-21 09:00:00,58,79,East Village,Manhattan,69.8
79,2026-03-21 10:00:00,68,79,East Village,Manhattan,71.0
79,2026-03-21 11:00:00,81,79,East Village,Manhattan,81.2
79,2026-03-21 12:00:00,104,79,East Village,Manhattan,99.4
79,2026-03-21 13:00:00,99,79,East Village,Manhattan,117.4
79,2026-03-21 14:00:00,106,79,East Village,Manhattan,125.3
79,2026-03-21 15:00:00,127,79,East Village,Manhattan,129.6
79,2026-03-21 16:00:00,145,79,East Village,Manhattan,149.0
79,2026-03-21 17:00:00,150,79,East Village,Manhattan,169.2
79,2026-03-21 18:00:00,203,79,East Village,Manhattan,187.1
79,2026-03-21 19:00:00,268,79,East Village,Manhattan,248.8
79,2026-03-21 20:00:00,301,79,East Village,Manhattan,330.9
79,2026-03-21 21:00:00,382,79,East Village,Manhattan,428.0
79,2026-03-21 22:00:00,523,79,East Village,Manhattan,522.7
79,2026-03-21 23:00:00,769,79,East Village,Manhattan,653.2
79,2026-03-22 00:00:00,859,79,East Village,Manhattan,773.7
79,2026-03-22 01:00:00,869,79,East Village,Manhattan,787.9
79,2026-03-22 02:00:00,646,79,East Village,Manhattan,592.7
79,2026-03-22 03:00:00,412,79,East Village,Manhattan,417.8
79,2026-03-22 04:00:00,201,79,East Village,Manhattan,192.7
79,2026-03-22 05:00:00,47,79,East Village,Manhattan,72.8
79,2026-03-22 06:00:00,33,79,East Village,Manhattan,39.8
79,2026-03-22 07:00:00,28,79,East Village,Manhattan,32.1
79,2026-03-22 08:00:00,40,79,East Village,Manhattan,44.7
79,2026-03-22 09:00:00,50,79,East Village,Manhattan,66.6
79,2026-03-22 10:00:00,82,79,East Village,Manhattan,82.5
79,2026-03-22 11:00:00,106,79,East Village,Manhattan,105.2
79,2026-03-22 12:00:00,110,79,East Village,Manhattan,125.8
79,2026-03-22 13:00:00,117,79,East Village,Manhattan,128.0
79,2026-03-22 14:00:00,111,79,East Village,Manhattan,133.2
79,2026-03-22 15:00:00,109,79,East Village,Manhattan,126.9
79,2026-03-22 16:00:00,91,79,East Village,Manhattan,127.9
79,2026-03-22 17:00:00,113,79,East Village,Manhattan,121.0
79,2026-03-22 18:00:00,150,79,East Village,Manhattan,146.7
79,2026-03-22 19:00:00,130,79,East Village,Manhattan,152.3
79,2026-03-22 20:00:00,167,79,East Village,Manhattan,130.6
79,2026-03-22 21:00:00,210,79,East Village,Manhattan,148.5
79,2026-03-22 22:00:00,165,79,East Village,Manhattan,199.4
79,2026-03-22 23:00:00,87,79,East Village,Manhattan,123.0
79,2026-03-23 00:00:00,54,79,East Village,Manhattan,65.9
79,2026-03-23 01:00:00,31,79,East Village,Manhattan,34.5
79,2026-03-23 02:00:00,21,79,East Village,Manhattan,17.1
79,2026-03-23 03:00:00,11,79,East Village,Manhattan,11.1
79,2026-03-23 04:00:00,29,79,East Village,Manhattan,11.6
79,2026-03-23 05:00:00,21,79,East Village,Manhattan,27.5
79,2026-03-23 06:00:00,54,79,East Village,Manhattan,37.0
79,2026-03-23 07:00:00,103,79,East Village,Manhattan,65.0
79,2026-03-23 08:00:00,127,79,East Village,Manhattan,111.9
79,2026-03-23 09:00:00,91,79,East Village,Manhattan,112.7
79,2026-03-23 10:00:00,60,79,East Village,Manhattan,78.7
79,2026-03-23 11:00:00,54,79,East Village,Manhattan,61.2
79,2026-03-23 12:00:00,52,79,East Village,Manhattan,61.2
79,2026-03-23 13:00:00,54,79,East Village,Manhattan,57.0
79,2026-03-23 14:00:00,51,79,East Village,Manhattan,57.9
79,2026-03-23 15:00:00,56,79,East Village,Manhattan,64.2
79,2026-03-23 16:00:00,44,79,East Village,Manhattan,67.6
79,2026-03-23 17:00:00,68,79,East Village,Manhattan,77.6
79,2026-03-23 18:00:00,74,79,East Village,Manhattan,95.3
79,2026-03-23 19:00:00,79,79,East Village,Manhattan,87.3
79,2026-03-23 20:00:00,85,79,East Village,Manhattan,98.4
79,2026-03-23 21:00:00,121,79,East Village,Manhattan,119.3
79,2026-03-23 22:00:00,90,79,East Village,Manhattan,117.0
79,2026-03-23 23:00:00,61,79,East Village,Manhattan,61.6
79,2026-03-24 00:00:00,52,79,East Village,Manhattan,30.8
79,2026-03-24 01:00:00,17,79,East Village,Manhattan,24.7
79,2026-03-24 02:00:00,16,79,East Village,Manhattan,10.8
79,2026-03-24 03:00:00,9,79,East Village,Manhattan,10.4
79,2026-03-24 04:00:00,14,79,East Village,Manhattan,9.6
79,2026-03-24 05:00:00,19,79,East Village,Manhattan,14.2
79,2026-03-24 06:00:00,51,79,East Village,Manhattan,41.4
79,2026-03-24 07:00:00,68,79,East Village,Manhattan,91.5
79,2026-03-24 08:00:00,113,79,East Village,Manhattan,100.5
79,2026-03-24 09:00:00,117,79,East Village,Manhattan,112.0
79,2026-03-24 10:00:00,69,79,East Village,Manhattan,79.6
79,2026-03-24 11:00:00,53,79,East Village,Manhattan,64.0
79,2026-03-24 12:00:00,75,79,East Village,Manhattan,57.7
79,2026-03-24 13:00:00,59,79,East Village,Manhattan,68.4
79,2026-03-24 14:00:00,49,79,East Village,Manhattan,58.9
79,2026-03-24 15:00:00,69,79,East Village,Manhattan,59.7
79,2026-03-24 16:00:00,50,79,East Village,Manhattan,60.8
79,2026-03-24 17:00:00,72,79,East Village,Manhattan,70.4
79,2026-03-24 18:00:00,85,79,East Village,Manhattan,92.6
79,2026-03-24 19:00:00,102,79,East Village,Manhattan,104.7
79,2026-03-24 20:00:00,171,79,East Village,Manhattan,135.9
79,2026-03-24 21:00:00,231,79,East Village,Manhattan,210.9
79,2026-03-24 22:00:00,192,79,East Village,Manhattan,236.5
79,2026-03-24 23:00:00,99,79,East Village,Manhattan,143.1
79,2026-03-25 00:00:00,83,79,East Village,Manhattan,70.0
79,2026-03-25 01:00:00,69,79,East Village,Manhattan,55.2
79,2026-03-25 02:00:00,28,79,East Village,Manhattan,40.4
79,2026-03-25 03:00:00,27,79,East Village,Manhattan,22.9
79,2026-03-25 04:00:00,21,79,East Village,Manhattan,21.1
79,2026-03-25 05:00:00,14,79,East Village,Manhattan,21.1
79,2026-03-25 06:00:00,51,79,East Village,Manhattan,39.3
79,2026-03-25 07:00:00,77,79,East Village,Manhattan,88.7
79,2026-03-25 08:00:00,115,79,East Village,Manhattan,106.7
79,2026-03-25 09:00:00,132,79,East Village,Manhattan,120.9
79,2026-03-25 10:00:00,67,79,East Village,Manhattan,92.8
79,2026-03-25 11:00:00,66,79,East Village,Manhattan,62.6
79,2026-03-25 12:00:00,65,79,East Village,Manhattan,72.4
79,2026-03-25 13:00:00,76,79,East Village,Manhattan,59.7
79,2026-03-25 14:00:00,57,79,East Village,Manhattan,69.7
79,2026-03-25 15:00:00,71,79,East Village,Manhattan,65.1
79,2026-03-25 16:00:00,68,79,East Village,Manhattan,62.3
79,2026-03-25 17:00:00,64,79,East Village,Manhattan,80.6
79,2026-03-25 18:00:00,103,79,East Village,Manhattan,88.4
79,2026-03-25 19:00:00,114,79,East Village,Manhattan,124.6
79,2026-03-25 20:00:00,171,79,East Village,Manhattan,155.0
79,2026-03-25 21:00:00,204,79,East Village,Manhattan,237.4
79,2026-03-25 22:00:00,244,79,East Village,Manhattan,243.8
79,2026-03-25 23:00:00,148,79,East Village,Manhattan,165.0
79,2026-03-26 00:00:00,73,79,East Village,Manhattan,92.8
79,2026-03-26 01:00:00,62,79,East Village,Manhattan,41.7
79,2026-03-26 02:00:00,21,79,East Village,Manhattan,29.0
79,2026-03-26 03:00:00,23,79,East Village,Manhattan,16.7
79,2026-03-26 04:00:00,29,79,East Village,Manhattan,14.7
79,2026-03-26 05:00:00,13,79,East Village,Manhattan,25.1
79,2026-03-26 06:00:00,51,79,East Village,Manhattan,39.4
79,2026-03-26 07:00:00,98,79,East Village,Manhattan,83.5
79,2026-03-26 08:00:00,129,79,East Village,Manhattan,124.6
79,2026-03-26 09:00:00,120,79,East Village,Manhattan,135.1
79,2026-03-26 10:00:00,74,79,East Village,Manhattan,87.4
79,2026-03-26 11:00:00,78,79,East Village,Manhattan,70.0
79,2026-03-26 12:00:00,77,79,East Village,Manhattan,77.2
79,2026-03-26 13:00:00,69,79,East Village,Manhattan,77.3
79,2026-03-26 14:00:00,83,79,East Village,Manhattan,70.8
79,2026-03-26 15:00:00,66,79,East Village,Manhattan,89.3
79,2026-03-26 16:00:00,62,79,East Village,Manhattan,68.8
79,2026-03-26 17:00:00,82,79,East Village,Manhattan,76.6
79,2026-03-26 18:00:00,121,79,East Village,Manhattan,113.1
79,2026-03-26 19:00:00,154,79,East Village,Manhattan,141.4
79,2026-03-26 20:00:00,197,79,East Village,Manhattan,199.2
79,2026-03-26 21:00:00,306,79,East Village,Manhattan,261.0
79,2026-03-26 22:00:00,406,79,East Village,Manhattan,332.4
79,2026-03-26 23:00:00,375,79,East Village,Manhattan,343.0
79,2026-03-27 00:00:00,305,79,East Village,Manhattan,288.9
79,2026-03-27 01:00:00,159,79,East Village,Manhattan,186.1
79,2026-03-27 02:00:00,127,79,East Village,Manhattan,94.1
79,2026-03-27 03:00:00,109,79,East Village,Manhattan,70.4
79,2026-03-27 04:00:00,64,79,East Village,Manhattan,54.0
79,2026-03-27 05:00:00,20,79,East Village,Manhattan,30.7
79,2026-03-27 06:00:00,51,79,East Village,Manhattan,39.5
79,2026-03-27 07:00:00,62,79,East Village,Manhattan,79.4
79,2026-03-27 08:00:00,95,79,East Village,Manhattan,94.4
79,2026-03-27 09:00:00,78,79,East Village,Manhattan,96.0
79,2026-03-27 10:00:00,69,79,East Village,Manhattan,81.2
79,2026-03-27 11:00:00,60,79,East Village,Manhattan,73.7
79,2026-03-27 12:00:00,63,79,East Village,Manhattan,70.6
79,2026-03-27 13:00:00,79,79,East Village,Manhattan,69.4
79,2026-03-27 14:00:00,86,79,East Village,Manhattan,91.3
79,2026-03-27 15:00:00,89,79,East Village,Manhattan,94.2
79,2026-03-27 16:00:00,73,79,East Village,Manhattan,85.4
79,2026-03-27 17:00:00,94,79,East Village,Manhattan,92.0
79,2026-03-27 18:00:00,125,79,East Village,Manhattan,127.9
79,2026-03-27 19:00:00,165,79,East Village,Manhattan,154.0
79,2026-03-27 20:00:00,245,79,East Village,Manhattan,209.1
79,2026-03-27 21:00:00,298,79,East Village,Manhattan,337.5
79,2026-03-27 22:00:00,350,79,East Village,Manhattan,421.0
79,2026-03-27 23:00:00,551,79,East Village,Manhattan,523.0
79,2026-03-28 00:00:00,845,79,East Village,Manhattan,698.7
79,2026-03-28 01:00:00,863,79,East Village,Manhattan,751.6
79,2026-03-28 02:00:00,602,79,East Village,Manhattan,607.6
79,2026-03-28 03:00:00,354,79,East Village,Manhattan,368.8
79,2026-03-28 04:00:00,178,79,East Village,Manhattan,152.9
79,2026-03-28 05:00:00,33,79,East Village,Manhattan,42.1
79,2026-03-28 06:00:00,31,79,East Village,Manhattan,27.0
79,2026-03-28 07:00:00,29,79,East Village,Manhattan,32.1
79,2026-03-28 08:00:00,40,79,East Village,Manhattan,53.6
79,2026-03-28 09:00:00,73,79,East Village,Manhattan,65.8
79,2026-03-28 10:00:00,86,79,East Village,Manhattan,85.4
79,2026-03-28 11:00:00,84,79,East Village,Manhattan,90.9
79,2026-03-28 12:00:00,98,79,East Village,Manhattan,104.8
79,2026-03-28 13:00:00,138,79,East Village,Manhattan,108.3
79,2026-03-28 14:00:00,146,79,East Village,Manhattan,132.1
79,2026-03-28 15:00:00,162,79,East Village,Manhattan,146.6
79,2026-03-28 16:00:00,164,79,East Village,Manhattan,162.0
79,2026-03-28 17:00:00,190,79,East Village,Manhattan,175.4
79,2026-03-28 18:00:00,266,79,East Village,Manhattan,210.7
79,2026-03-28 19:00:00,333,79,East Village,Manhattan,271.2
79,2026-03-28 20:00:00,334,79,East Village,Manhattan,332.9
79,2026-03-28 21:00:00,380,79,East Village,Manhattan,384.5
79,2026-03-28 22:00:00,503,79,East Village,Manhattan,517.1
79,2026-03-28 23:00:00,722,79,East Village,Manhattan,672.5
79,2026-03-29 00:00:00,935,79,East Village,Manhattan,823.1
79,2026-03-29 01:00:00,903,79,East Village,Manhattan,832.9
79,2026-03-29 02:00:00,652,79,East Village,Manhattan,618.9
79,2026-03-29 03:00:00,474,79,East Village,Manhattan,435.9
79,2026-03-29 04:00:00,203,79,East Village,Manhattan,242.9
79,2026-03-29 05:00:00,44,79,East Village,Manhattan,66.8
79,2026-03-29 06:00:00,28,79,East Village,Manhattan,34.8
79,2026-03-29 07:00:00,20,79,East Village,Manhattan,33.3
79,2026-03-29 08:00:00,35,79,East Village,Manhattan,40.4
79,2026-03-29 09:00:00,57,79,East Village,Manhattan,56.4
79,2026-03-29 10:00:00,91,79,East Village,Manhattan,84.4
79,2026-03-29 11:00:00,106,79,East Village,Manhattan,109.9
79,2026-03-29 12:00:00,103,79,East Village,Manhattan,126.9
79,2026-03-29 13:00:00,101,79,East Village,Manhattan,133.3
79,2026-03-29 14:00:00,112,79,East Village,Manhattan,127.5
79,2026-03-29 15:00:00,97,79,East Village,Manhattan,131.3
79,2026-03-29 16:00:00,110,79,East Village,Manhattan,117.2
79,2026-03-29 17:00:00,143,79,East Village,Manhattan,133.7
79,2026-03-29 18:00:00,143,79,East Village,Manhattan,164.5
79,2026-03-29 19:00:00,146,79,East Village,Manhattan,136.7
79,2026-03-29 20:00:00,155,79,East Village,Manhattan,147.6
79,2026-03-29 21:00:00,153,79,East Village,Manhattan,192.0
79,2026-03-29 22:00:00,122,79,East Village,Manhattan,148.2
79,2026-03-29 23:00:00,94,79,East Village,Manhattan,82.1
79,2026-03-30 00:00:00,53,79,East Village,Manhattan,61.4
79,2026-03-30 01:00:00,42,79,East Village,Manhattan,23.5
79,2026-03-30 02:00:00,21,79,East Village,Manhattan,22.2
79,2026-03-30 03:00:00,21,79,East Village,Manhattan,16.5
79,2026-03-30 04:00:00,21,79,East Village,Manhattan,21.6
79,2026-03-30 05:00:00,13,79,East Village,Manhattan,24.0
79,2026-03-30 06:00:00,41,79,East Village,Manhattan,36.7
79,2026-03-30 07:00:00,56,79,East Village,Manhattan,80.2
79,2026-03-30 08:00:00,90,79,East Village,Manhattan,89.7
79,2026-03-30 09:00:00,70,79,East Village,Manhattan,86.8
79,2026-03-30 10:00:00,57,79,East Village,Manhattan,72.7
79,2026-03-30 11:00:00,61,79,East Village,Manhattan,62.6
79,2026-03-30 12:00:00,63,79,East Village,Manhattan,63.1
79,2026-03-30 13:00:00,65,79,East Village,Manhattan,66.9
79,2026-03-30 14:00:00,47,79,East Village,Manhattan,60.9
79,2026-03-30 15:00:00,57,79,East Village,Manhattan,63.6
79,2026-03-30 16:00:00,63,79,East Village,Manhattan,61.1
79,2026-03-30 17:00:00,81,79,East Village,Manhattan,76.4
79,2026-03-30 18:00:00,95,79,East Village,Manhattan,90.2
79,2026-03-30 19:00:00,65,79,East Village,Manhattan,97.4
79,2026-03-30 20:00:00,88,79,East Village,Manhattan,80.3
79,2026-03-30 21:00:00,86,79,East Village,Manhattan,115.2
79,2026-03-30 22:00:00,105,79,East Village,Manhattan,86.4
79,2026-03-30 23:00:00,70,79,East Village,Manhattan,72.8
79,2026-03-31 00:00:00,36,79,East Village,Manhattan,46.2
79,2026-03-31 01:00:00,26,79,East Village,Manhattan,17.9
79,2026-03-31 02:00:00,25,79,East Village,Manhattan,13.4
79,2026-03-31 03:00:00,13,79,East Village,Manhattan,12.6
79,2026-03-31 04:00:00,11,79,East Village,Manhattan,10.1
79,2026-03-31 05:00:00,10,79,East Village,Manhattan,15.7
79,2026-03-31 06:00:00,33,79,East Village,Manhattan,37.4
79,2026-03-31 07:00:00,48,79,East Village,Manhattan,60.8
79,2026-03-31 08:00:00,98,79,East Village,Manhattan,81.9
79,2026-03-31 09:00:00,114,79,East Village,Manhattan,110.1
79,2026-03-31 10:00:00,73,79,East Village,Manhattan,79.6
79,2026-03-31 11:00:00,61,79,East Village,Manhattan,61.5
79,2026-03-31 12:00:00,66,79,East Village,Manhattan,63.4
79,2026-03-31 13:00:00,69,79,East Village,Manhattan,66.9
79,2026-03-31 14:00:00,83,79,East Village,Manhattan,58.8
79,2026-03-31 15:00:00,72,79,East Village,Manhattan,72.5
79,2026-03-31 16:00:00,56,79,East Village,Manhattan,64.7
79,2026-03-31 17:00:00,94,79,East Village,Manhattan,74.9
79,2026-03-31 18:00:00,83,79,East Village,Manhattan,106.4
79,2026-03-31 19:00:00,89,79,East Village,Manhattan,101.8
79,2026-03-31 20:00:00,147,79,East Village,Manhattan,113.5
79,2026-03-31 21:00:00,186,79,East Village,Manhattan,184.7
79,2026-03-31 22:00:00,164,79,East Village,Manhattan,187.2
79,2026-03-31 23:00:00,114,79,East Village,Manhattan,102.3
132,2026-03-01 00:00:00,162,132,JFK Airport,Queens,126.4
132,2026-03-01 01:00:00,92,132,JFK Airport,Queens,85.4
132,2026-03-01 02:00:00,43,132,JFK Airport,Queens,44.1
132,2026-03-01 03:00:00,21,132,JFK Airport,Queens,17.9
132,2026-03-01 04:00:00,15,132,JFK Airport,Queens,19.2
132,2026-03-01 05:00:00,112,132,JFK Airport,Queens,67.2
132,2026-03-01 06:00:00,112,132,JFK Airport,Queens,137.6
132,2026-03-01 07:00:00,110,132,JFK Airport,Queens,144.4
132,2026-03-01 08:00:00,90,132,JFK Airport,Queens,122.4
132,2026-03-01 09:00:00,74,132,JFK Airport,Queens,116.4
132,2026-03-01 10:00:00,134,132,JFK Airport,Queens,105.6
132,2026-03-01 11:00:00,123,132,JFK Airport,Queens,154.7
132,2026-03-01 12:00:00,231,132,JFK Airport,Queens,158.2
132,2026-03-01 13:00:00,153,132,JFK Airport,Queens,238.9
132,2026-03-01 14:00:00,342,132,JFK Airport,Queens,221.7
132,2026-03-01 15:00:00,428,132,JFK Airport,Queens,319.9
132,2026-03-01 16:00:00,360,132,JFK Airport,Queens,372.8
132,2026-03-01 17:00:00,479,132,JFK Airport,Queens,345.1
132,2026-03-01 18:00:00,335,132,JFK Airport,Queens,350.1
132,2026-03-01 19:00:00,412,132,JFK Airport,Queens,326.1
132,2026-03-01 20:00:00,525,132,JFK Airport,Queens,371.5
132,2026-03-01 21:00:00,525,132,JFK Airport,Queens,409.5
132,2026-03-01 22:00:00,479,132,JFK Airport,Queens,420.8
132,2026-03-01 23:00:00,310,132,JFK Airport,Queens,345.1
132,2026-03-02 00:00:00,292,132,JFK Airport,Queens,195.0
132,2026-03-02 01:00:00,139,132,JFK Airport,Queens,115.7
132,2026-03-02 02:00:00,39,132,JFK Airport,Queens,38.2
132,2026-03-02 03:00:00,17,132,JFK Airport,Queens,15.2
132,2026-03-02 04:00:00,39,132,JFK Airport,Queens,14.0
132,2026-03-02 05:00:00,73,132,JFK Airport,Queens,33.6
132,2026-03-02 06:00:00,175,132,JFK Airport,Queens,73.9
132,2026-03-02 07:00:00,154,132,JFK Airport,Queens,115.2
132,2026-03-02 08:00:00,92,132,JFK Airport,Queens,93.2
132,2026-03-02 09:00:00,136,132,JFK Airport,Queens,80.6
132,2026-03-02 10:00:00,134,132,JFK Airport,Queens,84.1
132,2026-03-02 11:00:00,119,132,JFK Airport,Queens,84.7
132,2026-03-02 12:00:00,166,132,JFK Airport,Queens,93.6
132,2026-03-02 13:00:00,263,132,JFK Airport,Queens,111.4
132,2026-03-02 14:00:00,345,132,JFK Airport,Queens,286.2
132,2026-03-02 15:00:00,366,132,JFK Airport,Queens,361.7
132,2026-03-02 16:00:00,360,132,JFK Airport,Queens,381.4
132,2026-03-02 17:00:00,321,132,JFK Airport,Queens,375.8
132,2026-03-02 18:00:00,249,132,JFK Airport,Queens,323.7
132,2026-03-02 19:00:00,323,132,JFK Airport,Queens,256.1
132,2026-03-02 20:00:00,331,132,JFK Airport,Queens,321.0
132,2026-03-02 21:00:00,369,132,JFK Airport,Queens,327.1
132,2026-03-02 22:00:00,357,132,JFK Airport,Queens,326.6
132,2026-03-02 23:00:00,210,132,JFK Airport,Queens,277.2
132,2026-03-03 00:00:00,209,132,JFK Airport,Queens,129.8
132,2026-03-03 01:00:00,37,132,JFK Airport,Queens,76.9
132,2026-03-03 02:00:00,35,132,JFK Airport,Queens,14.9
132,2026-03-03 03:00:00,32,132,JFK Airport,Queens,15.4
132,2026-03-03 04:00:00,18,132,JFK Airport,Queens,20.0
132,2026-03-03 05:00:00,87,132,JFK Airport,Queens,28.0
132,2026-03-03 06:00:00,136,132,JFK Airport,Queens,83.4
132,2026-03-03 07:00:00,99,132,JFK Airport,Queens,119.6
132,2026-03-03 08:00:00,88,132,JFK Airport,Queens,82.9
132,2026-03-03 09:00:00,46,132,JFK Airport,Queens,82.2
132,2026-03-03 10:00:00,109,132,JFK Airport,Queens,43.5
132,2026-03-03 11:00:00,148,132,JFK Airport,Queens,78.6
132,2026-03-03 12:00:00,141,132,JFK Airport,Queens,122.8
132,2026-03-03 13:00:00,186,132,JFK Airport,Queens,190.6
132,2026-03-03 14:00:00,253,132,JFK Airport,Queens,259.3
132,2026-03-03 15:00:00,242,132,JFK Airport,Queens,276.1
132,2026-03-03 16:00:00,302,132,JFK Airport,Queens,303.9
132,2026-03-03 17:00:00,241,132,JFK Airport,Queens,314.2
132,2026-03-03 18:00:00,166,132,JFK Airport,Queens,234.0
132,2026-03-03 19:00:00,244,132,JFK Airport,Queens,203.9
132,2026-03-03 20:00:00,308,132,JFK Airport,Queens,279.9
132,2026-03-03 21:00:00,271,132,JFK Airport,Queens,309.3
132,2026-03-03 22:00:00,195,132,JFK Airport,Queens,295.4
132,2026-03-03 23:00:00,199,132,JFK Airport,Queens,204.2
132,2026-03-04 00:00:00,117,132,JFK Airport,Queens,193.8
132,2026-03-04 01:00:00,40,132,JFK Airport,Queens,71.8
132,2026-03-04 02:00:00,33,132,JFK Airport,Queens,39.8
132,2026-03-04 03:00:00,10,132,JFK Airport,Queens,29.9
132,2026-03-04 04:00:00,17,132,JFK Airport,Queens,14.3
132,2026-03-04 05:00:00,69,132,JFK Airport,Queens,72.3
132,2026-03-04 06:00:00,101,132,JFK Airport,Queens,124.4
132,2026-03-04 07:00:00,89,132,JFK Airport,Queens,139.2
132,2026-03-04 08:00:00,77,132,JFK Airport,Queens,101.3
132,2026-03-04 09:00:00,72,132,JFK Airport,Queens,93.3
132,2026-03-04 10:00:00,97,132,JFK Airport,Queens,101.4
132,2026-03-04 11:00:00,103,132,JFK Airport,Queens,129.0
132,2026-03-04 12:00:00,115,132,JFK Airport,Queens,140.8
132,2026-03-04 13:00:00,234,132,JFK Airport,Queens,154.6
132,2026-03-04 14:00:00,242,132,JFK Airport,Queens,275.9
132,2026-03-04 15:00:00,293,132,JFK Airport,Queens,279.9
132,2026-03-04 16:00:00,350,132,JFK Airport,Queens,321.6
132,2026-03-04 17:00:00,220,132,JFK Airport,Queens,304.7
132,2026-03-04 18:00:00,201,132,JFK Airport,Queens,203.2
132,2026-03-04 19:00:00,337,132,JFK Airport,Queens,238.9
132,2026-03-04 20:00:00,312,132,JFK Airport,Queens,314.2
132,2026-03-04 21:00:00,273,132,JFK Airport,Queens,297.7
132,2026-03-04 22:00:00,321,132,JFK Airport,Queens,269.5
132,2026-03-04 23:00:00,145,132,JFK Airport,Queens,266.6
132,2026-03-05 00:00:00,90,132,JFK Airport,Queens,114.3
132,2026-03-05 01:00:00,108,132,JFK Airport,Queens,65.3
132,2026-03-05 02:00:00,25,132,JFK Airport,Queens,42.5
132,2026-03-05 03:00:00,7,132,JFK Airport,Queens,17.7
132,2026-03-05 04:00:00,6,132,JFK Airport,Queens,20.3
132,2026-03-05 05:00:00,65,132,JFK Airport,Queens,54.6
132,2026-03-05 06:00:00,123,132,JFK Airport,Queens,130.6
132,2026-03-05 07:00:00,86,132,JFK Airport,Queens,136.5
132,2026-03-05 08:00:00,129,132,JFK Airport,Queens,101.3
132,2026-03-05 09:00:00,59,132,JFK Airport,Queens,129.8
132,2026-03-05 10:00:00,98,132,JFK Airport,Queens,91.8
132,2026-03-05 11:00:00,132,132,JFK Airport,Queens,125.7
132,2026-03-05 12:00:00,222,132,JFK Airport,Queens,150.0
132,2026-03-05 13:00:00,230,132,JFK Airport,Queens,242.0
132,2026-03-05 14:00:00,325,132,JFK Airport,Queens,289.5
132,2026-03-05 15:00:00,265,132,JFK Airport,Queens,327.7
132,2026-03-05 16:00:00,321,132,JFK Airport,Queens,318.2
132,2026-03-05 17:00:00,232,132,JFK Airport,Queens,290.3
132,2026-03-05 18:00:00,237,132,JFK Airport,Queens,232.3
132,2026-03-05 19:00:00,205,132,JFK Airport,Queens,283.6
132,2026-03-05 20:00:00,333,132,JFK Airport,Queens,252.2
132,2026-03-05 21:00:00,318,132,JFK Airport,Queens,298.6
132,2026-03-05 22:00:00,380,132,JFK Airport,Queens,312.3
132,2026-03-05 23:00:00,236,132,JFK Airport,Queens,283.2
132,2026-03-06 00:00:00,192,132,JFK Airport,Queens,147.1
132,2026-03-06 01:00:00,97,132,JFK Airport,Queens,94.7
132,2026-03-06 02:00:00,38,132,JFK Airport,Queens,33.5
132,2026-03-06 03:00:00,33,132,JFK Airport,Queens,16.3
132,2026-03-06 04:00:00,12,132,JFK Airport,Queens,17.4
132,2026-03-06 05:00:00,56,132,JFK Airport,Queens,61.9
132,2026-03-06 06:00:00,110,132,JFK Airport,Queens,111.8
132,2026-03-06 07:00:00,150,132,JFK Airport,Queens,130.7
132,2026-03-06 08:00:00,119,132,JFK Airport,Queens,137.0
132,2026-03-06 09:00:00,114,132,JFK Airport,Queens,116.1
132,2026-03-06 10:00:00,131,132,JFK Airport,Queens,124.6
132,2026-03-06 11:00:00,118,132,JFK Airport,Queens,147.7
132,2026-03-06 12:00:00,154,132,JFK Airport,Queens,154.2
132,2026-03-06 13:00:00,198,132,JFK Airport,Queens,209.0
132,2026-03-06 14:00:00,281,132,JFK Airport,Queens,266.4
132,2026-03-06 15:00:00,258,132,JFK Airport,Queens,291.3
132,2026-03-06 16:00:00,359,132,JFK Airport,Queens,318.4
132,2026-03-06 17:00:00,275,132,JFK Airport,Queens,305.8
132,2026-03-06 18:00:00,164,132,JFK Airport,Queens,263.3
132,2026-03-06 19:00:00,308,132,JFK Airport,Queens,209.4
132,2026-03-06 20:00:00,291,132,JFK Airport,Queens,317.4
132,2026-03-06 21:00:00,278,132,JFK Airport,Queens,279.0
132,2026-03-06 22:00:00,291,132,JFK Airport,Queens,307.8
132,2026-03-06 23:00:00,195,132,JFK Airport,Queens,233.5
132,2026-03-07 00:00:00,88,132,JFK Airport,Queens,142.8
132,2026-03-07 01:00:00,51,132,JFK Airport,Queens,63.6
132,2026-03-07 02:00:00,16,132,JFK Airport,Queens,29.9
132,2026-03-07 03:00:00,12,132,JFK Airport,Queens,14.3
132,2026-03-07 04:00:00,16,132,JFK Airport,Queens,16.5
132,2026-03-07 05:00:00,93,132,JFK Airport,Queens,51.7
132,2026-03-07 06:00:00,132,132,JFK Airport,Queens,122.5
132,2026-03-07 07:00:00,124,132,JFK Airport,Queens,141.0
132,2026-03-07 08:00:00,70,132,JFK Airport,Queens,118.8
132,2026-03-07 09:00:00,102,132,JFK Airport,Queens,94.6
132,2026-03-07 10:00:00,94,132,JFK Airport,Queens,121.1
132,2026-03-07 11:00:00,105,132,JFK Airport,Queens,122.7
132,2026-03-07 12:00:00,108,132,JFK Airport,Queens,143.1
132,2026-03-07 13:00:00,201,132,JFK Airport,Queens,156.4
132,2026-03-07 14:00:00,237,132,JFK Airport,Queens,257.7
132,2026-03-07 15:00:00,345,132,JFK Airport,Queens,273.9
132,2026-03-07 16:00:00,307,132,JFK Airport,Queens,343.9
132,2026-03-07 17:00:00,262,132,JFK Airport,Queens,298.7
132,2026-03-07 18:00:00,190,132,JFK Airport,Queens,242.4
132,2026-03-07 19:00:00,252,132,JFK Airport,Queens,228.4
132,2026-03-07 20:00:00,304,132,JFK Airport,Queens,269.7
132,2026-03-07 21:00:00,236,132,JFK Airport,Queens,289.4
132,2026-03-07 22:00:00,259,132,JFK Airport,Queens,281.2
132,2026-03-07 23:00:00,299,132,JFK Airport,Queens,225.0
132,2026-03-08 00:00:00,218,132,JFK Airport,Queens,145.7
132,2026-03-08 01:00:00,93,132,JFK Airport,Queens,98.4
132,2026-03-08 03:00:00,53,132,JFK Airport,Queens,12.8
132,2026-03-08 04:00:00,31,132,JFK Airport,Queens,20.7
132,2026-03-08 05:00:00,42,132,JFK Airport,Queens,81.3
132,2026-03-08 06:00:00,66,132,JFK Airport,Queens,103.6
132,2026-03-08 07:00:00,133,132,JFK Airport,Queens,106.6
132,2026-03-08 08:00:00,143,132,JFK Airport,Queens,112.8
132,2026-03-08 09:00:00,130,132,JFK Airport,Queens,108.7
132,2026-03-08 10:00:00,108,132,JFK Airport,Queens,134.8
132,2026-03-08 11:00:00,118,132,JFK Airport,Queens,130.4
132,2026-03-08 12:00:00,174,132,JFK Airport,Queens,146.9
132,2026-03-08 13:00:00,204,132,JFK Airport,Queens,185.5
132,2026-03-08 14:00:00,290,132,JFK Airport,Queens,276.8
132,2026-03-08 15:00:00,450,132,JFK Airport,Queens,342.8
132,2026-03-08 16:00:00,465,132,JFK Airport,Queens,402.6
132,2026-03-08 17:00:00,371,132,JFK Airport,Queens,445.5
132,2026-03-08 18:00:00,408,132,JFK Airport,Queens,364.2
132,2026-03-08 19:00:00,354,132,JFK Airport,Queens,405.9
132,2026-03-08 20:00:00,375,132,JFK Airport,Queens,387.3
132,2026-03-08 21:00:00,568,132,JFK Airport,Queens,433.0
132,2026-03-08 22:00:00,482,132,JFK Airport,Queens,479.1
132,2026-03-08 23:00:00,425,132,JFK Airport,Queens,400.4
132,2026-03-09 00:00:00,308,132,JFK Airport,Queens,316.5
132,2026-03-09 01:00:00,156,132,JFK Airport,Queens,130.0
132,2026-03-09 02:00:00,70,132,JFK Airport,Queens,39.0
132,2026-03-09 03:00:00,44,132,JFK Airport,Queens,26.8
132,2026-03-09 04:00:00,15,132,JFK Airport,Queens,34.1
132,2026-03-09 05:00:00,83,132,JFK Airport,Queens,60.5
132,2026-03-09 06:00:00,161,132,JFK Airport,Queens,123.7
132,2026-03-09 07:00:00,258,132,JFK Airport,Queens,167.2
132,2026-03-09 08:00:00,133,132,JFK Airport,Queens,223.7
132,2026-03-09 09:00:00,159,132,JFK Airport,Queens,144.1
132,2026-03-09 10:00:00,133,132,JFK Airport,Queens,149.7
132,2026-03-09 11:00:00,102,132,JFK Airport,Queens,143.9
132,2026-03-09 12:00:00,107,132,JFK Airport,Queens,148.1
132,2026-03-09 13:00:00,257,132,JFK Airport,Queens,161.9
132,2026-03-09 14:00:00,338,132,JFK Airport,Queens,309.8
132,2026-03-09 15:00:00,392,132,JFK Airport,Queens,380.9
132,2026-03-09 16:00:00,359,132,JFK Airport,Queens,408.9
132,2026-03-09 17:00:00,317,132,JFK Airport,Queens,371.2
132,2026-03-09 18:00:00,354,132,JFK Airport,Queens,323.4
132,2026-03-09 19:00:00,348,132,JFK Airport,Queens,346.6
132,2026-03-09 20:00:00,299,132,JFK Airport,Queens,358.5
132,2026-03-09 21:00:00,392,132,JFK Airport,Queens,376.8
132,2026-03-09 22:00:00,448,132,JFK Airport,Queens,359.8
132,2026-03-09 23:00:00,264,132,JFK Airport,Queens,375.6
132,2026-03-10 00:00:00,242,132,JFK Airport,Queens,220.8
132,2026-03-10 01:00:00,74,132,JFK Airport,Queens,107.7
132,2026-03-10 02:00:00,60,132,JFK Airport,Queens,37.9
132,2026-03-10 03:00:00,20,132,JFK Airport,Queens,32.7
132,2026-03-10 04:00:00,10,132,JFK Airport,Queens,15.2
132,2026-03-10 05:00:00,63,132,JFK Airport,Queens,74.6
132,2026-03-10 06:00:00,111,132,JFK Airport,Queens,123.1
132,2026-03-10 07:00:00,108,132,JFK Airport,Queens,165.0
132,2026-03-10 08:00:00,108,132,JFK Airport,Queens,113.3
132,2026-03-10 09:00:00,83,132,JFK Airport,Queens,97.4
132,2026-03-10 10:00:00,105,132,JFK Airport,Queens,113.0
132,2026-03-10 11:00:00,108,132,JFK Airport,Queens,131.0
132,2026-03-10 12:00:00,149,132,JFK Airport,Queens,131.0
132,2026-03-10 13:00:00,168,132,JFK Airport,Queens,192.3
132,2026-03-10 14:00:00,275,132,JFK Airport,Queens,242.5
132,2026-03-10 15:00:00,240,132,JFK Airport,Queens,300.4
132,2026-03-10 16:00:00,305,132,JFK Airport,Queens,309.1
132,2026-03-10 17:00:00,282,132,JFK Airport,Queens,291.2
132,2026-03-10 18:00:00,261,132,JFK Airport,Queens,265.5
132,2026-03-10 19:00:00,218,132,JFK Airport,Queens,270.4
132,2026-03-10 20:00:00,288,132,JFK Airport,Queens,266.5
132,2026-03-10 21:00:00,304,132,JFK Airport,Queens,305.4
132,2026-03-10 22:00:00,285,132,JFK Airport,Queens,284.4
132,2026-03-10 23:00:00,160,132,JFK Airport,Queens,222.5
132,2026-03-11 00:00:00,184,132,JFK Airport,Queens,135.9
132,2026-03-11 01:00:00,43,132,JFK Airport,Queens,66.9
132,2026-03-11 02:00:00,43,132,JFK Airport,Queens,26.5
132,2026-03-11 03:00:00,10,132,JFK Airport,Queens,16.3
132,2026-03-11 04:00:00,6,132,JFK Airport,Queens,10.1
132,2026-03-11 05:00:00,31,132,JFK Airport,Queens,52.8
132,2026-03-11 06:00:00,94,132,JFK Airport,Queens,90.5
132,2026-03-11 07:00:00,118,132,JFK Airport,Queens,132.4
132,2026-03-11 08:00:00,85,132,JFK Airport,Queens,105.6
132,2026-03-11 09:00:00,79,132,JFK Airport,Queens,86.5
132,2026-03-11 10:00:00,71,132,JFK Airport,Queens,101.0
132,2026-03-11 11:00:00,87,132,JFK Airport,Queens,97.2
132,2026-03-11 12:00:00,109,132,JFK Airport,Queens,120.5
132,2026-03-11 13:00:00,134,132,JFK Airport,Queens,148.4
132,2026-03-11 14:00:00,209,132,JFK Airport,Queens,197.3
132,2026-03-11 15:00:00,294,132,JFK Airport,Queens,262.6
132,2026-03-11 16:00:00,326,132,JFK Airport,Queens,299.9
132,2026-03-11 17:00:00,303,132,JFK Airport,Queens,290.1
132,2026-03-11 18:00:00,258,132,JFK Airport,Queens,269.4
132,2026-03-11 19:00:00,234,132,JFK Airport,Queens,266.7
132,2026-03-11 20:00:00,270,132,JFK Airport,Queens,257.2
132,2026-03-11 21:00:00,280,132,JFK Airport,Queens,282.9
132,2026-03-11 22:00:00,278,132,JFK Airport,Queens,284.0
132,2026-03-11 23:00:00,220,132,JFK Airport,Queens,201.1
132,2026-03-12 00:00:00,173,132,JFK Airport,Queens,156.3
132,2026-03-12 01:00:00,191,132,JFK Airport,Queens,91.1
132,2026-03-12 02:00:00,96,132,JFK Airport,Queens,75.8
132,2026-03-12 03:00:00,35,132,JFK Airport,Queens,26.4
132,2026-03-12 04:00:00,37,132,JFK Airport,Queens,15.7
132,2026-03-12 05:00:00,57,132,JFK Airport,Queens,52.0
132,2026-03-12 06:00:00,99,132,JFK Airport,Queens,107.4
132,2026-03-12 07:00:00,137,132,JFK Airport,Queens,105.6
132,2026-03-12 08:00:00,157,132,JFK Airport,Queens,125.4
132,2026-03-12 09:00:00,100,132,JFK Airport,Queens,103.2
132,2026-03-12 10:00:00,92,132,JFK Airport,Queens,106.3
132,2026-03-12 11:00:00,97,132,JFK Airport,Queens,110.6
132,2026-03-12 12:00:00,148,132,JFK Airport,Queens,133.0
132,2026-03-12 13:00:00,179,132,JFK Airport,Queens,172.2
132,2026-03-12 14:00:00,302,132,JFK Airport,Queens,239.7
132,2026-03-12 15:00:00,316,132,JFK Airport,Queens,296.4
132,2026-03-12 16:00:00,356,132,JFK Airport,Queens,330.1
132,2026-03-12 17:00:00,307,132,JFK Airport,Queens,311.6
132,2026-03-12 18:00:00,248,132,JFK Airport,Queens,279.1
132,2026-03-12 19:00:00,260,132,JFK Airport,Queens,225.3
132,2026-03-12 20:00:00,303,132,JFK Airport,Queens,278.8
132,2026-03-12 21:00:00,320,132,JFK Airport,Queens,301.3
132,2026-03-12 22:00:00,323,132,JFK Airport,Queens,301.4
132,2026-03-12 23:00:00,261,132,JFK Airport,Queens,250.4
132,2026-03-13 00:00:00,350,132,JFK Airport,Queens,177.7
132,2026-03-13 01:00:00,194,132,JFK Airport,Queens,196.2
132,2026-03-13 02:00:00,19,132,JFK Airport,Queens,66.2
132,2026-03-13 03:00:00,17,132,JFK Airport,Queens,20.9
132,2026-03-13 04:00:00,7,132,JFK Airport,Queens,16.6
132,2026-03-13 05:00:00,47,132,JFK Airport,Queens,52.5
132,2026-03-13 06:00:00,109,132,JFK Airport,Queens,106.2
132,2026-03-13 07:00:00,148,132,JFK Airport,Queens,148.1
132,2026-03-13 08:00:00,149,132,JFK Airport,Queens,138.8
132,2026-03-13 09:00:00,99,132,JFK Airport,Queens,138.0
132,2026-03-13 10:00:00,124,132,JFK Airport,Queens,119.2
132,2026-03-13 11:00:00,117,132,JFK Airport,Queens,131.0
132,2026-03-13 12:00:00,99,132,JFK Airport,Queens,144.7
132,2026-03-13 13:00:00,174,132,JFK Airport,Queens,145.2
132,2026-03-13 14:00:00,270,132,JFK Airport,Queens,239.1
132,2026-03-13 15:00:00,374,132,JFK Airport,Queens,295.1
132,2026-03-13 16:00:00,326,132,JFK Airport,Queens,369.5
132,2026-03-13 17:00:00,305,132,JFK Airport,Queens,311.4
132,2026-03-13 18:00:00,259,132,JFK Airport,Queens,263.2
132,2026-03-13 19:00:00,262,132,JFK Airport,Queens,278.4
132,2026-03-13 20:00:00,362,132,JFK Airport,Queens,292.9
132,2026-03-13 21:00:00,263,132,JFK Airport,Queens,323.0
132,2026-03-13 22:00:00,270,132,JFK Airport,Queens,300.0
132,2026-03-13 23:00:00,241,132,JFK Airport,Queens,231.8
132,2026-03-14 00:00:00,148,132,JFK Airport,Queens,200.3
132,2026-03-14 01:00:00,73,132,JFK Airport,Queens,75.9
132,2026-03-14 02:00:00,94,132,JFK Airport,Queens,26.6
132,2026-03-14 03:00:00,16,132,JFK Airport,Queens,30.1
132,2026-03-14 04:00:00,5,132,JFK Airport,Queens,12.7
132,2026-03-14 05:00:00,46,132,JFK Airport,Queens,64.8
132,2026-03-14 06:00:00,74,132,JFK Airport,Queens,106.8
132,2026-03-14 07:00:00,109,132,JFK Airport,Queens,123.5
132,2026-03-14 08:00:00,116,132,JFK Airport,Queens,96.9
132,2026-03-14 09:00:00,97,132,JFK Airport,Queens,116.2
132,2026-03-14 10:00:00,105,132,JFK Airport,Queens,111.7
132,2026-03-14 11:00:00,80,132,JFK Airport,Queens,124.6
132,2026-03-14 12:00:00,95,132,JFK Airport,Queens,107.9
132,2026-03-14 13:00:00,173,132,JFK Airport,Queens,138.3
132,2026-03-14 14:00:00,261,132,JFK Airport,Queens,242.5
132,2026-03-14 15:00:00,330,132,JFK Airport,Queens,325.5
132,2026-03-14 16:00:00,242,132,JFK Airport,Queens,333.7
132,2026-03-14 17:00:00,262,132,JFK Airport,Queens,266.1
132,2026-03-14 18:00:00,228,132,JFK Airport,Queens,248.4
132,2026-03-14 19:00:00,263,132,JFK Airport,Queens,244.8
132,2026-03-14 20:00:00,314,132,JFK Airport,Queens,295.8
132,2026-03-14 21:00:00,368,132,JFK Airport,Queens,277.1
132,2026-03-14 22:00:00,334,132,JFK Airport,Queens,299.8
132,2026-03-14 23:00:00,296,132,JFK Airport,Queens,279.1
132,2026-03-15 00:00:00,160,132,JFK Airport,Queens,197.6
132,2026-03-15 01:00:00,98,132,JFK Airport,Queens,70.1
132,2026-03-15 02:00:00,14,132,JFK Airport,Queens,31.6
132,2026-03-15 03:00:00,1,132,JFK Airport,Queens,24.1
132,2026-03-15 04:00:00,14,132,JFK Airport,Queens,15.0
132,2026-03-15 05:00:00,19,132,JFK Airport,Queens,40.2
132,2026-03-15 06:00:00,102,132,JFK Airport,Queens,62.6
132,2026-03-15 07:00:00,136,132,JFK Airport,Queens,133.7
132,2026-03-15 08:00:00,107,132,JFK Airport,Queens,145.5
132,2026-03-15 09:00:00,110,132,JFK Airport,Queens,117.7
132,2026-03-15 10:00:00,131,132,JFK Airport,Queens,120.8
132,2026-03-15 11:00:00,107,132,JFK Airport,Queens,132.6
132,2026-03-15 12:00:00,174,132,JFK Airport,Queens,137.1
132,2026-03-15 13:00:00,176,132,JFK Airport,Queens,192.0
132,2026-03-15 14:00:00,314,132,JFK Airport,Queens,246.0
132,2026-03-15 15:00:00,376,132,JFK Airport,Queens,356.4
132,2026-03-15 16:00:00,341,132,JFK Airport,Queens,395.8
132,2026-03-15 17:00:00,375,132,JFK Airport,Queens,334.7
132,2026-03-15 18:00:00,367,132,JFK Airport,Queens,362.0
132,2026-03-15 19:00:00,266,132,JFK Airport,Queens,355.8
132,2026-03-15 20:00:00,422,132,JFK Airport,Queens,335.8
132,2026-03-15 21:00:00,491,132,JFK Airport,Queens,435.8
132,2026-03-15 22:00:00,441,132,JFK Airport,Queens,448.4
132,2026-03-15 23:00:00,310,132,JFK Airport,Queens,420.3
132,2026-03-16 00:00:00,300,132,JFK Airport,Queens,254.7
132,2026-03-16 01:00:00,253,132,JFK Airport,Queens,153.6
132,2026-03-16 02:00:00,176,132,JFK Airport,Queens,104.2
132,2026-03-16 03:00:00,96,132,JFK Airport,Queens,44.0
132,2026-03-16 04:00:00,39,132,JFK Airport,Queens,31.2
132,2026-03-16 05:00:00,15,132,JFK Airport,Queens,66.9
132,2026-03-16 06:00:00,109,132,JFK Airport,Queens,81.5
132,2026-03-16 07:00:00,102,132,JFK Airport,Queens,152.9
132,2026-03-16 08:00:00,183,132,JFK Airport,Queens,139.7
132,2026-03-16 09:00:00,209,132,JFK Airport,Queens,161.6
132,2026-03-16 10:00:00,162,132,JFK Airport,Queens,185.8
132,2026-03-16 11:00:00,154,132,JFK Airport,Queens,154.5
132,2026-03-16 12:00:00,187,132,JFK Airport,Queens,164.3
132,2026-03-16 13:00:00,174,132,JFK Airport,Queens,210.0
132,2026-03-16 14:00:00,302,132,JFK Airport,Queens,264.9
132,2026-03-16 15:00:00,287,132,JFK Airport,Queens,379.0
132,2026-03-16 16:00:00,348,132,JFK Airport,Queens,349.3
132,2026-03-16 17:00:00,330,132,JFK Airport,Queens,363.8
132,2026-03-16 18:00:00,232,132,JFK Airport,Queens,341.1
132,2026-03-16 19:00:00,264,132,JFK Airport,Queens,267.8
132,2026-03-16 20:00:00,280,132,JFK Airport,Queens,312.4
132,2026-03-16 21:00:00,299,132,JFK Airport,Queens,325.4
132,2026-03-16 22:00:00,399,132,JFK Airport,Queens,334.4
132,2026-03-16 23:00:00,326,132,JFK Airport,Queens,301.0
132,2026-03-17 00:00:00,248,132,JFK Airport,Queens,256.2
132,2026-03-17 01:00:00,131,132,JFK Airport,Queens,163.6
132,2026-03-17 02:00:00,130,132,JFK Airport,Queens,69.3
132,2026-03-17 03:00:00,8,132,JFK Airport,Queens,44.8
132,2026-03-17 04:00:00,5,132,JFK Airport,Queens,13.4
132,2026-03-17 05:00:00,36,132,JFK Airport,Queens,46.2
132,2026-03-17 06:00:00,104,132,JFK Airport,Queens,98.4
132,2026-03-17 07:00:00,126,132,JFK Airport,Queens,141.6
132,2026-03-17 08:00:00,154,132,JFK Airport,Queens,141.6
132,2026-03-17 09:00:00,148,132,JFK Airport,Queens,138.6
132,2026-03-17 10:00:00,73,132,JFK Airport,Queens,146.4
132,2026-03-17 11:00:00,111,132,JFK Airport,Queens,106.9
132,2026-03-17 12:00:00,151,132,JFK Airport,Queens,146.8
132,2026-03-17 13:00:00,189,132,JFK Airport,Queens,169.2
132,2026-03-17 14:00:00,299,132,JFK Airport,Queens,262.7
132,2026-03-17 15:00:00,360,132,JFK Airport,Queens,292.9
132,2026-03-17 16:00:00,247,132,JFK Airport,Queens,353.7
132,2026-03-17 17:00:00,277,132,JFK Airport,Queens,296.3
132,2026-03-17 18:00:00,273,132,JFK Airport,Queens,266.6
132,2026-03-17 19:00:00,261,132,JFK Airport,Queens,249.4
132,2026-03-17 20:00:00,394,132,JFK Airport,Queens,276.5
132,2026-03-17 21:00:00,326,132,JFK Airport,Queens,328.5
132,2026-03-17 22:00:00,367,132,JFK Airport,Queens,315.8
132,2026-03-17 23:00:00,276,132,JFK Airport,Queens,315.4
132,2026-03-18 00:00:00,270,132,JFK Airport,Queens,197.4
132,2026-03-18 01:00:00,82,132,JFK Airport,Queens,98.4
132,2026-03-18 02:00:00,75,132,JFK Airport,Queens,46.3
132,2026-03-18 03:00:00,44,132,JFK Airport,Queens,22.8
132,2026-03-18 04:00:00,30,132,JFK Airport,Queens,17.6
132,2026-03-18 05:00:00,53,132,JFK Airport,Queens,37.3
132,2026-03-18 06:00:00,56,132,JFK Airport,Queens,99.8
132,2026-03-18 07:00:00,142,132,JFK Airport,Queens,112.6
132,2026-03-18 08:00:00,157,132,JFK Airport,Queens,121.8
132,2026-03-18 09:00:00,144,132,JFK Airport,Queens,122.5
132,2026-03-18 10:00:00,88,132,JFK Airport,Queens,102.1
132,2026-03-18 11:00:00,130,132,JFK Airport,Queens,107.6
132,2026-03-18 12:00:00,113,132,JFK Airport,Queens,141.8
132,2026-03-18 13:00:00,183,132,JFK Airport,Queens,144.4
132,2026-03-18 14:00:00,246,132,JFK Airport,Queens,238.9
132,2026-03-18 15:00:00,282,132,JFK Airport,Queens,316.4
132,2026-03-18 16:00:00,292,132,JFK Airport,Queens,296.7
132,2026-03-18 17:00:00,315,132,JFK Airport,Queens,296.3
132,2026-03-18 18:00:00,238,132,JFK Airport,Queens,289.1
132,2026-03-18 19:00:00,275,132,JFK Airport,Queens,244.5
132,2026-03-18 20:00:00,385,132,JFK Airport,Queens,304.3
132,2026-03-18 21:00:00,357,132,JFK Airport,Queens,326.9
132,2026-03-18 22:00:00,257,132,JFK Airport,Queens,322.4
132,2026-03-18 23:00:00,309,132,JFK Airport,Queens,238.2
132,2026-03-19 00:00:00,132,132,JFK Airport,Queens,222.2
132,2026-03-19 01:00:00,144,132,JFK Airport,Queens,98.4
132,2026-03-19 02:00:00,30,132,JFK Airport,Queens,76.9
132,2026-03-19 03:00:00,7,132,JFK Airport,Queens,29.5
132,2026-03-19 04:00:00,6,132,JFK Airport,Queens,19.8
132,2026-03-19 05:00:00,23,132,JFK Airport,Queens,50.8
132,2026-03-19 06:00:00,82,132,JFK Airport,Queens,79.9
132,2026-03-19 07:00:00,154,132,JFK Airport,Queens,143.6
132,2026-03-19 08:00:00,139,132,JFK Airport,Queens,156.9
132,2026-03-19 09:00:00,103,132,JFK Airport,Queens,133.1
132,2026-03-19 10:00:00,96,132,JFK Airport,Queens,109.7
132,2026-03-19 11:00:00,128,132,JFK Airport,Queens,114.5
132,2026-03-19 12:00:00,149,132,JFK Airport,Queens,145.5
132,2026-03-19 13:00:00,210,132,JFK Airport,Queens,175.6
132,2026-03-19 14:00:00,287,132,JFK Airport,Queens,272.9
132,2026-03-19 15:00:00,322,132,JFK Airport,Queens,314.3
132,2026-03-19 16:00:00,354,132,JFK Airport,Queens,325.7
132,2026-03-19 17:00:00,328,132,JFK Airport,Queens,328.3
132,2026-03-19 18:00:00,269,132,JFK Airport,Queens,289.6
132,2026-03-19 19:00:00,235,132,JFK Airport,Queens,276.6
132,2026-03-19 20:00:00,369,132,JFK Airport,Queens,300.9
132,2026-03-19 21:00:00,336,132,JFK Airport,Queens,337.3
132,2026-03-19 22:00:00,332,132,JFK Airport,Queens,307.8
132,2026-03-19 23:00:00,318,132,JFK Airport,Queens,303.9
132,2026-03-20 00:00:00,257,132,JFK Airport,Queens,262.1
132,2026-03-20 01:00:00,61,132,JFK Airport,Queens,153.7
132,2026-03-20 02:00:00,18,132,JFK Airport,Queens,25.9
132,2026-03-20 03:00:00,7,132,JFK Airport,Queens,11.5
132,2026-03-20 04:00:00,24,132,JFK Airport,Queens,8.5
132,2026-03-20 05:00:00,26,132,JFK Airport,Queens,43.3
132,2026-03-20 06:00:00,114,132,JFK Airport,Queens,84.7
132,2026-03-20 07:00:00,138,132,JFK Airport,Queens,139.2
132,2026-03-20 08:00:00,162,132,JFK Airport,Queens,143.6
132,2026-03-20 09:00:00,120,132,JFK Airport,Queens,131.9
132,2026-03-20 10:00:00,123,132,JFK Airport,Queens,129.2
132,2026-03-20 11:00:00,97,132,JFK Airport,Queens,139.0
132,2026-03-20 12:00:00,159,132,JFK Airport,Queens,124.7
132,2026-03-20 13:00:00,159,132,JFK Airport,Queens,190.6
132,2026-03-20 14:00:00,287,132,JFK Airport,Queens,223.3
132,2026-03-20 15:00:00,310,132,JFK Airport,Queens,327.7
132,2026-03-20 16:00:00,285,132,JFK Airport,Queens,337.3
132,2026-03-20 17:00:00,256,132,JFK Airport,Queens,303.0
132,2026-03-20 18:00:00,294,132,JFK Airport,Queens,267.6
132,2026-03-20 19:00:00,217,132,JFK Airport,Queens,269.7
132,2026-03-20 20:00:00,342,132,JFK Airport,Queens,291.7
132,2026-03-20 21:00:00,488,132,JFK Airport,Queens,323.6
132,2026-03-20 22:00:00,377,132,JFK Airport,Queens,374.4
132,2026-03-20 23:00:00,331,132,JFK Airport,Queens,347.4
132,2026-03-21 00:00:00,266,132,JFK Airport,Queens,251.6
132,2026-03-21 01:00:00,82,132,JFK Airport,Queens,106.3
132,2026-03-21 02:00:00,38,132,JFK Airport,Queens,49.4
132,2026-03-21 03:00:00,4,132,JFK Airport,Queens,15.6
132,2026-03-21 04:00:00,7,132,JFK Airport,Queens,10.1
132,2026-03-21 05:00:00,21,132,JFK Airport,Queens,36.4
132,2026-03-21 06:00:00,91,132,JFK Airport,Queens,71.1
132,2026-03-21 07:00:00,147,132,JFK Airport,Queens,132.0
132,2026-03-21 08:00:00,120,132,JFK Airport,Queens,146.2
132,2026-03-21 09:00:00,93,132,JFK Airport,Queens,118.2
132,2026-03-21 10:00:00,94,132,JFK Airport,Queens,114.5
132,2026-03-21 11:00:00,82,132,JFK Airport,Queens,112.7
132,2026-03-21 12:00:00,100,132,JFK Airport,Queens,118.0
132,2026-03-21 13:00:00,183,132,JFK Airport,Queens,141.0
132,2026-03-21 14:00:00,229,132,JFK Airport,Queens,247.3
132,2026-03-21 15:00:00,247,132,JFK Airport,Queens,300.5
132,2026-03-21 16:00:00,296,132,JFK Airport,Queens,273.9
132,2026-03-21 17:00:00,277,132,JFK Airport,Queens,285.3
132,2026-03-21 18:00:00,276,132,JFK Airport,Queens,270.1
132,2026-03-21 19:00:00,255,132,JFK Airport,Queens,269.9
132,2026-03-21 20:00:00,445,132,JFK Airport,Queens,301.9
132,2026-03-21 21:00:00,313,132,JFK Airport,Queens,398.2
132,2026-03-21 22:00:00,352,132,JFK Airport,Queens,360.5
132,2026-03-21 23:00:00,273,132,JFK Airport,Queens,314.7
132,2026-03-22 00:00:00,208,132,JFK Airport,Queens,196.8
132,2026-03-22 01:00:00,124,132,JFK Airport,Queens,87.7
132,2026-03-22 02:00:00,14,132,JFK Airport,Queens,35.2
132,2026-03-22 03:00:00,17,132,JFK Airport,Queens,8.1
132,2026-03-22 04:00:00,10,132,JFK Airport,Queens,12.7
132,2026-03-22 05:00:00,47,132,JFK Airport,Queens,22.9
132,2026-03-22 06:00:00,96,132,JFK Airport,Queens,95.7
132,2026-03-22 07:00:00,118,132,JFK Airport,Queens,138.4
132,2026-03-22 08:00:00,150,132,JFK Airport,Queens,119.3
132,2026-03-22 09:00:00,115,132,JFK Airport,Queens,133.0
132,2026-03-22 10:00:00,131,132,JFK Airport,Queens,124.9
132,2026-03-22 11:00:00,115,132,JFK Airport,Queens,125.3
132,2026-03-22 12:00:00,140,132,JFK Airport,Queens,143.0
132,2026-03-22 13:00:00,254,132,JFK Airport,Queens,168.3
132,2026-03-22 14:00:00,281,132,JFK Airport,Queens,289.9
132,2026-03-22 15:00:00,447,132,JFK Airport,Queens,317.7
132,2026-03-22 16:00:00,437,132,JFK Airport,Queens,388.3
132,2026-03-22 17:00:00,322,132,JFK Airport,Queens,401.6
132,2026-03-22 18:00:00,350,132,JFK Airport,Queens,353.2
132,2026-03-22 19:00:00,336,132,JFK Airport,Queens,322.0
132,2026-03-22 20:00:00,523,132,JFK Airport,Queens,376.3
132,2026-03-22 21:00:00,475,132,JFK Airport,Queens,477.4
132,2026-03-22 22:00:00,604,132,JFK Airport,Queens,502.3
132,2026-03-22 23:00:00,525,132,JFK Airport,Queens,450.5
132,2026-03-23 00:00:00,310,132,JFK Airport,Queens,344.5
132,2026-03-23 01:00:00,322,132,JFK Airport,Queens,193.0
132,2026-03-23 02:00:00,69,132,JFK Airport,Queens,157.2
132,2026-03-23 03:00:00,13,132,JFK Airport,Queens,41.7
132,2026-03-23 04:00:00,6,132,JFK Airport,Queens,21.4
132,2026-03-23 05:00:00,58,132,JFK Airport,Queens,27.9
132,2026-03-23 06:00:00,101,132,JFK Airport,Queens,114.3
132,2026-03-23 07:00:00,199,132,JFK Airport,Queens,151.9
132,2026-03-23 08:00:00,227,132,JFK Airport,Queens,190.8
132,2026-03-23 09:00:00,155,132,JFK Airport,Queens,204.9
132,2026-03-23 10:00:00,166,132,JFK Airport,Queens,162.4
132,2026-03-23 11:00:00,145,132,JFK Airport,Queens,168.3
132,2026-03-23 12:00:00,162,132,JFK Airport,Queens,166.3
132,2026-03-23 13:00:00,227,132,JFK Airport,Queens,198.5
132,2026-03-23 14:00:00,393,132,JFK Airport,Queens,289.7
132,2026-03-23 15:00:00,476,132,JFK Airport,Queens,403.9
132,2026-03-23 16:00:00,370,132,JFK Airport,Queens,436.4
132,2026-03-23 17:00:00,370,132,JFK Airport,Queens,393.4
132,2026-03-23 18:00:00,361,132,JFK Airport,Queens,384.3
132,2026-03-23 19:00:00,378,132,JFK Airport,Queens,346.4
132,2026-03-23 20:00:00,404,132,JFK Airport,Queens,369.2
132,2026-03-23 21:00:00,504,132,JFK Airport,Queens,380.2
132,2026-03-23 22:00:00,486,132,JFK Airport,Queens,436.7
132,2026-03-23 23:00:00,476,132,JFK Airport,Queens,422.4
132,2026-03-24 00:00:00,312,132,JFK Airport,Queens,367.0
132,2026-03-24 01:00:00,227,132,JFK Airport,Queens,245.3
132,2026-03-24 02:00:00,11,132,JFK Airport,Queens,92.1
132,2026-03-24 03:00:00,6,132,JFK Airport,Queens,7.6
132,2026-03-24 04:00:00,9,132,JFK Airport,Queens,8.4
132,2026-03-24 05:00:00,28,132,JFK Airport,Queens,42.1
132,2026-03-24 06:00:00,118,132,JFK Airport,Queens,98.6
132,2026-03-24 07:00:00,171,132,JFK Airport,Queens,164.2
132,2026-03-24 08:00:00,152,132,JFK Airport,Queens,185.7
132,2026-03-24 09:00:00,125,132,JFK Airport,Queens,150.3
132,2026-03-24 10:00:00,163,132,JFK Airport,Queens,114.3
132,2026-03-24 11:00:00,105,132,JFK Airport,Queens,155.8
132,2026-03-24 12:00:00,167,132,JFK Airport,Queens,146.8
132,2026-03-24 13:00:00,192,132,JFK Airport,Queens,212.6
132,2026-03-24 14:00:00,252,132,JFK Airport,Queens,290.8
132,2026-03-24 15:00:00,312,132,JFK Airport,Queens,356.6
132,2026-03-24 16:00:00,342,132,JFK Airport,Queens,328.7
132,2026-03-24 17:00:00,291,132,JFK Airport,Queens,345.1
132,2026-03-24 18:00:00,337,132,JFK Airport,Queens,303.9
132,2026-03-24 19:00:00,327,132,JFK Airport,Queens,309.5
132,2026-03-24 20:00:00,349,132,JFK Airport,Queens,345.0
132,2026-03-24 21:00:00,461,132,JFK Airport,Queens,351.3
132,2026-03-24 22:00:00,395,132,JFK Airport,Queens,393.9
132,2026-03-24 23:00:00,327,132,JFK Airport,Queens,340.2
132,2026-03-25 00:00:00,230,132,JFK Airport,Queens,294.5
132,2026-03-25 01:00:00,106,132,JFK Airport,Queens,156.4
132,2026-03-25 02:00:00,16,132,JFK Airport,Queens,43.8
132,2026-03-25 03:00:00,14,132,JFK Airport,Queens,19.8
132,2026-03-25 04:00:00,11,132,JFK Airport,Queens,17.2
132,2026-03-25 05:00:00,64,132,JFK Airport,Queens,44.9
132,2026-03-25 06:00:00,119,132,JFK Airport,Queens,89.0
132,2026-03-25 07:00:00,139,132,JFK Airport,Queens,157.9
132,2026-03-25 08:00:00,152,132,JFK Airport,Queens,142.9
132,2026-03-25 09:00:00,91,132,JFK Airport,Queens,146.1
132,2026-03-25 10:00:00,105,132,JFK Airport,Queens,112.9
132,2026-03-25 11:00:00,111,132,JFK Airport,Queens,128.3
132,2026-03-25 12:00:00,122,132,JFK Airport,Queens,135.8
132,2026-03-25 13:00:00,181,132,JFK Airport,Queens,165.7
132,2026-03-25 14:00:00,283,132,JFK Airport,Queens,256.5
132,2026-03-25 15:00:00,372,132,JFK Airport,Queens,323.8
132,2026-03-25 16:00:00,366,132,JFK Airport,Queens,367.4
132,2026-03-25 17:00:00,314,132,JFK Airport,Queens,333.6
132,2026-03-25 18:00:00,279,132,JFK Airport,Queens,304.1
132,2026-03-25 19:00:00,293,132,JFK Airport,Queens,309.5
132,2026-03-25 20:00:00,451,132,JFK Airport,Queens,338.5
132,2026-03-25 21:00:00,378,132,JFK Airport,Queens,411.9
132,2026-03-25 22:00:00,380,132,JFK Airport,Queens,354.3
132,2026-03-25 23:00:00,280,132,JFK Airport,Queens,330.5
132,2026-03-26 00:00:00,153,132,JFK Airport,Queens,197.9
132,2026-03-26 01:00:00,133,132,JFK Airport,Queens,97.2
132,2026-03-26 02:00:00,37,132,JFK Airport,Queens,39.7
132,2026-03-26 03:00:00,17,132,JFK Airport,Queens,15.1
132,2026-03-26 04:00:00,13,132,JFK Airport,Queens,12.0
132,2026-03-26 05:00:00,39,132,JFK Airport,Queens,32.7
132,2026-03-26 06:00:00,96,132,JFK Airport,Queens,93.7
132,2026-03-26 07:00:00,140,132,JFK Airport,Queens,145.5
132,2026-03-26 08:00:00,92,132,JFK Airport,Queens,141.8
132,2026-03-26 09:00:00,90,132,JFK Airport,Queens,106.2
132,2026-03-26 10:00:00,97,132,JFK Airport,Queens,109.4
132,2026-03-26 11:00:00,110,132,JFK Airport,Queens,122.9
132,2026-03-26 12:00:00,90,132,JFK Airport,Queens,136.2
132,2026-03-26 13:00:00,201,132,JFK Airport,Queens,138.9
132,2026-03-26 14:00:00,243,132,JFK Airport,Queens,279.0
132,2026-03-26 15:00:00,391,132,JFK Airport,Queens,324.1
132,2026-03-26 16:00:00,411,132,JFK Airport,Queens,370.8
132,2026-03-26 17:00:00,342,132,JFK Airport,Queens,337.9
132,2026-03-26 18:00:00,286,132,JFK Airport,Queens,312.2
132,2026-03-26 19:00:00,284,132,JFK Airport,Queens,295.4
132,2026-03-26 20:00:00,364,132,JFK Airport,Queens,351.8
132,2026-03-26 21:00:00,297,132,JFK Airport,Queens,352.1
132,2026-03-26 22:00:00,368,132,JFK Airport,Queens,328.6
132,2026-03-26 23:00:00,357,132,JFK Airport,Queens,318.6
132,2026-03-27 00:00:00,268,132,JFK Airport,Queens,226.8
132,2026-03-27 01:00:00,196,132,JFK Airport,Queens,120.1
132,2026-03-27 02:00:00,72,132,JFK Airport,Queens,69.4
132,2026-03-27 03:00:00,6,132,JFK Airport,Queens,24.9
132,2026-03-27 04:00:00,4,132,JFK Airport,Queens,15.8
132,2026-03-27 05:00:00,39,132,JFK Airport,Queens,30.6
132,2026-03-27 06:00:00,90,132,JFK Airport,Queens,97.6
132,2026-03-27 07:00:00,165,132,JFK Airport,Queens,141.8
132,2026-03-27 08:00:00,184,132,JFK Airport,Queens,150.5
132,2026-03-27 09:00:00,100,132,JFK Airport,Queens,149.9
132,2026-03-27 10:00:00,107,132,JFK Airport,Queens,122.8
132,2026-03-27 11:00:00,83,132,JFK Airport,Queens,118.6
132,2026-03-27 12:00:00,134,132,JFK Airport,Queens,112.6
132,2026-03-27 13:00:00,236,132,JFK Airport,Queens,172.7
132,2026-03-27 14:00:00,244,132,JFK Airport,Queens,280.2
132,2026-03-27 15:00:00,428,132,JFK Airport,Queens,336.5
132,2026-03-27 16:00:00,335,132,JFK Airport,Queens,394.4
132,2026-03-27 17:00:00,352,132,JFK Airport,Queens,322.1
132,2026-03-27 18:00:00,353,132,JFK Airport,Queens,330.7
132,2026-03-27 19:00:00,341,132,JFK Airport,Queens,307.7
132,2026-03-27 20:00:00,345,132,JFK Airport,Queens,347.5
132,2026-03-27 21:00:00,401,132,JFK Airport,Queens,361.5
132,2026-03-27 22:00:00,426,132,JFK Airport,Queens,357.8
132,2026-03-27 23:00:00,297,132,JFK Airport,Queens,355.0
132,2026-03-28 00:00:00,172,132,JFK Airport,Queens,263.0
132,2026-03-28 01:00:00,72,132,JFK Airport,Queens,108.1
132,2026-03-28 02:00:00,22,132,JFK Airport,Queens,44.8
132,2026-03-28 03:00:00,9,132,JFK Airport,Queens,11.6
132,2026-03-28 04:00:00,5,132,JFK Airport,Queens,8.9
132,2026-03-28 05:00:00,44,132,JFK Airport,Queens,26.3
132,2026-03-28 06:00:00,100,132,JFK Airport,Queens,92.0
132,2026-03-28 07:00:00,136,132,JFK Airport,Queens,152.0
132,2026-03-28 08:00:00,113,132,JFK Airport,Queens,143.7
132,2026-03-28 09:00:00,82,132,JFK Airport,Queens,114.1
132,2026-03-28 10:00:00,91,132,JFK Airport,Queens,105.5
132,2026-03-28 11:00:00,104,132,JFK Airport,Queens,103.7
132,2026-03-28 12:00:00,125,132,JFK Airport,Queens,127.1
132,2026-03-28 13:00:00,165,132,JFK Airport,Queens,177.0
132,2026-03-28 14:00:00,269,132,JFK Airport,Queens,228.5
132,2026-03-28 15:00:00,253,132,JFK Airport,Queens,316.7
132,2026-03-28 16:00:00,344,132,JFK Airport,Queens,314.7
132,2026-03-28 17:00:00,307,132,JFK Airport,Queens,332.1
132,2026-03-28 18:00:00,290,132,JFK Airport,Queens,312.0
132,2026-03-28 19:00:00,293,132,JFK Airport,Queens,296.8
132,2026-03-28 20:00:00,357,132,JFK Airport,Queens,334.5
132,2026-03-28 21:00:00,402,132,JFK Airport,Queens,331.2
132,2026-03-28 22:00:00,426,132,JFK Airport,Queens,359.8
132,2026-03-28 23:00:00,313,132,JFK Airport,Queens,334.2
132,2026-03-29 00:00:00,212,132,JFK Airport,Queens,230.0
132,2026-03-29 01:00:00,89,132,JFK Airport,Queens,97.9
132,2026-03-29 02:00:00,22,132,JFK Airport,Queens,24.2
132,2026-03-29 03:00:00,33,132,JFK Airport,Queens,12.8
132,2026-03-29 04:00:00,14,132,JFK Airport,Queens,15.2
132,2026-03-29 05:00:00,26,132,JFK Airport,Queens,43.6
132,2026-03-29 06:00:00,115,132,JFK Airport,Queens,87.3
132,2026-03-29 07:00:00,130,132,JFK Airport,Queens,136.2
132,2026-03-29 08:00:00,126,132,JFK Airport,Queens,137.6
132,2026-03-29 09:00:00,67,132,JFK Airport,Queens,121.4
132,2026-03-29 10:00:00,150,132,JFK Airport,Queens,94.6
132,2026-03-29 11:00:00,180,132,JFK Airport,Queens,149.8
132,2026-03-29 12:00:00,184,132,JFK Airport,Queens,182.3
132,2026-03-29 13:00:00,246,132,JFK Airport,Queens,221.3
132,2026-03-29 14:00:00,368,132,JFK Airport,Queens,295.8
132,2026-03-29 15:00:00,425,132,JFK Airport,Queens,404.6
132,2026-03-29 16:00:00,403,132,JFK Airport,Queens,437.5
132,2026-03-29 17:00:00,376,132,JFK Airport,Queens,380.8
132,2026-03-29 18:00:00,289,132,JFK Airport,Queens,363.1
132,2026-03-29 19:00:00,496,132,JFK Airport,Queens,337.7
132,2026-03-29 20:00:00,417,132,JFK Airport,Queens,471.3
132,2026-03-29 21:00:00,479,132,JFK Airport,Queens,446.8
132,2026-03-29 22:00:00,559,132,JFK Airport,Queens,492.2
132,2026-03-29 23:00:00,556,132,JFK Airport,Queens,512.6
132,2026-03-30 00:00:00,263,132,JFK Airport,Queens,375.7
132,2026-03-30 01:00:00,138,132,JFK Airport,Queens,181.1
132,2026-03-30 02:00:00,17,132,JFK Airport,Queens,49.1
132,2026-03-30 03:00:00,14,132,JFK Airport,Queens,14.7
132,2026-03-30 04:00:00,32,132,JFK Airport,Queens,11.9
132,2026-03-30 05:00:00,51,132,JFK Airport,Queens,54.1
132,2026-03-30 06:00:00,127,132,JFK Airport,Queens,115.3
132,2026-03-30 07:00:00,172,132,JFK Airport,Queens,162.3
132,2026-03-30 08:00:00,97,132,JFK Airport,Queens,174.6
132,2026-03-30 09:00:00,98,132,JFK Airport,Queens,121.5
132,2026-03-30 10:00:00,110,132,JFK Airport,Queens,134.6
132,2026-03-30 11:00:00,151,132,JFK Airport,Queens,142.3
132,2026-03-30 12:00:00,182,132,JFK Airport,Queens,170.4
132,2026-03-30 13:00:00,222,132,JFK Airport,Queens,229.6
132,2026-03-30 14:00:00,271,132,JFK Airport,Queens,326.0
132,2026-03-30 15:00:00,344,132,JFK Airport,Queens,369.9
132,2026-03-30 16:00:00,382,132,JFK Airport,Queens,382.8
132,2026-03-30 17:00:00,341,132,JFK Airport,Queens,382.6
132,2026-03-30 18:00:00,268,132,JFK Airport,Queens,324.6
132,2026-03-30 19:00:00,383,132,JFK Airport,Queens,330.8
132,2026-03-30 20:00:00,387,132,JFK Airport,Queens,372.7
132,2026-03-30 21:00:00,401,132,JFK Airport,Queens,403.2
132,2026-03-30 22:00:00,384,132,JFK Airport,Queens,425.0
132,2026-03-30 23:00:00,360,132,JFK Airport,Queens,399.9
132,2026-03-31 00:00:00,278,132,JFK Airport,Queens,274.2
132,2026-03-31 01:00:00,97,132,JFK Airport,Queens,154.3
132,2026-03-31 02:00:00,29,132,JFK Airport,Queens,23.4
132,2026-03-31 03:00:00,6,132,JFK Airport,Queens,13.5
132,2026-03-31 04:00:00,9,132,JFK Airport,Queens,12.5
132,2026-03-31 05:00:00,27,132,JFK Airport,Queens,33.7
132,2026-03-31 06:00:00,110,132,JFK Airport,Queens,96.6
132,2026-03-31 07:00:00,163,132,JFK Airport,Queens,173.5
132,2026-03-31 08:00:00,95,132,JFK Airport,Queens,150.1
132,2026-03-31 09:00:00,69,132,JFK Airport,Queens,119.6
132,2026-03-31 10:00:00,82,132,JFK Airport,Queens,100.6
132,2026-03-31 11:00:00,125,132,JFK Airport,Queens,120.8
132,2026-03-31 12:00:00,142,132,JFK Airport,Queens,158.0
132,2026-03-31 13:00:00,191,132,JFK Airport,Queens,191.0
132,2026-03-31 14:00:00,232,132,JFK Airport,Queens,263.2
132,2026-03-31 15:00:00,287,132,JFK Airport,Queens,309.3
132,2026-03-31 16:00:00,375,132,JFK Airport,Queens,334.7
132,2026-03-31 17:00:00,311,132,JFK Airport,Queens,335.5
132,2026-03-31 18:00:00,316,132,JFK Airport,Queens,301.8
132,2026-03-31 19:00:00,334,132,JFK Airport,Queens,331.4
132,2026-03-31 20:00:00,293,132,JFK Airport,Queens,337.9
132,2026-03-31 21:00:00,320,132,JFK Airport,Queens,351.7
132,2026-03-31 22:00:00,299,132,JFK Airport,Queens,320.5
132,2026-03-31 23:00:00,313,132,JFK Airport,Queens,287.5
142,2026-03-01 00:00:00,128,142,Lincoln Square East,Manhattan,113.8
142,2026-03-01 01:00:00,36,142,Lincoln Square East,Manhattan,53.2
142,2026-03-01 02:00:00,18,142,Lincoln Square East,Manhattan,14.7
142,2026-03-01 03:00:00,11,142,Lincoln Square East,Manhattan,9.0
142,2026-03-01 04:00:00,9,142,Lincoln Square East,Manhattan,6.9
142,2026-03-01 05:00:00,10,142,Lincoln Square East,Manhattan,15.6
142,2026-03-01 06:00:00,9,142,Lincoln Square East,Manhattan,21.8
142,2026-03-01 07:00:00,33,142,Lincoln Square East,Manhattan,34.3
142,2026-03-01 08:00:00,62,142,Lincoln Square East,Manhattan,58.2
142,2026-03-01 09:00:00,87,142,Lincoln Square East,Manhattan,96.9
142,2026-03-01 10:00:00,136,142,Lincoln Square East,Manhattan,122.6
142,2026-03-01 11:00:00,158,142,Lincoln Square East,Manhattan,156.2
142,2026-03-01 12:00:00,180,142,Lincoln Square East,Manhattan,164.0
142,2026-03-01 13:00:00,176,142,Lincoln Square East,Manhattan,180.6
142,2026-03-01 14:00:00,158,142,Lincoln Square East,Manhattan,174.6
142,2026-03-01 15:00:00,157,142,Lincoln Square East,Manhattan,156.7
142,2026-03-01 16:00:00,265,142,Lincoln Square East,Manhattan,172.5
142,2026-03-01 17:00:00,260,142,Lincoln Square East,Manhattan,230.0
142,2026-03-01 18:00:00,261,142,Lincoln Square East,Manhattan,244.9
142,2026-03-01 19:00:00,171,142,Lincoln Square East,Manhattan,232.6
142,2026-03-01 20:00:00,114,142,Lincoln Square East,Manhattan,121.2
142,2026-03-01 21:00:00,144,142,Lincoln Square East,Manhattan,72.7
142,2026-03-01 22:00:00,67,142,Lincoln Square East,Manhattan,69.1
142,2026-03-01 23:00:00,32,142,Lincoln Square East,Manhattan,23.8
142,2026-03-02 00:00:00,16,142,Lincoln Square East,Manhattan,15.6
142,2026-03-02 01:00:00,4,142,Lincoln Square East,Manhattan,9.5
142,2026-03-02 03:00:00,6,142,Lincoln Square East,Manhattan,4.4
142,2026-03-02 04:00:00,9,142,Lincoln Square East,Manhattan,4.8
142,2026-03-02 05:00:00,26,142,Lincoln Square East,Manhattan,10.6
142,2026-03-02 06:00:00,52,142,Lincoln Square East,Manhattan,31.4
142,2026-03-02 07:00:00,107,142,Lincoln Square East,Manhattan,64.0
142,2026-03-02 08:00:00,175,142,Lincoln Square East,Manhattan,101.6
142,2026-03-02 09:00:00,157,142,Lincoln Square East,Manhattan,122.0
142,2026-03-02 10:00:00,176,142,Lincoln Square East,Manhattan,103.9
142,2026-03-02 11:00:00,198,142,Lincoln Square East,Manhattan,117.8
142,2026-03-02 12:00:00,194,142,Lincoln Square East,Manhattan,177.2
142,2026-03-02 13:00:00,161,142,Lincoln Square East,Manhattan,163.7
142,2026-03-02 14:00:00,158,142,Lincoln Square East,Manhattan,115.2
142,2026-03-02 15:00:00,201,142,Lincoln Square East,Manhattan,116.1
142,2026-03-02 16:00:00,191,142,Lincoln Square East,Manhattan,194.2
142,2026-03-02 17:00:00,192,142,Lincoln Square East,Manhattan,185.2
142,2026-03-02 18:00:00,239,142,Lincoln Square East,Manhattan,182.1
142,2026-03-02 19:00:00,241,142,Lincoln Square East,Manhattan,190.5
142,2026-03-02 20:00:00,272,142,Lincoln Square East,Manhattan,198.9
142,2026-03-02 21:00:00,196,142,Lincoln Square East,Manhattan,251.3
142,2026-03-02 22:00:00,120,142,Lincoln Square East,Manhattan,123.5
142,2026-03-02 23:00:00,40,142,Lincoln Square East,Manhattan,45.4
142,2026-03-03 00:00:00,18,142,Lincoln Square East,Manhattan,14.4
142,2026-03-03 01:00:00,11,142,Lincoln Square East,Manhattan,6.8
142,2026-03-03 02:00:00,2,142,Lincoln Square East,Manhattan,5.3
142,2026-03-03 03:00:00,1,142,Lincoln Square East,Manhattan,4.7
142,2026-03-03 04:00:00,8,142,Lincoln Square East,Manhattan,6.1
142,2026-03-03 05:00:00,8,142,Lincoln Square East,Manhattan,13.9
142,2026-03-03 06:00:00,35,142,Lincoln Square East,Manhattan,41.7
142,2026-03-03 07:00:00,124,142,Lincoln Square East,Manhattan,96.4
142,2026-03-03 08:00:00,207,142,Lincoln Square East,Manhattan,184.6
142,2026-03-03 09:00:00,203,142,Lincoln Square East,Manhattan,187.1
142,2026-03-03 10:00:00,200,142,Lincoln Square East,Manhattan,193.3
142,2026-03-03 11:00:00,187,142,Lincoln Square East,Manhattan,197.2
142,2026-03-03 12:00:00,206,142,Lincoln Square East,Manhattan,183.1
142,2026-03-03 13:00:00,217,142,Lincoln Square East,Manhattan,193.1
142,2026-03-03 14:00:00,201,142,Lincoln Square East,Manhattan,202.0
142,2026-03-03 15:00:00,234,142,Lincoln Square East,Manhattan,217.8
142,2026-03-03 16:00:00,202,142,Lincoln Square East,Manhattan,214.7
142,2026-03-03 17:00:00,205,142,Lincoln Square East,Manhattan,224.5
142,2026-03-03 18:00:00,277,142,Lincoln Square East,Manhattan,236.2
142,2026-03-03 19:00:00,205,142,Lincoln Square East,Manhattan,233.4
142,2026-03-03 20:00:00,276,142,Lincoln Square East,Manhattan,211.5
142,2026-03-03 21:00:00,397,142,Lincoln Square East,Manhattan,338.3
142,2026-03-03 22:00:00,249,142,Lincoln Square East,Manhattan,259.3
142,2026-03-03 23:00:00,50,142,Lincoln Square East,Manhattan,115.4
142,2026-03-04 00:00:00,27,142,Lincoln Square East,Manhattan,15.8
142,2026-03-04 01:00:00,5,142,Lincoln Square East,Manhattan,9.8
142,2026-03-04 02:00:00,1,142,Lincoln Square East,Manhattan,4.6
142,2026-03-04 04:00:00,5,142,Lincoln Square East,Manhattan,6.8
142,2026-03-04 05:00:00,11,142,Lincoln Square East,Manhattan,17.8
142,2026-03-04 06:00:00,38,142,Lincoln Square East,Manhattan,39.9
142,2026-03-04 07:00:00,120,142,Lincoln Square East,Manhattan,107.5
142,2026-03-04 08:00:00,196,142,Lincoln Square East,Manhattan,200.7
142,2026-03-04 09:00:00,180,142,Lincoln Square East,Manhattan,193.0
142,2026-03-04 10:00:00,165,142,Lincoln Square East,Manhattan,189.1
142,2026-03-04 11:00:00,165,142,Lincoln Square East,Manhattan,176.2
142,2026-03-04 12:00:00,174,142,Lincoln Square East,Manhattan,187.4
142,2026-03-04 13:00:00,144,142,Lincoln Square East,Manhattan,186.6
142,2026-03-04 14:00:00,222,142,Lincoln Square East,Manhattan,177.8
142,2026-03-04 15:00:00,195,142,Lincoln Square East,Manhattan,221.6
142,2026-03-04 16:00:00,190,142,Lincoln Square East,Manhattan,200.0
142,2026-03-04 17:00:00,245,142,Lincoln Square East,Manhattan,217.9
142,2026-03-04 18:00:00,238,142,Lincoln Square East,Manhattan,262.9
142,2026-03-04 19:00:00,207,142,Lincoln Square East,Manhattan,211.0
142,2026-03-04 20:00:00,230,142,Lincoln Square East,Manhattan,233.0
142,2026-03-04 21:00:00,238,142,Lincoln Square East,Manhattan,344.1
142,2026-03-04 22:00:00,174,142,Lincoln Square East,Manhattan,252.3
142,2026-03-04 23:00:00,124,142,Lincoln Square East,Manhattan,121.7
142,2026-03-05 00:00:00,30,142,Lincoln Square East,Manhattan,51.1
142,2026-03-05 01:00:00,7,142,Lincoln Square East,Manhattan,11.3
142,2026-03-05 02:00:00,4,142,Lincoln Square East,Manhattan,5.0
142,2026-03-05 03:00:00,7,142,Lincoln Square East,Manhattan,4.8
142,2026-03-05 04:00:00,4,142,Lincoln Square East,Manhattan,6.3
142,2026-03-05 05:00:00,19,142,Lincoln Square East,Manhattan,17.3
142,2026-03-05 06:00:00,52,142,Lincoln Square East,Manhattan,41.7
142,2026-03-05 07:00:00,170,142,Lincoln Square East,Manhattan,121.5
142,2026-03-05 08:00:00,209,142,Lincoln Square East,Manhattan,198.8
142,2026-03-05 09:00:00,189,142,Lincoln Square East,Manhattan,195.0
142,2026-03-05 10:00:00,211,142,Lincoln Square East,Manhattan,181.6
142,2026-03-05 11:00:00,171,142,Lincoln Square East,Manhattan,197.3
142,2026-03-05 12:00:00,200,142,Lincoln Square East,Manhattan,189.8
142,2026-03-05 13:00:00,176,142,Lincoln Square East,Manhattan,192.5
142,2026-03-05 14:00:00,213,142,Lincoln Square East,Manhattan,198.5
142,2026-03-05 15:00:00,211,142,Lincoln Square East,Manhattan,210.4
142,2026-03-05 16:00:00,214,142,Lincoln Square East,Manhattan,198.7
142,2026-03-05 17:00:00,235,142,Lincoln Square East,Manhattan,229.9
142,2026-03-05 18:00:00,290,142,Lincoln Square East,Manhattan,240.6
142,2026-03-05 19:00:00,332,142,Lincoln Square East,Manhattan,237.7
142,2026-03-05 20:00:00,333,142,Lincoln Square East,Manhattan,285.9
142,2026-03-05 21:00:00,426,142,Lincoln Square East,Manhattan,382.3
142,2026-03-05 22:00:00,394,142,Lincoln Square East,Manhattan,312.2
142,2026-03-05 23:00:00,159,142,Lincoln Square East,Manhattan,171.0
142,2026-03-06 00:00:00,64,142,Lincoln Square East,Manhattan,52.0
142,2026-03-06 01:00:00,15,142,Lincoln Square East,Manhattan,19.7
142,2026-03-06 02:00:00,10,142,Lincoln Square East,Manhattan,7.5
142,2026-03-06 03:00:00,7,142,Lincoln Square East,Manhattan,6.8
142,2026-03-06 04:00:00,6,142,Lincoln Square East,Manhattan,7.4
142,2026-03-06 05:00:00,16,142,Lincoln Square East,Manhattan,14.6
142,2026-03-06 06:00:00,51,142,Lincoln Square East,Manhattan,43.3
142,2026-03-06 07:00:00,116,142,Lincoln Square East,Manhattan,119.3
142,2026-03-06 08:00:00,170,142,Lincoln Square East,Manhattan,160.8
142,2026-03-06 09:00:00,148,142,Lincoln Square East,Manhattan,166.8
142,2026-03-06 10:00:00,180,142,Lincoln Square East,Manhattan,162.3
142,2026-03-06 11:00:00,172,142,Lincoln Square East,Manhattan,182.7
142,2026-03-06 12:00:00,184,142,Lincoln Square East,Manhattan,195.8
142,2026-03-06 13:00:00,177,142,Lincoln Square East,Manhattan,189.8
142,2026-03-06 14:00:00,205,142,Lincoln Square East,Manhattan,203.7
142,2026-03-06 15:00:00,251,142,Lincoln Square East,Manhattan,204.5
142,2026-03-06 16:00:00,223,142,Lincoln Square East,Manhattan,236.4
142,2026-03-06 17:00:00,239,142,Lincoln Square East,Manhattan,243.1
142,2026-03-06 18:00:00,288,142,Lincoln Square East,Manhattan,257.6
142,2026-03-06 19:00:00,214,142,Lincoln Square East,Manhattan,256.7
142,2026-03-06 20:00:00,212,142,Lincoln Square East,Manhattan,220.7
142,2026-03-06 21:00:00,265,142,Lincoln Square East,Manhattan,329.5
142,2026-03-06 22:00:00,323,142,Lincoln Square East,Manhattan,345.0
142,2026-03-06 23:00:00,154,142,Lincoln Square East,Manhattan,207.3
142,2026-03-07 00:00:00,72,142,Lincoln Square East,Manhattan,81.4
142,2026-03-07 01:00:00,31,142,Lincoln Square East,Manhattan,32.2
142,2026-03-07 02:00:00,8,142,Lincoln Square East,Manhattan,14.0
142,2026-03-07 03:00:00,9,142,Lincoln Square East,Manhattan,6.2
142,2026-03-07 04:00:00,12,142,Lincoln Square East,Manhattan,7.2
142,2026-03-07 05:00:00,11,142,Lincoln Square East,Manhattan,11.7
142,2026-03-07 06:00:00,25,142,Lincoln Square East,Manhattan,20.4
142,2026-03-07 07:00:00,26,142,Lincoln Square East,Manhattan,43.6
142,2026-03-07 08:00:00,65,142,Lincoln Square East,Manhattan,63.6
142,2026-03-07 09:00:00,87,142,Lincoln Square East,Manhattan,101.0
142,2026-03-07 10:00:00,133,142,Lincoln Square East,Manhattan,132.8
142,2026-03-07 11:00:00,130,142,Lincoln Square East,Manhattan,154.4
142,2026-03-07 12:00:00,180,142,Lincoln Square East,Manhattan,163.5
142,2026-03-07 13:00:00,169,142,Lincoln Square East,Manhattan,184.4
142,2026-03-07 14:00:00,225,142,Lincoln Square East,Manhattan,181.0
142,2026-03-07 15:00:00,194,142,Lincoln Square East,Manhattan,216.7
142,2026-03-07 16:00:00,213,142,Lincoln Square East,Manhattan,229.8
142,2026-03-07 17:00:00,243,142,Lincoln Square East,Manhattan,230.1
142,2026-03-07 18:00:00,274,142,Lincoln Square East,Manhattan,256.2
142,2026-03-07 19:00:00,225,142,Lincoln Square East,Manhattan,256.0
142,2026-03-07 20:00:00,245,142,Lincoln Square East,Manhattan,222.7
142,2026-03-07 21:00:00,321,142,Lincoln Square East,Manhattan,368.3
142,2026-03-07 22:00:00,258,142,Lincoln Square East,Manhattan,322.8
142,2026-03-07 23:00:00,231,142,Lincoln Square East,Manhattan,221.0
142,2026-03-08 00:00:00,74,142,Lincoln Square East,Manhattan,104.3
142,2026-03-08 01:00:00,29,142,Lincoln Square East,Manhattan,34.6
142,2026-03-08 03:00:00,23,142,Lincoln Square East,Manhattan,6.7
142,2026-03-08 04:00:00,15,142,Lincoln Square East,Manhattan,12.5
142,2026-03-08 05:00:00,19,142,Lincoln Square East,Manhattan,13.6
142,2026-03-08 06:00:00,20,142,Lincoln Square East,Manhattan,20.1
142,2026-03-08 07:00:00,27,142,Lincoln Square East,Manhattan,27.8
142,2026-03-08 08:00:00,50,142,Lincoln Square East,Manhattan,55.6
142,2026-03-08 09:00:00,81,142,Lincoln Square East,Manhattan,79.6
142,2026-03-08 10:00:00,135,142,Lincoln Square East,Manhattan,113.1
142,2026-03-08 11:00:00,138,142,Lincoln Square East,Manhattan,153.9
142,2026-03-08 12:00:00,166,142,Lincoln Square East,Manhattan,167.2
142,2026-03-08 13:00:00,157,142,Lincoln Square East,Manhattan,174.9
142,2026-03-08 14:00:00,165,142,Lincoln Square East,Manhattan,172.2
142,2026-03-08 15:00:00,171,142,Lincoln Square East,Manhattan,173.1
142,2026-03-08 16:00:00,231,142,Lincoln Square East,Manhattan,203.0
142,2026-03-08 17:00:00,176,142,Lincoln Square East,Manhattan,235.7
142,2026-03-08 18:00:00,206,142,Lincoln Square East,Manhattan,210.5
142,2026-03-08 19:00:00,195,142,Lincoln Square East,Manhattan,168.8
142,2026-03-08 20:00:00,136,142,Lincoln Square East,Manhattan,167.9
142,2026-03-08 21:00:00,120,142,Lincoln Square East,Manhattan,140.9
142,2026-03-08 22:00:00,99,142,Lincoln Square East,Manhattan,79.4
142,2026-03-08 23:00:00,27,142,Lincoln Square East,Manhattan,40.2
142,2026-03-09 00:00:00,21,142,Lincoln Square East,Manhattan,14.5
142,2026-03-09 01:00:00,5,142,Lincoln Square East,Manhattan,9.2
142,2026-03-09 02:00:00,4,142,Lincoln Square East,Manhattan,3.6
142,2026-03-09 03:00:00,3,142,Lincoln Square East,Manhattan,5.1
142,2026-03-09 04:00:00,1,142,Lincoln Square East,Manhattan,5.3
142,2026-03-09 05:00:00,17,142,Lincoln Square East,Manhattan,17.3
142,2026-03-09 06:00:00,32,142,Lincoln Square East,Manhattan,43.5
142,2026-03-09 07:00:00,125,142,Lincoln Square East,Manhattan,82.1
142,2026-03-09 08:00:00,166,142,Lincoln Square East,Manhattan,154.9
142,2026-03-09 09:00:00,144,142,Lincoln Square East,Manhattan,158.6
142,2026-03-09 10:00:00,134,142,Lincoln Square East,Manhattan,151.5
142,2026-03-09 11:00:00,137,142,Lincoln Square East,Manhattan,152.5
142,2026-03-09 12:00:00,160,142,Lincoln Square East,Manhattan,160.0
142,2026-03-09 13:00:00,143,142,Lincoln Square East,Manhattan,163.7
142,2026-03-09 14:00:00,161,142,Lincoln Square East,Manhattan,156.9
142,2026-03-09 15:00:00,183,142,Lincoln Square East,Manhattan,176.5
142,2026-03-09 16:00:00,157,142,Lincoln Square East,Manhattan,190.0
142,2026-03-09 17:00:00,173,142,Lincoln Square East,Manhattan,180.9
142,2026-03-09 18:00:00,182,142,Lincoln Square East,Manhattan,205.4
142,2026-03-09 19:00:00,155,142,Lincoln Square East,Manhattan,183.0
142,2026-03-09 20:00:00,147,142,Lincoln Square East,Manhattan,172.0
142,2026-03-09 21:00:00,187,142,Lincoln Square East,Manhattan,176.1
142,2026-03-09 22:00:00,150,142,Lincoln Square East,Manhattan,149.7
142,2026-03-09 23:00:00,195,142,Lincoln Square East,Manhattan,62.1
142,2026-03-10 00:00:00,111,142,Lincoln Square East,Manhattan,80.5
142,2026-03-10 01:00:00,43,142,Lincoln Square East,Manhattan,29.7
142,2026-03-10 02:00:00,2,142,Lincoln Square East,Manhattan,12.0
142,2026-03-10 03:00:00,3,142,Lincoln Square East,Manhattan,4.5
142,2026-03-10 04:00:00,9,142,Lincoln Square East,Manhattan,5.9
142,2026-03-10 05:00:00,14,142,Lincoln Square East,Manhattan,12.9
142,2026-03-10 06:00:00,36,142,Lincoln Square East,Manhattan,36.9
142,2026-03-10 07:00:00,133,142,Lincoln Square East,Manhattan,94.7
142,2026-03-10 08:00:00,182,142,Lincoln Square East,Manhattan,185.5
142,2026-03-10 09:00:00,170,142,Lincoln Square East,Manhattan,186.0
142,2026-03-10 10:00:00,165,142,Lincoln Square East,Manhattan,179.1
142,2026-03-10 11:00:00,164,142,Lincoln Square East,Manhattan,174.8
142,2026-03-10 12:00:00,155,142,Lincoln Square East,Manhattan,181.1
142,2026-03-10 13:00:00,175,142,Lincoln Square East,Manhattan,175.7
142,2026-03-10 14:00:00,186,142,Lincoln Square East,Manhattan,187.8
142,2026-03-10 15:00:00,211,142,Lincoln Square East,Manhattan,199.3
142,2026-03-10 16:00:00,160,142,Lincoln Square East,Manhattan,203.7
142,2026-03-10 17:00:00,192,142,Lincoln Square East,Manhattan,197.4
142,2026-03-10 18:00:00,217,142,Lincoln Square East,Manhattan,218.6
142,2026-03-10 19:00:00,216,142,Lincoln Square East,Manhattan,190.0
142,2026-03-10 20:00:00,272,142,Lincoln Square East,Manhattan,234.6
142,2026-03-10 21:00:00,342,142,Lincoln Square East,Manhattan,344.7
142,2026-03-10 22:00:00,407,142,Lincoln Square East,Manhattan,269.7
142,2026-03-10 23:00:00,110,142,Lincoln Square East,Manhattan,149.8
142,2026-03-11 00:00:00,20,142,Lincoln Square East,Manhattan,43.2
142,2026-03-11 01:00:00,4,142,Lincoln Square East,Manhattan,11.7
142,2026-03-11 02:00:00,4,142,Lincoln Square East,Manhattan,4.7
142,2026-03-11 03:00:00,8,142,Lincoln Square East,Manhattan,4.7
142,2026-03-11 04:00:00,2,142,Lincoln Square East,Manhattan,6.5
142,2026-03-11 05:00:00,14,142,Lincoln Square East,Manhattan,12.9
142,2026-03-11 06:00:00,41,142,Lincoln Square East,Manhattan,38.0
142,2026-03-11 07:00:00,112,142,Lincoln Square East,Manhattan,120.4
142,2026-03-11 08:00:00,198,142,Lincoln Square East,Manhattan,175.3
142,2026-03-11 09:00:00,155,142,Lincoln Square East,Manhattan,190.4
142,2026-03-11 10:00:00,174,142,Lincoln Square East,Manhattan,167.1
142,2026-03-11 11:00:00,172,142,Lincoln Square East,Manhattan,176.1
142,2026-03-11 12:00:00,198,142,Lincoln Square East,Manhattan,175.7
142,2026-03-11 13:00:00,187,142,Lincoln Square East,Manhattan,190.1
142,2026-03-11 14:00:00,176,142,Lincoln Square East,Manhattan,198.6
142,2026-03-11 15:00:00,186,142,Lincoln Square East,Manhattan,196.5
142,2026-03-11 16:00:00,195,142,Lincoln Square East,Manhattan,187.4
142,2026-03-11 17:00:00,230,142,Lincoln Square East,Manhattan,223.4
142,2026-03-11 18:00:00,249,142,Lincoln Square East,Manhattan,237.0
142,2026-03-11 19:00:00,206,142,Lincoln Square East,Manhattan,222.5
142,2026-03-11 20:00:00,262,142,Lincoln Square East,Manhattan,231.2
142,2026-03-11 21:00:00,299,142,Lincoln Square East,Manhattan,320.9
142,2026-03-11 22:00:00,301,142,Lincoln Square East,Manhattan,326.8
142,2026-03-11 23:00:00,179,142,Lincoln Square East,Manhattan,149.8
142,2026-03-12 00:00:00,40,142,Lincoln Square East,Manhattan,58.3
142,2026-03-12 01:00:00,12,142,Lincoln Square East,Manhattan,11.5
142,2026-03-12 02:00:00,5,142,Lincoln Square East,Manhattan,6.0
142,2026-03-12 04:00:00,10,142,Lincoln Square East,Manhattan,5.4
142,2026-03-12 05:00:00,18,142,Lincoln Square East,Manhattan,16.8
142,2026-03-12 06:00:00,58,142,Lincoln Square East,Manhattan,47.1
142,2026-03-12 07:00:00,135,142,Lincoln Square East,Manhattan,119.6
142,2026-03-12 08:00:00,199,142,Lincoln Square East,Manhattan,191.7
142,2026-03-12 09:00:00,189,142,Lincoln Square East,Manhattan,190.4
142,2026-03-12 10:00:00,208,142,Lincoln Square East,Manhattan,194.3
142,2026-03-12 11:00:00,213,142,Lincoln Square East,Manhattan,200.7
142,2026-03-12 12:00:00,240,142,Lincoln Square East,Manhattan,212.7
142,2026-03-12 13:00:00,210,142,Lincoln Square East,Manhattan,218.9
142,2026-03-12 14:00:00,250,142,Lincoln Square East,Manhattan,213.5
142,2026-03-12 15:00:00,270,142,Lincoln Square East,Manhattan,231.5
142,2026-03-12 16:00:00,211,142,Lincoln Square East,Manhattan,241.1
142,2026-03-12 17:00:00,244,142,Lincoln Square East,Manhattan,238.5
142,2026-03-12 18:00:00,279,142,Lincoln Square East,Manhattan,270.6
142,2026-03-12 19:00:00,240,142,Lincoln Square East,Manhattan,264.5
142,2026-03-12 20:00:00,271,142,Lincoln Square East,Manhattan,277.4
142,2026-03-12 21:00:00,440,142,Lincoln Square East,Manhattan,388.7
142,2026-03-12 22:00:00,259,142,Lincoln Square East,Manhattan,384.9
142,2026-03-12 23:00:00,85,142,Lincoln Square East,Manhattan,182.7
142,2026-03-13 00:00:00,51,142,Lincoln Square East,Manhattan,47.4
142,2026-03-13 01:00:00,11,142,Lincoln Square East,Manhattan,16.7
142,2026-03-13 02:00:00,1,142,Lincoln Square East,Manhattan,6.9
142,2026-03-13 03:00:00,2,142,Lincoln Square East,Manhattan,5.7
142,2026-03-13 04:00:00,10,142,Lincoln Square East,Manhattan,6.8
142,2026-03-13 05:00:00,25,142,Lincoln Square East,Manhattan,15.1
142,2026-03-13 06:00:00,44,142,Lincoln Square East,Manhattan,52.9
142,2026-03-13 07:00:00,133,142,Lincoln Square East,Manhattan,112.4
142,2026-03-13 08:00:00,159,142,Lincoln Square East,Manhattan,175.2
142,2026-03-13 09:00:00,143,142,Lincoln Square East,Manhattan,165.3
142,2026-03-13 10:00:00,177,142,Lincoln Square East,Manhattan,174.4
142,2026-03-13 11:00:00,192,142,Lincoln Square East,Manhattan,191.3
142,2026-03-13 12:00:00,185,142,Lincoln Square East,Manhattan,205.2
142,2026-03-13 13:00:00,253,142,Lincoln Square East,Manhattan,193.8
142,2026-03-13 14:00:00,276,142,Lincoln Square East,Manhattan,242.2
142,2026-03-13 15:00:00,280,142,Lincoln Square East,Manhattan,269.9
142,2026-03-13 16:00:00,178,142,Lincoln Square East,Manhattan,256.6
142,2026-03-13 17:00:00,233,142,Lincoln Square East,Manhattan,232.0
142,2026-03-13 18:00:00,234,142,Lincoln Square East,Manhattan,270.4
142,2026-03-13 19:00:00,192,142,Lincoln Square East,Manhattan,210.5
142,2026-03-13 20:00:00,257,142,Lincoln Square East,Manhattan,210.3
142,2026-03-13 21:00:00,383,142,Lincoln Square East,Manhattan,345.5
142,2026-03-13 22:00:00,344,142,Lincoln Square East,Manhattan,326.1
142,2026-03-13 23:00:00,394,142,Lincoln Square East,Manhattan,177.3
142,2026-03-14 00:00:00,156,142,Lincoln Square East,Manhattan,139.8
142,2026-03-14 01:00:00,38,142,Lincoln Square East,Manhattan,45.2
142,2026-03-14 02:00:00,12,142,Lincoln Square East,Manhattan,12.5
142,2026-03-14 03:00:00,7,142,Lincoln Square East,Manhattan,7.6
142,2026-03-14 04:00:00,10,142,Lincoln Square East,Manhattan,8.4
142,2026-03-14 05:00:00,14,142,Lincoln Square East,Manhattan,13.1
142,2026-03-14 06:00:00,22,142,Lincoln Square East,Manhattan,27.7
142,2026-03-14 07:00:00,33,142,Lincoln Square East,Manhattan,35.6
142,2026-03-14 08:00:00,75,142,Lincoln Square East,Manhattan,65.0
142,2026-03-14 09:00:00,109,142,Lincoln Square East,Manhattan,110.6
142,2026-03-14 10:00:00,153,142,Lincoln Square East,Manhattan,143.4
142,2026-03-14 11:00:00,181,142,Lincoln Square East,Manhattan,163.3
142,2026-03-14 12:00:00,213,142,Lincoln Square East,Manhattan,193.9
142,2026-03-14 13:00:00,200,142,Lincoln Square East,Manhattan,218.7
142,2026-03-14 14:00:00,188,142,Lincoln Square East,Manhattan,238.8
142,2026-03-14 15:00:00,245,142,Lincoln Square East,Manhattan,215.7
142,2026-03-14 16:00:00,382,142,Lincoln Square East,Manhattan,231.1
142,2026-03-14 17:00:00,254,142,Lincoln Square East,Manhattan,317.0
142,2026-03-14 18:00:00,314,142,Lincoln Square East,Manhattan,269.8
142,2026-03-14 19:00:00,279,142,Lincoln Square East,Manhattan,261.2
142,2026-03-14 20:00:00,231,142,Lincoln Square East,Manhattan,269.2
142,2026-03-14 21:00:00,456,142,Lincoln Square East,Manhattan,378.4
142,2026-03-14 22:00:00,301,142,Lincoln Square East,Manhattan,366.6
142,2026-03-14 23:00:00,424,142,Lincoln Square East,Manhattan,342.3
142,2026-03-15 00:00:00,104,142,Lincoln Square East,Manhattan,155.6
142,2026-03-15 01:00:00,31,142,Lincoln Square East,Manhattan,36.8
142,2026-03-15 02:00:00,19,142,Lincoln Square East,Manhattan,11.1
142,2026-03-15 03:00:00,8,142,Lincoln Square East,Manhattan,13.3
142,2026-03-15 04:00:00,9,142,Lincoln Square East,Manhattan,9.1
142,2026-03-15 05:00:00,18,142,Lincoln Square East,Manhattan,15.4
142,2026-03-15 06:00:00,32,142,Lincoln Square East,Manhattan,24.7
142,2026-03-15 07:00:00,35,142,Lincoln Square East,Manhattan,35.8
142,2026-03-15 08:00:00,51,142,Lincoln Square East,Manhattan,54.7
142,2026-03-15 09:00:00,157,142,Lincoln Square East,Manhattan,89.4
142,2026-03-15 10:00:00,257,142,Lincoln Square East,Manhattan,161.5
142,2026-03-15 11:00:00,360,142,Lincoln Square East,Manhattan,227.7
142,2026-03-15 12:00:00,309,142,Lincoln Square East,Manhattan,284.9
142,2026-03-15 13:00:00,229,142,Lincoln Square East,Manhattan,260.4
142,2026-03-15 14:00:00,260,142,Lincoln Square East,Manhattan,218.7
142,2026-03-15 15:00:00,265,142,Lincoln Square East,Manhattan,245.8
142,2026-03-15 16:00:00,251,142,Lincoln Square East,Manhattan,270.4
142,2026-03-15 17:00:00,224,142,Lincoln Square East,Manhattan,241.8
142,2026-03-15 18:00:00,242,142,Lincoln Square East,Manhattan,238.8
142,2026-03-15 19:00:00,179,142,Lincoln Square East,Manhattan,208.4
142,2026-03-15 20:00:00,128,142,Lincoln Square East,Manhattan,158.1
142,2026-03-15 21:00:00,101,142,Lincoln Square East,Manhattan,141.7
142,2026-03-15 22:00:00,153,142,Lincoln Square East,Manhattan,90.6
142,2026-03-15 23:00:00,69,142,Lincoln Square East,Manhattan,56.4
142,2026-03-16 00:00:00,16,142,Lincoln Square East,Manhattan,30.9
142,2026-03-16 01:00:00,6,142,Lincoln Square East,Manhattan,9.3
142,2026-03-16 02:00:00,3,142,Lincoln Square East,Manhattan,6.2
142,2026-03-16 03:00:00,2,142,Lincoln Square East,Manhattan,4.9
142,2026-03-16 04:00:00,4,142,Lincoln Square East,Manhattan,6.6
142,2026-03-16 05:00:00,23,142,Lincoln Square East,Manhattan,14.9
142,2026-03-16 06:00:00,41,142,Lincoln Square East,Manhattan,46.7
142,2026-03-16 07:00:00,139,142,Lincoln Square East,Manhattan,118.0
142,2026-03-16 08:00:00,169,142,Lincoln Square East,Manhattan,169.0
142,2026-03-16 09:00:00,163,142,Lincoln Square East,Manhattan,170.9
142,2026-03-16 10:00:00,153,142,Lincoln Square East,Manhattan,170.1
142,2026-03-16 11:00:00,138,142,Lincoln Square East,Manhattan,161.5
142,2026-03-16 12:00:00,163,142,Lincoln Square East,Manhattan,163.0
142,2026-03-16 13:00:00,145,142,Lincoln Square East,Manhattan,172.9
142,2026-03-16 14:00:00,175,142,Lincoln Square East,Manhattan,165.4
142,2026-03-16 15:00:00,174,142,Lincoln Square East,Manhattan,189.8
142,2026-03-16 16:00:00,207,142,Lincoln Square East,Manhattan,179.6
142,2026-03-16 17:00:00,288,142,Lincoln Square East,Manhattan,209.2
142,2026-03-16 18:00:00,219,142,Lincoln Square East,Manhattan,274.3
142,2026-03-16 19:00:00,189,142,Lincoln Square East,Manhattan,188.1
142,2026-03-16 20:00:00,183,142,Lincoln Square East,Manhattan,183.5
142,2026-03-16 21:00:00,167,142,Lincoln Square East,Manhattan,213.6
142,2026-03-16 22:00:00,177,142,Lincoln Square East,Manhattan,160.8
142,2026-03-16 23:00:00,37,142,Lincoln Square East,Manhattan,124.6
142,2026-03-17 00:00:00,4,142,Lincoln Square East,Manhattan,34.1
142,2026-03-17 01:00:00,6,142,Lincoln Square East,Manhattan,17.9
142,2026-03-17 02:00:00,3,142,Lincoln Square East,Manhattan,4.6
142,2026-03-17 03:00:00,4,142,Lincoln Square East,Manhattan,4.6
142,2026-03-17 05:00:00,19,142,Lincoln Square East,Manhattan,13.7
142,2026-03-17 06:00:00,42,142,Lincoln Square East,Manhattan,43.5
142,2026-03-17 07:00:00,129,142,Lincoln Square East,Manhattan,126.1
142,2026-03-17 08:00:00,162,142,Lincoln Square East,Manhattan,177.8
142,2026-03-17 09:00:00,165,142,Lincoln Square East,Manhattan,172.4
142,2026-03-17 10:00:00,166,142,Lincoln Square East,Manhattan,171.7
142,2026-03-17 11:00:00,185,142,Lincoln Square East,Manhattan,171.2
142,2026-03-17 12:00:00,186,142,Lincoln Square East,Manhattan,186.1
142,2026-03-17 13:00:00,171,142,Lincoln Square East,Manhattan,183.3
142,2026-03-17 14:00:00,162,142,Lincoln Square East,Manhattan,184.4
142,2026-03-17 15:00:00,229,142,Lincoln Square East,Manhattan,184.2
142,2026-03-17 16:00:00,188,142,Lincoln Square East,Manhattan,212.7
142,2026-03-17 17:00:00,251,142,Lincoln Square East,Manhattan,218.9
142,2026-03-17 18:00:00,228,142,Lincoln Square East,Manhattan,262.7
142,2026-03-17 19:00:00,210,142,Lincoln Square East,Manhattan,202.5
142,2026-03-17 20:00:00,280,142,Lincoln Square East,Manhattan,243.0
142,2026-03-17 21:00:00,567,142,Lincoln Square East,Manhattan,331.0
142,2026-03-17 22:00:00,281,142,Lincoln Square East,Manhattan,390.5
142,2026-03-17 23:00:00,281,142,Lincoln Square East,Manhattan,114.7
142,2026-03-18 00:00:00,119,142,Lincoln Square East,Manhattan,70.4
142,2026-03-18 01:00:00,7,142,Lincoln Square East,Manhattan,28.9
142,2026-03-18 02:00:00,5,142,Lincoln Square East,Manhattan,4.9
142,2026-03-18 03:00:00,3,142,Lincoln Square East,Manhattan,5.4
142,2026-03-18 04:00:00,8,142,Lincoln Square East,Manhattan,6.0
142,2026-03-18 05:00:00,21,142,Lincoln Square East,Manhattan,14.9
142,2026-03-18 06:00:00,48,142,Lincoln Square East,Manhattan,47.4
142,2026-03-18 07:00:00,120,142,Lincoln Square East,Manhattan,120.7
142,2026-03-18 08:00:00,208,142,Lincoln Square East,Manhattan,173.4
142,2026-03-18 09:00:00,206,142,Lincoln Square East,Manhattan,195.4
142,2026-03-18 10:00:00,243,142,Lincoln Square East,Manhattan,194.5
142,2026-03-18 11:00:00,193,142,Lincoln Square East,Manhattan,215.8
142,2026-03-18 12:00:00,209,142,Lincoln Square East,Manhattan,205.3
142,2026-03-18 13:00:00,204,142,Lincoln Square East,Manhattan,205.7
142,2026-03-18 14:00:00,214,142,Lincoln Square East,Manhattan,196.0
142,2026-03-18 15:00:00,270,142,Lincoln Square East,Manhattan,214.0
142,2026-03-18 16:00:00,206,142,Lincoln Square East,Manhattan,239.4
142,2026-03-18 17:00:00,222,142,Lincoln Square East,Manhattan,250.0
142,2026-03-18 18:00:00,269,142,Lincoln Square East,Manhattan,245.9
142,2026-03-18 19:00:00,226,142,Lincoln Square East,Manhattan,232.8
142,2026-03-18 20:00:00,297,142,Lincoln Square East,Manhattan,245.7
142,2026-03-18 21:00:00,402,142,Lincoln Square East,Manhattan,433.5
142,2026-03-18 22:00:00,338,142,Lincoln Square East,Manhattan,332.3
142,2026-03-18 23:00:00,241,142,Lincoln Square East,Manhattan,244.0
142,2026-03-19 00:00:00,37,142,Lincoln Square East,Manhattan,95.2
142,2026-03-19 01:00:00,15,142,Lincoln Square East,Manhattan,11.5
142,2026-03-19 02:00:00,4,142,Lincoln Square East,Manhattan,6.8
142,2026-03-19 03:00:00,7,142,Lincoln Square East,Manhattan,4.8
142,2026-03-19 04:00:00,10,142,Lincoln Square East,Manhattan,7.4
142,2026-03-19 05:00:00,21,142,Lincoln Square East,Manhattan,16.7
142,2026-03-19 06:00:00,51,142,Lincoln Square East,Manhattan,52.9
142,2026-03-19 07:00:00,133,142,Lincoln Square East,Manhattan,118.0
142,2026-03-19 08:00:00,194,142,Lincoln Square East,Manhattan,194.9
142,2026-03-19 09:00:00,181,142,Lincoln Square East,Manhattan,198.9
142,2026-03-19 10:00:00,172,142,Lincoln Square East,Manhattan,209.3
142,2026-03-19 11:00:00,204,142,Lincoln Square East,Manhattan,196.9
142,2026-03-19 12:00:00,223,142,Lincoln Square East,Manhattan,220.6
142,2026-03-19 13:00:00,214,142,Lincoln Square East,Manhattan,223.1
142,2026-03-19 14:00:00,244,142,Lincoln Square East,Manhattan,234.8
142,2026-03-19 15:00:00,258,142,Lincoln Square East,Manhattan,266.5
142,2026-03-19 16:00:00,189,142,Lincoln Square East,Manhattan,240.0
142,2026-03-19 17:00:00,239,142,Lincoln Square East,Manhattan,236.4
142,2026-03-19 18:00:00,259,142,Lincoln Square East,Manhattan,265.7
142,2026-03-19 19:00:00,256,142,Lincoln Square East,Manhattan,231.2
142,2026-03-19 20:00:00,263,142,Lincoln Square East,Manhattan,278.3
142,2026-03-19 21:00:00,453,142,Lincoln Square East,Manhattan,433.9
142,2026-03-19 22:00:00,397,142,Lincoln Square East,Manhattan,364.7
142,2026-03-19 23:00:00,142,142,Lincoln Square East,Manhattan,233.5
142,2026-03-20 00:00:00,52,142,Lincoln Square East,Manhattan,54.1
142,2026-03-20 01:00:00,10,142,Lincoln Square East,Manhattan,16.0
142,2026-03-20 02:00:00,30,142,Lincoln Square East,Manhattan,6.2
142,2026-03-20 03:00:00,1,142,Lincoln Square East,Manhattan,13.1
142,2026-03-20 04:00:00,13,142,Lincoln Square East,Manhattan,7.7
142,2026-03-20 05:00:00,29,142,Lincoln Square East,Manhattan,20.6
142,2026-03-20 06:00:00,42,142,Lincoln Square East,Manhattan,52.5
142,2026-03-20 07:00:00,100,142,Lincoln Square East,Manhattan,111.9
142,2026-03-20 08:00:00,104,142,Lincoln Square East,Manhattan,146.0
142,2026-03-20 09:00:00,127,142,Lincoln Square East,Manhattan,141.1
142,2026-03-20 10:00:00,152,142,Lincoln Square East,Manhattan,160.5
142,2026-03-20 11:00:00,182,142,Lincoln Square East,Manhattan,183.9
142,2026-03-20 12:00:00,183,142,Lincoln Square East,Manhattan,198.2
142,2026-03-20 13:00:00,175,142,Lincoln Square East,Manhattan,217.0
142,2026-03-20 14:00:00,184,142,Lincoln Square East,Manhattan,219.9
142,2026-03-20 15:00:00,201,142,Lincoln Square East,Manhattan,228.6
142,2026-03-20 16:00:00,201,142,Lincoln Square East,Manhattan,195.1
142,2026-03-20 17:00:00,212,142,Lincoln Square East,Manhattan,227.4
142,2026-03-20 18:00:00,310,142,Lincoln Square East,Manhattan,237.9
142,2026-03-20 19:00:00,211,142,Lincoln Square East,Manhattan,237.7
142,2026-03-20 20:00:00,241,142,Lincoln Square East,Manhattan,234.7
142,2026-03-20 21:00:00,434,142,Lincoln Square East,Manhattan,378.8
142,2026-03-20 22:00:00,431,142,Lincoln Square East,Manhattan,360.2
142,2026-03-20 23:00:00,224,142,Lincoln Square East,Manhattan,312.5
142,2026-03-21 00:00:00,125,142,Lincoln Square East,Manhattan,104.3
142,2026-03-21 01:00:00,57,142,Lincoln Square East,Manhattan,45.6
142,2026-03-21 02:00:00,32,142,Lincoln Square East,Manhattan,20.6
142,2026-03-21 03:00:00,12,142,Lincoln Square East,Manhattan,13.3
142,2026-03-21 04:00:00,15,142,Lincoln Square East,Manhattan,9.5
142,2026-03-21 05:00:00,7,142,Lincoln Square East,Manhattan,16.3
142,2026-03-21 06:00:00,20,142,Lincoln Square East,Manhattan,23.5
142,2026-03-21 07:00:00,34,142,Lincoln Square East,Manhattan,36.7
142,2026-03-21 08:00:00,49,142,Lincoln Square East,Manhattan,72.5
142,2026-03-21 09:00:00,94,142,Lincoln Square East,Manhattan,88.9
142,2026-03-21 10:00:00,132,142,Lincoln Square East,Manhattan,136.9
142,2026-03-21 11:00:00,127,142,Lincoln Square East,Manhattan,170.8
142,2026-03-21 12:00:00,172,142,Lincoln Square East,Manhattan,167.2
142,2026-03-21 13:00:00,180,142,Lincoln Square East,Manhattan,186.5
142,2026-03-21 14:00:00,156,142,Lincoln Square East,Manhattan,191.8
142,2026-03-21 15:00:00,243,142,Lincoln Square East,Manhattan,195.6
142,2026-03-21 16:00:00,167,142,Lincoln Square East,Manhattan,287.6
142,2026-03-21 17:00:00,358,142,Lincoln Square East,Manhattan,213.5
142,2026-03-21 18:00:00,257,142,Lincoln Square East,Manhattan,326.1
142,2026-03-21 19:00:00,257,142,Lincoln Square East,Manhattan,244.7
142,2026-03-21 20:00:00,226,142,Lincoln Square East,Manhattan,250.3
142,2026-03-21 21:00:00,429,142,Lincoln Square East,Manhattan,405.9
142,2026-03-21 22:00:00,280,142,Lincoln Square East,Manhattan,388.8
142,2026-03-21 23:00:00,395,142,Lincoln Square East,Manhattan,346.5
142,2026-03-22 00:00:00,115,142,Lincoln Square East,Manhattan,148.8
142,2026-03-22 01:00:00,51,142,Lincoln Square East,Manhattan,42.6
142,2026-03-22 02:00:00,34,142,Lincoln Square East,Manhattan,21.2
142,2026-03-22 03:00:00,6,142,Lincoln Square East,Manhattan,14.5
142,2026-03-22 04:00:00,6,142,Lincoln Square East,Manhattan,8.1
142,2026-03-22 05:00:00,6,142,Lincoln Square East,Manhattan,11.6
142,2026-03-22 06:00:00,15,142,Lincoln Square East,Manhattan,25.6
142,2026-03-22 07:00:00,23,142,Lincoln Square East,Manhattan,32.6
142,2026-03-22 08:00:00,46,142,Lincoln Square East,Manhattan,43.9
142,2026-03-22 09:00:00,93,142,Lincoln Square East,Manhattan,87.8
142,2026-03-22 10:00:00,119,142,Lincoln Square East,Manhattan,134.8
142,2026-03-22 11:00:00,159,142,Lincoln Square East,Manhattan,168.8
142,2026-03-22 12:00:00,165,142,Lincoln Square East,Manhattan,184.9
142,2026-03-22 13:00:00,162,142,Lincoln Square East,Manhattan,190.6
142,2026-03-22 14:00:00,170,142,Lincoln Square East,Manhattan,179.8
142,2026-03-22 15:00:00,191,142,Lincoln Square East,Manhattan,206.6
142,2026-03-22 16:00:00,175,142,Lincoln Square East,Manhattan,207.0
142,2026-03-22 17:00:00,190,142,Lincoln Square East,Manhattan,213.9
142,2026-03-22 18:00:00,325,142,Lincoln Square East,Manhattan,217.9
142,2026-03-22 19:00:00,192,142,Lincoln Square East,Manhattan,234.0
142,2026-03-22 20:00:00,179,142,Lincoln Square East,Manhattan,166.7
142,2026-03-22 21:00:00,165,142,Lincoln Square East,Manhattan,169.2
142,2026-03-22 22:00:00,116,142,Lincoln Square East,Manhattan,144.8
142,2026-03-22 23:00:00,55,142,Lincoln Square East,Manhattan,68.7
142,2026-03-23 00:00:00,20,142,Lincoln Square East,Manhattan,19.5
142,2026-03-23 01:00:00,14,142,Lincoln Square East,Manhattan,11.3
142,2026-03-23 02:00:00,5,142,Lincoln Square East,Manhattan,9.6
142,2026-03-23 04:00:00,9,142,Lincoln Square East,Manhattan,4.7
142,2026-03-23 05:00:00,19,142,Lincoln Square East,Manhattan,15.4
142,2026-03-23 06:00:00,39,142,Lincoln Square East,Manhattan,41.6
142,2026-03-23 07:00:00,115,142,Lincoln Square East,Manhattan,89.2
142,2026-03-23 08:00:00,138,142,Lincoln Square East,Manhattan,154.2
142,2026-03-23 09:00:00,160,142,Lincoln Square East,Manhattan,148.5
142,2026-03-23 10:00:00,187,142,Lincoln Square East,Manhattan,159.8
142,2026-03-23 11:00:00,150,142,Lincoln Square East,Manhattan,176.8
142,2026-03-23 12:00:00,184,142,Lincoln Square East,Manhattan,166.1
142,2026-03-23 13:00:00,167,142,Lincoln Square East,Manhattan,178.4
142,2026-03-23 14:00:00,163,142,Lincoln Square East,Manhattan,176.2
142,2026-03-23 15:00:00,173,142,Lincoln Square East,Manhattan,177.5
142,2026-03-23 16:00:00,137,142,Lincoln Square East,Manhattan,187.8
142,2026-03-23 17:00:00,211,142,Lincoln Square East,Manhattan,171.0
142,2026-03-23 18:00:00,201,142,Lincoln Square East,Manhattan,228.2
142,2026-03-23 19:00:00,164,142,Lincoln Square East,Manhattan,181.4
142,2026-03-23 20:00:00,128,142,Lincoln Square East,Manhattan,173.9
142,2026-03-23 21:00:00,204,142,Lincoln Square East,Manhattan,166.9
142,2026-03-23 22:00:00,291,142,Lincoln Square East,Manhattan,170.4
142,2026-03-23 23:00:00,66,142,Lincoln Square East,Manhattan,123.9
142,2026-03-24 00:00:00,19,142,Lincoln Square East,Manhattan,19.5
142,2026-03-24 01:00:00,13,142,Lincoln Square East,Manhattan,7.8
142,2026-03-24 02:00:00,5,142,Lincoln Square East,Manhattan,6.2
142,2026-03-24 03:00:00,1,142,Lincoln Square East,Manhattan,4.5
142,2026-03-24 04:00:00,6,142,Lincoln Square East,Manhattan,5.9
142,2026-03-24 05:00:00,14,142,Lincoln Square East,Manhattan,15.8
142,2026-03-24 06:00:00,37,142,Lincoln Square East,Manhattan,40.9
142,2026-03-24 07:00:00,94,142,Lincoln Square East,Manhattan,99.5
142,2026-03-24 08:00:00,157,142,Lincoln Square East,Manhattan,150.1
142,2026-03-24 09:00:00,155,142,Lincoln Square East,Manhattan,168.8
142,2026-03-24 10:00:00,164,142,Lincoln Square East,Manhattan,170.3
142,2026-03-24 11:00:00,134,142,Lincoln Square East,Manhattan,172.3
142,2026-03-24 12:00:00,188,142,Lincoln Square East,Manhattan,166.5
142,2026-03-24 13:00:00,207,142,Lincoln Square East,Manhattan,182.8
142,2026-03-24 14:00:00,170,142,Lincoln Square East,Manhattan,194.5
142,2026-03-24 15:00:00,183,142,Lincoln Square East,Manhattan,193.4
142,2026-03-24 16:00:00,136,142,Lincoln Square East,Manhattan,180.8
142,2026-03-24 17:00:00,193,142,Lincoln Square East,Manhattan,183.6
142,2026-03-24 18:00:00,207,142,Lincoln Square East,Manhattan,221.0
142,2026-03-24 19:00:00,168,142,Lincoln Square East,Manhattan,186.5
142,2026-03-24 20:00:00,188,142,Lincoln Square East,Manhattan,189.7
142,2026-03-24 21:00:00,277,142,Lincoln Square East,Manhattan,299.0
142,2026-03-24 22:00:00,383,142,Lincoln Square East,Manhattan,296.6
142,2026-03-24 23:00:00,104,142,Lincoln Square East,Manhattan,149.4
142,2026-03-25 00:00:00,35,142,Lincoln Square East,Manhattan,69.0
142,2026-03-25 01:00:00,13,142,Lincoln Square East,Manhattan,11.6
142,2026-03-25 02:00:00,11,142,Lincoln Square East,Manhattan,6.3
142,2026-03-25 03:00:00,8,142,Lincoln Square East,Manhattan,5.4
142,2026-03-25 04:00:00,8,142,Lincoln Square East,Manhattan,6.4
142,2026-03-25 05:00:00,8,142,Lincoln Square East,Manhattan,17.2
142,2026-03-25 06:00:00,37,142,Lincoln Square East,Manhattan,38.2
142,2026-03-25 07:00:00,97,142,Lincoln Square East,Manhattan,89.4
142,2026-03-25 08:00:00,175,142,Lincoln Square East,Manhattan,169.4
142,2026-03-25 09:00:00,163,142,Lincoln Square East,Manhattan,183.1
142,2026-03-25 10:00:00,178,142,Lincoln Square East,Manhattan,182.7
142,2026-03-25 11:00:00,170,142,Lincoln Square East,Manhattan,179.6
142,2026-03-25 12:00:00,168,142,Lincoln Square East,Manhattan,189.8
142,2026-03-25 13:00:00,198,142,Lincoln Square East,Manhattan,194.4
142,2026-03-25 14:00:00,176,142,Lincoln Square East,Manhattan,199.8
142,2026-03-25 15:00:00,190,142,Lincoln Square East,Manhattan,200.4
142,2026-03-25 16:00:00,145,142,Lincoln Square East,Manhattan,188.5
142,2026-03-25 17:00:00,206,142,Lincoln Square East,Manhattan,183.4
142,2026-03-25 18:00:00,236,142,Lincoln Square East,Manhattan,233.7
142,2026-03-25 19:00:00,189,142,Lincoln Square East,Manhattan,209.4
142,2026-03-25 20:00:00,250,142,Lincoln Square East,Manhattan,210.0
142,2026-03-25 21:00:00,306,142,Lincoln Square East,Manhattan,341.5
142,2026-03-25 22:00:00,191,142,Lincoln Square East,Manhattan,348.0
142,2026-03-25 23:00:00,321,142,Lincoln Square East,Manhattan,151.8
142,2026-03-26 00:00:00,158,142,Lincoln Square East,Manhattan,88.6
142,2026-03-26 01:00:00,19,142,Lincoln Square East,Manhattan,45.3
142,2026-03-26 02:00:00,9,142,Lincoln Square East,Manhattan,8.3
142,2026-03-26 03:00:00,3,142,Lincoln Square East,Manhattan,5.8
142,2026-03-26 04:00:00,8,142,Lincoln Square East,Manhattan,6.8
142,2026-03-26 05:00:00,15,142,Lincoln Square East,Manhattan,16.4
142,2026-03-26 06:00:00,34,142,Lincoln Square East,Manhattan,42.3
142,2026-03-26 07:00:00,99,142,Lincoln Square East,Manhattan,89.4
142,2026-03-26 08:00:00,168,142,Lincoln Square East,Manhattan,152.7
142,2026-03-26 09:00:00,151,142,Lincoln Square East,Manhattan,172.7
142,2026-03-26 10:00:00,158,142,Lincoln Square East,Manhattan,168.8
142,2026-03-26 11:00:00,199,142,Lincoln Square East,Manhattan,177.6
142,2026-03-26 12:00:00,197,142,Lincoln Square East,Manhattan,202.1
142,2026-03-26 13:00:00,169,142,Lincoln Square East,Manhattan,207.2
142,2026-03-26 14:00:00,187,142,Lincoln Square East,Manhattan,191.9
142,2026-03-26 15:00:00,210,142,Lincoln Square East,Manhattan,202.8
142,2026-03-26 16:00:00,186,142,Lincoln Square East,Manhattan,197.7
142,2026-03-26 17:00:00,196,142,Lincoln Square East,Manhattan,219.5
142,2026-03-26 18:00:00,236,142,Lincoln Square East,Manhattan,232.5
142,2026-03-26 19:00:00,192,142,Lincoln Square East,Manhattan,211.2
142,2026-03-26 20:00:00,202,142,Lincoln Square East,Manhattan,225.3
142,2026-03-26 21:00:00,240,142,Lincoln Square East,Manhattan,297.6
142,2026-03-26 22:00:00,179,142,Lincoln Square East,Manhattan,284.1
142,2026-03-26 23:00:00,105,142,Lincoln Square East,Manhattan,161.4
142,2026-03-27 00:00:00,30,142,Lincoln Square East,Manhattan,64.2
142,2026-03-27 01:00:00,32,142,Lincoln Square East,Manhattan,13.1
142,2026-03-27 02:00:00,21,142,Lincoln Square East,Manhattan,20.8
142,2026-03-27 03:00:00,10,142,Lincoln Square East,Manhattan,9.2
142,2026-03-27 04:00:00,12,142,Lincoln Square East,Manhattan,7.9
142,2026-03-27 05:00:00,19,142,Lincoln Square East,Manhattan,20.0
142,2026-03-27 06:00:00,35,142,Lincoln Square East,Manhattan,37.3
142,2026-03-27 07:00:00,94,142,Lincoln Square East,Manhattan,84.6
142,2026-03-27 08:00:00,142,142,Lincoln Square East,Manhattan,132.5
142,2026-03-27 09:00:00,145,142,Lincoln Square East,Manhattan,145.1
142,2026-03-27 10:00:00,160,142,Lincoln Square East,Manhattan,152.9
142,2026-03-27 11:00:00,158,142,Lincoln Square East,Manhattan,178.6
142,2026-03-27 12:00:00,175,142,Lincoln Square East,Manhattan,178.0
142,2026-03-27 13:00:00,188,142,Lincoln Square East,Manhattan,179.5
142,2026-03-27 14:00:00,222,142,Lincoln Square East,Manhattan,184.5
142,2026-03-27 15:00:00,191,142,Lincoln Square East,Manhattan,210.2
142,2026-03-27 16:00:00,171,142,Lincoln Square East,Manhattan,197.3
142,2026-03-27 17:00:00,185,142,Lincoln Square East,Manhattan,195.2
142,2026-03-27 18:00:00,201,142,Lincoln Square East,Manhattan,214.1
142,2026-03-27 19:00:00,196,142,Lincoln Square East,Manhattan,188.3
142,2026-03-27 20:00:00,205,142,Lincoln Square East,Manhattan,208.9
142,2026-03-27 21:00:00,364,142,Lincoln Square East,Manhattan,269.5
142,2026-03-27 22:00:00,503,142,Lincoln Square East,Manhattan,342.7
142,2026-03-27 23:00:00,199,142,Lincoln Square East,Manhattan,239.3
142,2026-03-28 00:00:00,95,142,Lincoln Square East,Manhattan,99.3
142,2026-03-28 01:00:00,37,142,Lincoln Square East,Manhattan,49.4
142,2026-03-28 02:00:00,32,142,Lincoln Square East,Manhattan,22.9
142,2026-03-28 03:00:00,4,142,Lincoln Square East,Manhattan,14.5
142,2026-03-28 04:00:00,7,142,Lincoln Square East,Manhattan,9.0
142,2026-03-28 05:00:00,9,142,Lincoln Square East,Manhattan,10.3
142,2026-03-28 06:00:00,19,142,Lincoln Square East,Manhattan,20.0
142,2026-03-28 07:00:00,34,142,Lincoln Square East,Manhattan,40.3
142,2026-03-28 08:00:00,53,142,Lincoln Square East,Manhattan,57.1
142,2026-03-28 09:00:00,103,142,Lincoln Square East,Manhattan,93.8
142,2026-03-28 10:00:00,135,142,Lincoln Square East,Manhattan,138.3
142,2026-03-28 11:00:00,154,142,Lincoln Square East,Manhattan,151.4
142,2026-03-28 12:00:00,206,142,Lincoln Square East,Manhattan,173.7
142,2026-03-28 13:00:00,175,142,Lincoln Square East,Manhattan,198.3
142,2026-03-28 14:00:00,138,142,Lincoln Square East,Manhattan,187.8
142,2026-03-28 15:00:00,220,142,Lincoln Square East,Manhattan,173.1
142,2026-03-28 16:00:00,311,142,Lincoln Square East,Manhattan,202.9
142,2026-03-28 17:00:00,264,142,Lincoln Square East,Manhattan,302.6
142,2026-03-28 18:00:00,235,142,Lincoln Square East,Manhattan,257.4
142,2026-03-28 19:00:00,265,142,Lincoln Square East,Manhattan,222.8
142,2026-03-28 20:00:00,246,142,Lincoln Square East,Manhattan,240.5
142,2026-03-28 21:00:00,288,142,Lincoln Square East,Manhattan,372.7
142,2026-03-28 22:00:00,187,142,Lincoln Square East,Manhattan,383.1
142,2026-03-28 23:00:00,444,142,Lincoln Square East,Manhattan,213.2
142,2026-03-29 00:00:00,114,142,Lincoln Square East,Manhattan,137.2
142,2026-03-29 01:00:00,63,142,Lincoln Square East,Manhattan,46.1
142,2026-03-29 02:00:00,17,142,Lincoln Square East,Manhattan,33.7
142,2026-03-29 03:00:00,8,142,Lincoln Square East,Manhattan,8.4
142,2026-03-29 04:00:00,9,142,Lincoln Square East,Manhattan,6.8
142,2026-03-29 05:00:00,5,142,Lincoln Square East,Manhattan,9.7
142,2026-03-29 06:00:00,15,142,Lincoln Square East,Manhattan,17.6
142,2026-03-29 07:00:00,18,142,Lincoln Square East,Manhattan,24.9
142,2026-03-29 08:00:00,54,142,Lincoln Square East,Manhattan,42.1
142,2026-03-29 09:00:00,81,142,Lincoln Square East,Manhattan,92.5
142,2026-03-29 10:00:00,134,142,Lincoln Square East,Manhattan,114.5
142,2026-03-29 11:00:00,160,142,Lincoln Square East,Manhattan,157.8
142,2026-03-29 12:00:00,163,142,Lincoln Square East,Manhattan,177.1
142,2026-03-29 13:00:00,192,142,Lincoln Square East,Manhattan,172.8
142,2026-03-29 14:00:00,157,142,Lincoln Square East,Manhattan,179.7
142,2026-03-29 15:00:00,175,142,Lincoln Square East,Manhattan,182.1
142,2026-03-29 16:00:00,238,142,Lincoln Square East,Manhattan,188.6
142,2026-03-29 17:00:00,207,142,Lincoln Square East,Manhattan,222.7
142,2026-03-29 18:00:00,209,142,Lincoln Square East,Manhattan,232.2
142,2026-03-29 19:00:00,345,142,Lincoln Square East,Manhattan,183.0
142,2026-03-29 20:00:00,155,142,Lincoln Square East,Manhattan,259.8
142,2026-03-29 21:00:00,124,142,Lincoln Square East,Manhattan,168.6
142,2026-03-29 22:00:00,79,142,Lincoln Square East,Manhattan,113.6
142,2026-03-29 23:00:00,38,142,Lincoln Square East,Manhattan,47.5
142,2026-03-30 00:00:00,13,142,Lincoln Square East,Manhattan,19.5
142,2026-03-30 01:00:00,17,142,Lincoln Square East,Manhattan,11.6
142,2026-03-30 02:00:00,7,142,Lincoln Square East,Manhattan,8.4
142,2026-03-30 03:00:00,3,142,Lincoln Square East,Manhattan,4.9
142,2026-03-30 04:00:00,3,142,Lincoln Square East,Manhattan,5.6
142,2026-03-30 05:00:00,15,142,Lincoln Square East,Manhattan,13.4
142,2026-03-30 06:00:00,31,142,Lincoln Square East,Manhattan,38.6
142,2026-03-30 07:00:00,86,142,Lincoln Square East,Manhattan,82.9
142,2026-03-30 08:00:00,131,142,Lincoln Square East,Manhattan,125.6
142,2026-03-30 09:00:00,160,142,Lincoln Square East,Manhattan,151.0
142,2026-03-30 10:00:00,159,142,Lincoln Square East,Manhattan,167.6
142,2026-03-30 11:00:00,155,142,Lincoln Square East,Manhattan,166.5
142,2026-03-30 12:00:00,171,142,Lincoln Square East,Manhattan,173.0
142,2026-03-30 13:00:00,155,142,Lincoln Square East,Manhattan,177.5
142,2026-03-30 14:00:00,167,142,Lincoln Square East,Manhattan,165.0
142,2026-03-30 15:00:00,156,142,Lincoln Square East,Manhattan,175.7
142,2026-03-30 16:00:00,153,142,Lincoln Square East,Manhattan,161.2
142,2026-03-30 17:00:00,170,142,Lincoln Square East,Manhattan,189.3
142,2026-03-30 18:00:00,245,142,Lincoln Square East,Manhattan,200.0
142,2026-03-30 19:00:00,198,142,Lincoln Square East,Manhattan,225.8
142,2026-03-30 20:00:00,139,142,Lincoln Square East,Manhattan,186.4
142,2026-03-30 21:00:00,263,142,Lincoln Square East,Manhattan,170.6
142,2026-03-30 22:00:00,130,142,Lincoln Square East,Manhattan,234.1
142,2026-03-30 23:00:00,59,142,Lincoln Square East,Manhattan,71.1
142,2026-03-31 00:00:00,15,142,Lincoln Square East,Manhattan,20.3
142,2026-03-31 01:00:00,22,142,Lincoln Square East,Manhattan,8.7
142,2026-03-31 02:00:00,7,142,Lincoln Square East,Manhattan,8.7
142,2026-03-31 03:00:00,3,142,Lincoln Square East,Manhattan,4.8
142,2026-03-31 04:00:00,6,142,Lincoln Square East,Manhattan,5.4
142,2026-03-31 05:00:00,13,142,Lincoln Square East,Manhattan,12.5
142,2026-03-31 06:00:00,40,142,Lincoln Square East,Manhattan,35.9
142,2026-03-31 07:00:00,88,142,Lincoln Square East,Manhattan,97.4
142,2026-03-31 08:00:00,144,142,Lincoln Square East,Manhattan,137.7
142,2026-03-31 09:00:00,172,142,Lincoln Square East,Manhattan,159.8
142,2026-03-31 10:00:00,154,142,Lincoln Square East,Manhattan,171.3
142,2026-03-31 11:00:00,198,142,Lincoln Square East,Manhattan,158.6
142,2026-03-31 12:00:00,185,142,Lincoln Square East,Manhattan,197.6
142,2026-03-31 13:00:00,175,142,Lincoln Square East,Manhattan,193.8
142,2026-03-31 14:00:00,197,142,Lincoln Square East,Manhattan,181.8
142,2026-03-31 15:00:00,216,142,Lincoln Square East,Manhattan,192.8
142,2026-03-31 16:00:00,150,142,Lincoln Square East,Manhattan,195.4
142,2026-03-31 17:00:00,195,142,Lincoln Square East,Manhattan,188.9
142,2026-03-31 18:00:00,252,142,Lincoln Square East,Manhattan,225.4
142,2026-03-31 19:00:00,195,142,Lincoln Square East,Manhattan,219.1
142,2026-03-31 20:00:00,187,142,Lincoln Square East,Manhattan,199.6
142,2026-03-31 21:00:00,261,142,Lincoln Square East,Manhattan,273.4
142,2026-03-31 22:00:00,300,142,Lincoln Square East,Manhattan,280.1
142,2026-03-31 23:00:00,83,142,Lincoln Square East,Manhattan,116.6
161,2026-03-01 00:00:00,101,161,Midtown Center,Manhattan,105.7
161,2026-03-01 01:00:00,85,161,Midtown Center,Manhattan,48.9
161,2026-03-01 02:00:00,33,161,Midtown Center,Manhattan,28.6
161,2026-03-01 03:00:00,17,161,Midtown Center,Manhattan,13.4
161,2026-03-01 04:00:00,25,161,Midtown Center,Manhattan,14.7
161,2026-03-01 05:00:00,12,161,Midtown Center,Manhattan,23.4
161,2026-03-01 06:00:00,22,161,Midtown Center,Manhattan,23.4
161,2026-03-01 07:00:00,26,161,Midtown Center,Manhattan,29.5
161,2026-03-01 08:00:00,46,161,Midtown Center,Manhattan,52.0
161,2026-03-01 09:00:00,85,161,Midtown Center,Manhattan,77.5
161,2026-03-01 10:00:00,113,161,Midtown Center,Manhattan,130.5
161,2026-03-01 11:00:00,172,161,Midtown Center,Manhattan,156.0
161,2026-03-01 12:00:00,178,161,Midtown Center,Manhattan,180.1
161,2026-03-01 13:00:00,210,161,Midtown Center,Manhattan,185.4
161,2026-03-01 14:00:00,202,161,Midtown Center,Manhattan,204.3
161,2026-03-01 15:00:00,197,161,Midtown Center,Manhattan,199.0
161,2026-03-01 16:00:00,206,161,Midtown Center,Manhattan,199.6
161,2026-03-01 17:00:00,214,161,Midtown Center,Manhattan,202.5
161,2026-03-01 18:00:00,196,161,Midtown Center,Manhattan,204.4
161,2026-03-01 19:00:00,121,161,Midtown Center,Manhattan,145.7
161,2026-03-01 20:00:00,110,161,Midtown Center,Manhattan,88.6
161,2026-03-01 21:00:00,89,161,Midtown Center,Manhattan,48.4
161,2026-03-01 22:00:00,68,161,Midtown Center,Manhattan,30.1
161,2026-03-01 23:00:00,33,161,Midtown Center,Manhattan,24.0
161,2026-03-02 00:00:00,19,161,Midtown Center,Manhattan,15.3
161,2026-03-02 01:00:00,9,161,Midtown Center,Manhattan,10.7
161,2026-03-02 02:00:00,3,161,Midtown Center,Manhattan,7.4
161,2026-03-02 03:00:00,5,161,Midtown Center,Manhattan,4.8
161,2026-03-02 04:00:00,6,161,Midtown Center,Manhattan,5.1
161,2026-03-02 05:00:00,19,161,Midtown Center,Manhattan,9.3
161,2026-03-02 06:00:00,50,161,Midtown Center,Manhattan,25.4
161,2026-03-02 07:00:00,69,161,Midtown Center,Manhattan,65.9
161,2026-03-02 08:00:00,131,161,Midtown Center,Manhattan,85.2
161,2026-03-02 09:00:00,148,161,Midtown Center,Manhattan,108.1
161,2026-03-02 10:00:00,179,161,Midtown Center,Manhattan,107.8
161,2026-03-02 11:00:00,217,161,Midtown Center,Manhattan,141.3
161,2026-03-02 12:00:00,255,161,Midtown Center,Manhattan,204.6
161,2026-03-02 13:00:00,263,161,Midtown Center,Manhattan,257.8
161,2026-03-02 14:00:00,325,161,Midtown Center,Manhattan,254.0
161,2026-03-02 15:00:00,336,161,Midtown Center,Manhattan,305.4
161,2026-03-02 16:00:00,323,161,Midtown Center,Manhattan,334.1
161,2026-03-02 17:00:00,510,161,Midtown Center,Manhattan,360.9
161,2026-03-02 18:00:00,522,161,Midtown Center,Manhattan,450.2
161,2026-03-02 19:00:00,491,161,Midtown Center,Manhattan,396.4
161,2026-03-02 20:00:00,635,161,Midtown Center,Manhattan,404.6
161,2026-03-02 21:00:00,535,161,Midtown Center,Manhattan,469.0
161,2026-03-02 22:00:00,272,161,Midtown Center,Manhattan,295.5
161,2026-03-02 23:00:00,63,161,Midtown Center,Manhattan,107.9
161,2026-03-03 00:00:00,28,161,Midtown Center,Manhattan,19.3
161,2026-03-03 01:00:00,16,161,Midtown Center,Manhattan,9.8
161,2026-03-03 02:00:00,6,161,Midtown Center,Manhattan,7.1
161,2026-03-03 03:00:00,4,161,Midtown Center,Manhattan,4.8
161,2026-03-03 04:00:00,6,161,Midtown Center,Manhattan,6.1
161,2026-03-03 05:00:00,10,161,Midtown Center,Manhattan,14.1
161,2026-03-03 06:00:00,35,161,Midtown Center,Manhattan,31.7
161,2026-03-03 07:00:00,88,161,Midtown Center,Manhattan,73.1
161,2026-03-03 08:00:00,165,161,Midtown Center,Manhattan,142.8
161,2026-03-03 09:00:00,205,161,Midtown Center,Manhattan,177.3
161,2026-03-03 10:00:00,215,161,Midtown Center,Manhattan,208.4
161,2026-03-03 11:00:00,238,161,Midtown Center,Manhattan,226.3
161,2026-03-03 12:00:00,308,161,Midtown Center,Manhattan,255.3
161,2026-03-03 13:00:00,354,161,Midtown Center,Manhattan,302.8
161,2026-03-03 14:00:00,425,161,Midtown Center,Manhattan,358.1
161,2026-03-03 15:00:00,452,161,Midtown Center,Manhattan,405.6
161,2026-03-03 16:00:00,463,161,Midtown Center,Manhattan,445.7
161,2026-03-03 17:00:00,657,161,Midtown Center,Manhattan,541.8
161,2026-03-03 18:00:00,537,161,Midtown Center,Manhattan,597.0
161,2026-03-03 19:00:00,624,161,Midtown Center,Manhattan,517.3
161,2026-03-03 20:00:00,750,161,Midtown Center,Manhattan,696.9
161,2026-03-03 21:00:00,660,161,Midtown Center,Manhattan,623.9
161,2026-03-03 22:00:00,469,161,Midtown Center,Manhattan,444.8
161,2026-03-03 23:00:00,155,161,Midtown Center,Manhattan,199.1
161,2026-03-04 00:00:00,67,161,Midtown Center,Manhattan,48.8
161,2026-03-04 01:00:00,24,161,Midtown Center,Manhattan,24.0
161,2026-03-04 02:00:00,4,161,Midtown Center,Manhattan,9.2
161,2026-03-04 03:00:00,5,161,Midtown Center,Manhattan,5.4
161,2026-03-04 04:00:00,5,161,Midtown Center,Manhattan,8.1
161,2026-03-04 05:00:00,11,161,Midtown Center,Manhattan,14.3
161,2026-03-04 06:00:00,44,161,Midtown Center,Manhattan,47.6
161,2026-03-04 07:00:00,94,161,Midtown Center,Manhattan,103.7
161,2026-03-04 08:00:00,143,161,Midtown Center,Manhattan,162.5
161,2026-03-04 09:00:00,171,161,Midtown Center,Manhattan,178.7
161,2026-03-04 10:00:00,199,161,Midtown Center,Manhattan,210.4
161,2026-03-04 11:00:00,248,161,Midtown Center,Manhattan,230.5
161,2026-03-04 12:00:00,307,161,Midtown Center,Manhattan,280.0
161,2026-03-04 13:00:00,335,161,Midtown Center,Manhattan,324.9
161,2026-03-04 14:00:00,347,161,Midtown Center,Manhattan,377.3
161,2026-03-04 15:00:00,370,161,Midtown Center,Manhattan,392.1
161,2026-03-04 16:00:00,402,161,Midtown Center,Manhattan,413.4
161,2026-03-04 17:00:00,571,161,Midtown Center,Manhattan,496.3
161,2026-03-04 18:00:00,579,161,Midtown Center,Manhattan,559.8
161,2026-03-04 19:00:00,562,161,Midtown Center,Manhattan,532.2
161,2026-03-04 20:00:00,725,161,Midtown Center,Manhattan,661.7
161,2026-03-04 21:00:00,695,161,Midtown Center,Manhattan,627.1
161,2026-03-04 22:00:00,407,161,Midtown Center,Manhattan,482.3
161,2026-03-04 23:00:00,148,161,Midtown Center,Manhattan,188.7
161,2026-03-05 00:00:00,70,161,Midtown Center,Manhattan,62.1
161,2026-03-05 01:00:00,16,161,Midtown Center,Manhattan,24.2
161,2026-03-05 02:00:00,8,161,Midtown Center,Manhattan,6.8
161,2026-03-05 03:00:00,5,161,Midtown Center,Manhattan,4.9
161,2026-03-05 04:00:00,7,161,Midtown Center,Manhattan,6.1
161,2026-03-05 05:00:00,21,161,Midtown Center,Manhattan,12.5
161,2026-03-05 06:00:00,44,161,Midtown Center,Manhattan,43.9
161,2026-03-05 07:00:00,101,161,Midtown Center,Manhattan,98.6
161,2026-03-05 08:00:00,193,161,Midtown Center,Manhattan,151.7
161,2026-03-05 09:00:00,223,161,Midtown Center,Manhattan,204.3
161,2026-03-05 10:00:00,264,161,Midtown Center,Manhattan,227.1
161,2026-03-05 11:00:00,272,161,Midtown Center,Manhattan,268.6
161,2026-03-05 12:00:00,308,161,Midtown Center,Manhattan,293.0
161,2026-03-05 13:00:00,368,161,Midtown Center,Manhattan,334.4
161,2026-03-05 14:00:00,412,161,Midtown Center,Manhattan,376.9
161,2026-03-05 15:00:00,366,161,Midtown Center,Manhattan,403.0
161,2026-03-05 16:00:00,483,161,Midtown Center,Manhattan,414.1
161,2026-03-05 17:00:00,597,161,Midtown Center,Manhattan,558.5
161,2026-03-05 18:00:00,395,161,Midtown Center,Manhattan,586.2
161,2026-03-05 19:00:00,601,161,Midtown Center,Manhattan,425.7
161,2026-03-05 20:00:00,730,161,Midtown Center,Manhattan,676.0
161,2026-03-05 21:00:00,759,161,Midtown Center,Manhattan,618.3
161,2026-03-05 22:00:00,552,161,Midtown Center,Manhattan,527.2
161,2026-03-05 23:00:00,391,161,Midtown Center,Manhattan,277.5
161,2026-03-06 00:00:00,226,161,Midtown Center,Manhattan,172.5
161,2026-03-06 01:00:00,57,161,Midtown Center,Manhattan,82.7
161,2026-03-06 02:00:00,14,161,Midtown Center,Manhattan,18.8
161,2026-03-06 03:00:00,3,161,Midtown Center,Manhattan,9.4
161,2026-03-06 04:00:00,17,161,Midtown Center,Manhattan,8.7
161,2026-03-06 05:00:00,19,161,Midtown Center,Manhattan,19.1
161,2026-03-06 06:00:00,38,161,Midtown Center,Manhattan,46.3
161,2026-03-06 07:00:00,62,161,Midtown Center,Manhattan,78.9
161,2026-03-06 08:00:00,102,161,Midtown Center,Manhattan,115.2
161,2026-03-06 09:00:00,160,161,Midtown Center,Manhattan,158.4
161,2026-03-06 10:00:00,179,161,Midtown Center,Manhattan,203.0
161,2026-03-06 11:00:00,236,161,Midtown Center,Manhattan,228.8
161,2026-03-06 12:00:00,283,161,Midtown Center,Manhattan,276.1
161,2026-03-06 13:00:00,314,161,Midtown Center,Manhattan,300.2
161,2026-03-06 14:00:00,342,161,Midtown Center,Manhattan,352.3
161,2026-03-06 15:00:00,368,161,Midtown Center,Manhattan,359.8
161,2026-03-06 16:00:00,431,161,Midtown Center,Manhattan,392.0
161,2026-03-06 17:00:00,470,161,Midtown Center,Manhattan,465.9
161,2026-03-06 18:00:00,439,161,Midtown Center,Manhattan,437.6
161,2026-03-06 19:00:00,359,161,Midtown Center,Manhattan,374.6
161,2026-03-06 20:00:00,331,161,Midtown Center,Manhattan,314.9
161,2026-03-06 21:00:00,251,161,Midtown Center,Manhattan,329.3
161,2026-03-06 22:00:00,240,161,Midtown Center,Manhattan,257.6
161,2026-03-06 23:00:00,167,161,Midtown Center,Manhattan,209.8
161,2026-03-07 00:00:00,84,161,Midtown Center,Manhattan,126.6
161,2026-03-07 01:00:00,32,161,Midtown Center,Manhattan,49.7
161,2026-03-07 02:00:00,14,161,Midtown Center,Manhattan,14.8
161,2026-03-07 03:00:00,8,161,Midtown Center,Manhattan,8.3
161,2026-03-07 04:00:00,11,161,Midtown Center,Manhattan,9.1
161,2026-03-07 05:00:00,7,161,Midtown Center,Manhattan,12.0
161,2026-03-07 06:00:00,15,161,Midtown Center,Manhattan,20.4
161,2026-03-07 07:00:00,19,161,Midtown Center,Manhattan,26.8
161,2026-03-07 08:00:00,36,161,Midtown Center,Manhattan,49.2
161,2026-03-07 09:00:00,81,161,Midtown Center,Manhattan,82.4
161,2026-03-07 10:00:00,123,161,Midtown Center,Manhattan,129.9
161,2026-03-07 11:00:00,168,161,Midtown Center,Manhattan,178.9
161,2026-03-07 12:00:00,208,161,Midtown Center,Manhattan,198.5
161,2026-03-07 13:00:00,209,161,Midtown Center,Manhattan,235.6
161,2026-03-07 14:00:00,204,161,Midtown Center,Manhattan,249.4
161,2026-03-07 15:00:00,228,161,Midtown Center,Manhattan,246.7
161,2026-03-07 16:00:00,302,161,Midtown Center,Manhattan,281.2
161,2026-03-07 17:00:00,262,161,Midtown Center,Manhattan,316.9
161,2026-03-07 18:00:00,268,161,Midtown Center,Manhattan,286.6
161,2026-03-07 19:00:00,228,161,Midtown Center,Manhattan,233.1
161,2026-03-07 20:00:00,149,161,Midtown Center,Manhattan,191.3
161,2026-03-07 21:00:00,192,161,Midtown Center,Manhattan,181.7
161,2026-03-07 22:00:00,187,161,Midtown Center,Manhattan,223.2
161,2026-03-07 23:00:00,163,161,Midtown Center,Manhattan,166.0
161,2026-03-08 00:00:00,89,161,Midtown Center,Manhattan,90.4
161,2026-03-08 01:00:00,64,161,Midtown Center,Manhattan,51.5
161,2026-03-08 03:00:00,25,161,Midtown Center,Manhattan,7.3
161,2026-03-08 04:00:00,21,161,Midtown Center,Manhattan,18.0
161,2026-03-08 05:00:00,17,161,Midtown Center,Manhattan,16.0
161,2026-03-08 06:00:00,21,161,Midtown Center,Manhattan,23.8
161,2026-03-08 07:00:00,27,161,Midtown Center,Manhattan,25.9
161,2026-03-08 08:00:00,46,161,Midtown Center,Manhattan,40.4
161,2026-03-08 09:00:00,69,161,Midtown Center,Manhattan,74.7
161,2026-03-08 10:00:00,125,161,Midtown Center,Manhattan,106.8
161,2026-03-08 11:00:00,138,161,Midtown Center,Manhattan,167.6
161,2026-03-08 12:00:00,194,161,Midtown Center,Manhattan,174.7
161,2026-03-08 13:00:00,183,161,Midtown Center,Manhattan,206.9
161,2026-03-08 14:00:00,219,161,Midtown Center,Manhattan,197.1
161,2026-03-08 15:00:00,212,161,Midtown Center,Manhattan,209.8
161,2026-03-08 16:00:00,240,161,Midtown Center,Manhattan,218.6
161,2026-03-08 17:00:00,219,161,Midtown Center,Manhattan,234.0
161,2026-03-08 18:00:00,223,161,Midtown Center,Manhattan,213.8
161,2026-03-08 19:00:00,151,161,Midtown Center,Manhattan,175.5
161,2026-03-08 20:00:00,121,161,Midtown Center,Manhattan,133.6
161,2026-03-08 21:00:00,87,161,Midtown Center,Manhattan,105.9
161,2026-03-08 22:00:00,69,161,Midtown Center,Manhattan,63.2
161,2026-03-08 23:00:00,33,161,Midtown Center,Manhattan,35.4
161,2026-03-09 00:00:00,24,161,Midtown Center,Manhattan,18.6
161,2026-03-09 01:00:00,7,161,Midtown Center,Manhattan,12.4
161,2026-03-09 02:00:00,2,161,Midtown Center,Manhattan,3.6
161,2026-03-09 04:00:00,2,161,Midtown Center,Manhattan,5.5
161,2026-03-09 05:00:00,12,161,Midtown Center,Manhattan,15.0
161,2026-03-09 06:00:00,38,161,Midtown Center,Manhattan,39.0
161,2026-03-09 07:00:00,70,161,Midtown Center,Manhattan,71.4
161,2026-03-09 08:00:00,109,161,Midtown Center,Manhattan,112.6
161,2026-03-09 09:00:00,130,161,Midtown Center,Manhattan,136.3
161,2026-03-09 10:00:00,169,161,Midtown Center,Manhattan,154.8
161,2026-03-09 11:00:00,210,161,Midtown Center,Manhattan,193.4
161,2026-03-09 12:00:00,195,161,Midtown Center,Manhattan,235.1
161,2026-03-09 13:00:00,275,161,Midtown Center,Manhattan,235.1
161,2026-03-09 14:00:00,287,161,Midtown Center,Manhattan,299.7
161,2026-03-09 15:00:00,280,161,Midtown Center,Manhattan,315.6
161,2026-03-09 16:00:00,343,161,Midtown Center,Manhattan,313.7
161,2026-03-09 17:00:00,368,161,Midtown Center,Manhattan,404.9
161,2026-03-09 18:00:00,436,161,Midtown Center,Manhattan,426.8
161,2026-03-09 19:00:00,414,161,Midtown Center,Manhattan,424.6
161,2026-03-09 20:00:00,524,161,Midtown Center,Manhattan,445.2
161,2026-03-09 21:00:00,500,161,Midtown Center,Manhattan,504.8
161,2026-03-09 22:00:00,320,161,Midtown Center,Manhattan,314.7
161,2026-03-09 23:00:00,95,161,Midtown Center,Manhattan,150.8
161,2026-03-10 00:00:00,40,161,Midtown Center,Manhattan,34.1
161,2026-03-10 01:00:00,21,161,Midtown Center,Manhattan,13.2
161,2026-03-10 02:00:00,8,161,Midtown Center,Manhattan,8.1
161,2026-03-10 03:00:00,2,161,Midtown Center,Manhattan,5.1
161,2026-03-10 04:00:00,1,161,Midtown Center,Manhattan,6.1
161,2026-03-10 05:00:00,11,161,Midtown Center,Manhattan,13.8
161,2026-03-10 06:00:00,34,161,Midtown Center,Manhattan,38.8
161,2026-03-10 07:00:00,76,161,Midtown Center,Manhattan,90.1
161,2026-03-10 08:00:00,174,161,Midtown Center,Manhattan,138.9
161,2026-03-10 09:00:00,190,161,Midtown Center,Manhattan,202.4
161,2026-03-10 10:00:00,179,161,Midtown Center,Manhattan,210.0
161,2026-03-10 11:00:00,249,161,Midtown Center,Manhattan,232.5
161,2026-03-10 12:00:00,264,161,Midtown Center,Manhattan,276.2
161,2026-03-10 13:00:00,292,161,Midtown Center,Manhattan,310.9
161,2026-03-10 14:00:00,378,161,Midtown Center,Manhattan,337.0
161,2026-03-10 15:00:00,351,161,Midtown Center,Manhattan,404.0
161,2026-03-10 16:00:00,398,161,Midtown Center,Manhattan,400.2
161,2026-03-10 17:00:00,605,161,Midtown Center,Manhattan,494.6
161,2026-03-10 18:00:00,586,161,Midtown Center,Manhattan,578.2
161,2026-03-10 19:00:00,596,161,Midtown Center,Manhattan,587.0
161,2026-03-10 20:00:00,723,161,Midtown Center,Manhattan,673.5
161,2026-03-10 21:00:00,623,161,Midtown Center,Manhattan,667.9
161,2026-03-10 22:00:00,421,161,Midtown Center,Manhattan,485.3
161,2026-03-10 23:00:00,182,161,Midtown Center,Manhattan,179.7
161,2026-03-11 00:00:00,60,161,Midtown Center,Manhattan,56.4
161,2026-03-11 01:00:00,25,161,Midtown Center,Manhattan,22.2
161,2026-03-11 02:00:00,14,161,Midtown Center,Manhattan,9.0
161,2026-03-11 03:00:00,4,161,Midtown Center,Manhattan,6.2
161,2026-03-11 04:00:00,8,161,Midtown Center,Manhattan,5.3
161,2026-03-11 05:00:00,12,161,Midtown Center,Manhattan,13.0
161,2026-03-11 06:00:00,32,161,Midtown Center,Manhattan,43.1
161,2026-03-11 07:00:00,102,161,Midtown Center,Manhattan,85.4
161,2026-03-11 08:00:00,163,161,Midtown Center,Manhattan,168.0
161,2026-03-11 09:00:00,173,161,Midtown Center,Manhattan,196.6
161,2026-03-11 10:00:00,201,161,Midtown Center,Manhattan,201.5
161,2026-03-11 11:00:00,244,161,Midtown Center,Manhattan,250.9
161,2026-03-11 12:00:00,291,161,Midtown Center,Manhattan,275.1
161,2026-03-11 13:00:00,313,161,Midtown Center,Manhattan,311.3
161,2026-03-11 14:00:00,367,161,Midtown Center,Manhattan,357.6
161,2026-03-11 15:00:00,374,161,Midtown Center,Manhattan,383.2
161,2026-03-11 16:00:00,419,161,Midtown Center,Manhattan,411.2
161,2026-03-11 17:00:00,500,161,Midtown Center,Manhattan,517.4
161,2026-03-11 18:00:00,574,161,Midtown Center,Manhattan,565.1
161,2026-03-11 19:00:00,609,161,Midtown Center,Manhattan,551.1
161,2026-03-11 20:00:00,779,161,Midtown Center,Manhattan,666.2
161,2026-03-11 21:00:00,739,161,Midtown Center,Manhattan,646.7
161,2026-03-11 22:00:00,536,161,Midtown Center,Manhattan,509.6
161,2026-03-11 23:00:00,178,161,Midtown Center,Manhattan,263.2
161,2026-03-12 00:00:00,106,161,Midtown Center,Manhattan,57.1
161,2026-03-12 01:00:00,32,161,Midtown Center,Manhattan,27.1
161,2026-03-12 02:00:00,9,161,Midtown Center,Manhattan,12.5
161,2026-03-12 03:00:00,7,161,Midtown Center,Manhattan,5.4
161,2026-03-12 04:00:00,18,161,Midtown Center,Manhattan,7.1
161,2026-03-12 05:00:00,18,161,Midtown Center,Manhattan,22.2
161,2026-03-12 06:00:00,40,161,Midtown Center,Manhattan,44.1
161,2026-03-12 07:00:00,134,161,Midtown Center,Manhattan,102.9
161,2026-03-12 08:00:00,205,161,Midtown Center,Manhattan,192.1
161,2026-03-12 09:00:00,248,161,Midtown Center,Manhattan,220.5
161,2026-03-12 10:00:00,257,161,Midtown Center,Manhattan,259.1
161,2026-03-12 11:00:00,313,161,Midtown Center,Manhattan,281.9
161,2026-03-12 12:00:00,369,161,Midtown Center,Manhattan,331.1
161,2026-03-12 13:00:00,444,161,Midtown Center,Manhattan,375.3
161,2026-03-12 14:00:00,491,161,Midtown Center,Manhattan,429.0
161,2026-03-12 15:00:00,467,161,Midtown Center,Manhattan,445.2
161,2026-03-12 16:00:00,585,161,Midtown Center,Manhattan,485.0
161,2026-03-12 17:00:00,643,161,Midtown Center,Manhattan,610.3
161,2026-03-12 18:00:00,550,161,Midtown Center,Manhattan,595.0
161,2026-03-12 19:00:00,661,161,Midtown Center,Manhattan,633.6
161,2026-03-12 20:00:00,820,161,Midtown Center,Manhattan,728.3
161,2026-03-12 21:00:00,693,161,Midtown Center,Manhattan,718.9
161,2026-03-12 22:00:00,554,161,Midtown Center,Manhattan,576.9
161,2026-03-12 23:00:00,240,161,Midtown Center,Manhattan,357.0
161,2026-03-13 00:00:00,98,161,Midtown Center,Manhattan,141.1
161,2026-03-13 01:00:00,39,161,Midtown Center,Manhattan,47.8
161,2026-03-13 02:00:00,18,161,Midtown Center,Manhattan,15.1
161,2026-03-13 03:00:00,12,161,Midtown Center,Manhattan,10.1
161,2026-03-13 04:00:00,16,161,Midtown Center,Manhattan,12.8
161,2026-03-13 05:00:00,20,161,Midtown Center,Manhattan,21.5
161,2026-03-13 06:00:00,39,161,Midtown Center,Manhattan,42.9
161,2026-03-13 07:00:00,73,161,Midtown Center,Manhattan,80.2
161,2026-03-13 08:00:00,110,161,Midtown Center,Manhattan,130.9
161,2026-03-13 09:00:00,160,161,Midtown Center,Manhattan,170.8
161,2026-03-13 10:00:00,207,161,Midtown Center,Manhattan,204.6
161,2026-03-13 11:00:00,244,161,Midtown Center,Manhattan,254.6
161,2026-03-13 12:00:00,281,161,Midtown Center,Manhattan,309.7
161,2026-03-13 13:00:00,329,161,Midtown Center,Manhattan,334.5
161,2026-03-13 14:00:00,414,161,Midtown Center,Manhattan,370.6
161,2026-03-13 15:00:00,391,161,Midtown Center,Manhattan,422.4
161,2026-03-13 16:00:00,405,161,Midtown Center,Manhattan,442.7
161,2026-03-13 17:00:00,540,161,Midtown Center,Manhattan,481.3
161,2026-03-13 18:00:00,485,161,Midtown Center,Manhattan,515.7
161,2026-03-13 19:00:00,386,161,Midtown Center,Manhattan,396.3
161,2026-03-13 20:00:00,324,161,Midtown Center,Manhattan,335.7
161,2026-03-13 21:00:00,279,161,Midtown Center,Manhattan,298.9
161,2026-03-13 22:00:00,294,161,Midtown Center,Manhattan,275.0
161,2026-03-13 23:00:00,195,161,Midtown Center,Manhattan,196.2
161,2026-03-14 00:00:00,112,161,Midtown Center,Manhattan,104.0
161,2026-03-14 01:00:00,22,161,Midtown Center,Manhattan,44.8
161,2026-03-14 02:00:00,15,161,Midtown Center,Manhattan,13.5
161,2026-03-14 03:00:00,8,161,Midtown Center,Manhattan,9.9
161,2026-03-14 04:00:00,17,161,Midtown Center,Manhattan,9.5
161,2026-03-14 05:00:00,10,161,Midtown Center,Manhattan,14.5
161,2026-03-14 06:00:00,16,161,Midtown Center,Manhattan,21.5
161,2026-03-14 07:00:00,21,161,Midtown Center,Manhattan,26.2
161,2026-03-14 08:00:00,58,161,Midtown Center,Manhattan,42.3
161,2026-03-14 09:00:00,82,161,Midtown Center,Manhattan,101.1
161,2026-03-14 10:00:00,118,161,Midtown Center,Manhattan,144.6
161,2026-03-14 11:00:00,209,161,Midtown Center,Manhattan,173.8
161,2026-03-14 12:00:00,212,161,Midtown Center,Manhattan,243.1
161,2026-03-14 13:00:00,201,161,Midtown Center,Manhattan,247.8
161,2026-03-14 14:00:00,244,161,Midtown Center,Manhattan,241.8
161,2026-03-14 15:00:00,237,161,Midtown Center,Manhattan,260.3
161,2026-03-14 16:00:00,284,161,Midtown Center,Manhattan,293.1
161,2026-03-14 17:00:00,281,161,Midtown Center,Manhattan,291.6
161,2026-03-14 18:00:00,287,161,Midtown Center,Manhattan,282.4
161,2026-03-14 19:00:00,286,161,Midtown Center,Manhattan,231.2
161,2026-03-14 20:00:00,168,161,Midtown Center,Manhattan,211.3
161,2026-03-14 21:00:00,204,161,Midtown Center,Manhattan,184.5
161,2026-03-14 22:00:00,224,161,Midtown Center,Manhattan,234.2
161,2026-03-14 23:00:00,191,161,Midtown Center,Manhattan,179.4
161,2026-03-15 00:00:00,85,161,Midtown Center,Manhattan,104.9
161,2026-03-15 01:00:00,63,161,Midtown Center,Manhattan,44.8
161,2026-03-15 02:00:00,30,161,Midtown Center,Manhattan,19.5
161,2026-03-15 03:00:00,13,161,Midtown Center,Manhattan,19.1
161,2026-03-15 04:00:00,15,161,Midtown Center,Manhattan,14.3
161,2026-03-15 05:00:00,19,161,Midtown Center,Manhattan,13.0
161,2026-03-15 06:00:00,30,161,Midtown Center,Manhattan,24.7
161,2026-03-15 07:00:00,41,161,Midtown Center,Manhattan,30.1
161,2026-03-15 08:00:00,63,161,Midtown Center,Manhattan,53.9
161,2026-03-15 09:00:00,144,161,Midtown Center,Manhattan,87.8
161,2026-03-15 10:00:00,210,161,Midtown Center,Manhattan,159.5
161,2026-03-15 11:00:00,213,161,Midtown Center,Manhattan,214.4
161,2026-03-15 12:00:00,222,161,Midtown Center,Manhattan,218.1
161,2026-03-15 13:00:00,257,161,Midtown Center,Manhattan,215.1
161,2026-03-15 14:00:00,265,161,Midtown Center,Manhattan,249.1
161,2026-03-15 15:00:00,244,161,Midtown Center,Manhattan,247.6
161,2026-03-15 16:00:00,224,161,Midtown Center,Manhattan,249.4
161,2026-03-15 17:00:00,253,161,Midtown Center,Manhattan,236.3
161,2026-03-15 18:00:00,198,161,Midtown Center,Manhattan,245.0
161,2026-03-15 19:00:00,152,161,Midtown Center,Manhattan,161.8
161,2026-03-15 20:00:00,102,161,Midtown Center,Manhattan,132.8
161,2026-03-15 21:00:00,85,161,Midtown Center,Manhattan,94.1
161,2026-03-15 22:00:00,76,161,Midtown Center,Manhattan,63.8
161,2026-03-15 23:00:00,45,161,Midtown Center,Manhattan,39.1
161,2026-03-16 00:00:00,17,161,Midtown Center,Manhattan,22.4
161,2026-03-16 01:00:00,7,161,Midtown Center,Manhattan,11.0
161,2026-03-16 02:00:00,4,161,Midtown Center,Manhattan,6.6
161,2026-03-16 03:00:00,4,161,Midtown Center,Manhattan,4.5
161,2026-03-16 04:00:00,9,161,Midtown Center,Manhattan,6.0
161,2026-03-16 05:00:00,18,161,Midtown Center,Manhattan,13.8
161,2026-03-16 06:00:00,40,161,Midtown Center,Manhattan,46.3
161,2026-03-16 07:00:00,72,161,Midtown Center,Manhattan,75.0
161,2026-03-16 08:00:00,119,161,Midtown Center,Manhattan,114.4
161,2026-03-16 09:00:00,175,161,Midtown Center,Manhattan,152.6
161,2026-03-16 10:00:00,187,161,Midtown Center,Manhattan,200.1
161,2026-03-16 11:00:00,230,161,Midtown Center,Manhattan,220.9
161,2026-03-16 12:00:00,233,161,Midtown Center,Manhattan,230.2
161,2026-03-16 13:00:00,266,161,Midtown Center,Manhattan,264.7
161,2026-03-16 14:00:00,319,161,Midtown Center,Manhattan,293.2
161,2026-03-16 15:00:00,300,161,Midtown Center,Manhattan,329.7
161,2026-03-16 16:00:00,459,161,Midtown Center,Manhattan,332.8
161,2026-03-16 17:00:00,614,161,Midtown Center,Manhattan,469.8
161,2026-03-16 18:00:00,547,161,Midtown Center,Manhattan,516.4
161,2026-03-16 19:00:00,552,161,Midtown Center,Manhattan,456.0
161,2026-03-16 20:00:00,659,161,Midtown Center,Manhattan,538.8
161,2026-03-16 21:00:00,524,161,Midtown Center,Manhattan,542.0
161,2026-03-16 22:00:00,248,161,Midtown Center,Manhattan,320.5
161,2026-03-16 23:00:00,69,161,Midtown Center,Manhattan,116.1
161,2026-03-17 00:00:00,32,161,Midtown Center,Manhattan,31.2
161,2026-03-17 01:00:00,8,161,Midtown Center,Manhattan,14.6
161,2026-03-17 02:00:00,8,161,Midtown Center,Manhattan,4.5
161,2026-03-17 03:00:00,3,161,Midtown Center,Manhattan,3.9
161,2026-03-17 04:00:00,5,161,Midtown Center,Manhattan,5.2
161,2026-03-17 05:00:00,13,161,Midtown Center,Manhattan,14.0
161,2026-03-17 06:00:00,42,161,Midtown Center,Manhattan,42.0
161,2026-03-17 07:00:00,65,161,Midtown Center,Manhattan,89.2
161,2026-03-17 08:00:00,93,161,Midtown Center,Manhattan,119.5
161,2026-03-17 09:00:00,115,161,Midtown Center,Manhattan,151.2
161,2026-03-17 10:00:00,72,161,Midtown Center,Manhattan,164.8
161,2026-03-17 11:00:00,52,161,Midtown Center,Manhattan,124.8
161,2026-03-17 12:00:00,53,161,Midtown Center,Manhattan,97.9
161,2026-03-17 13:00:00,80,161,Midtown Center,Manhattan,98.4
161,2026-03-17 14:00:00,159,161,Midtown Center,Manhattan,144.5
161,2026-03-17 15:00:00,199,161,Midtown Center,Manhattan,224.9
161,2026-03-17 16:00:00,323,161,Midtown Center,Manhattan,285.3
161,2026-03-17 17:00:00,511,161,Midtown Center,Manhattan,427.6
161,2026-03-17 18:00:00,627,161,Midtown Center,Manhattan,566.3
161,2026-03-17 19:00:00,610,161,Midtown Center,Manhattan,623.3
161,2026-03-17 20:00:00,724,161,Midtown Center,Manhattan,663.2
161,2026-03-17 21:00:00,648,161,Midtown Center,Manhattan,655.9
161,2026-03-17 22:00:00,416,161,Midtown Center,Manhattan,434.9
161,2026-03-17 23:00:00,168,161,Midtown Center,Manhattan,171.0
161,2026-03-18 00:00:00,65,161,Midtown Center,Manhattan,50.4
161,2026-03-18 01:00:00,26,161,Midtown Center,Manhattan,21.9
161,2026-03-18 02:00:00,3,161,Midtown Center,Manhattan,10.6
161,2026-03-18 03:00:00,4,161,Midtown Center,Manhattan,3.7
161,2026-03-18 04:00:00,9,161,Midtown Center,Manhattan,5.4
161,2026-03-18 05:00:00,16,161,Midtown Center,Manhattan,14.0
161,2026-03-18 06:00:00,44,161,Midtown Center,Manhattan,39.4
161,2026-03-18 07:00:00,79,161,Midtown Center,Manhattan,103.7
161,2026-03-18 08:00:00,183,161,Midtown Center,Manhattan,130.2
161,2026-03-18 09:00:00,268,161,Midtown Center,Manhattan,192.2
161,2026-03-18 10:00:00,231,161,Midtown Center,Manhattan,242.0
161,2026-03-18 11:00:00,305,161,Midtown Center,Manhattan,237.0
161,2026-03-18 12:00:00,307,161,Midtown Center,Manhattan,291.7
161,2026-03-18 13:00:00,399,161,Midtown Center,Manhattan,301.0
161,2026-03-18 14:00:00,373,161,Midtown Center,Manhattan,372.7
161,2026-03-18 15:00:00,390,161,Midtown Center,Manhattan,372.6
161,2026-03-18 16:00:00,476,161,Midtown Center,Manhattan,408.1
161,2026-03-18 17:00:00,624,161,Midtown Center,Manhattan,535.5
161,2026-03-18 18:00:00,648,161,Midtown Center,Manhattan,622.7
161,2026-03-18 19:00:00,640,161,Midtown Center,Manhattan,625.4
161,2026-03-18 20:00:00,792,161,Midtown Center,Manhattan,727.6
161,2026-03-18 21:00:00,765,161,Midtown Center,Manhattan,694.7
161,2026-03-18 22:00:00,453,161,Midtown Center,Manhattan,568.7
161,2026-03-18 23:00:00,180,161,Midtown Center,Manhattan,208.6
161,2026-03-19 00:00:00,58,161,Midtown Center,Manhattan,74.2
161,2026-03-19 01:00:00,28,161,Midtown Center,Manhattan,24.0
161,2026-03-19 02:00:00,7,161,Midtown Center,Manhattan,10.6
161,2026-03-19 03:00:00,6,161,Midtown Center,Manhattan,5.7
161,2026-03-19 04:00:00,4,161,Midtown Center,Manhattan,9.4
161,2026-03-19 05:00:00,25,161,Midtown Center,Manhattan,17.0
161,2026-03-19 06:00:00,43,161,Midtown Center,Manhattan,50.0
161,2026-03-19 07:00:00,78,161,Midtown Center,Manhattan,115.7
161,2026-03-19 08:00:00,148,161,Midtown Center,Manhattan,143.0
161,2026-03-19 09:00:00,241,161,Midtown Center,Manhattan,215.2
161,2026-03-19 10:00:00,250,161,Midtown Center,Manhattan,253.4
161,2026-03-19 11:00:00,318,161,Midtown Center,Manhattan,306.5
161,2026-03-19 12:00:00,308,161,Midtown Center,Manhattan,345.2
161,2026-03-19 13:00:00,366,161,Midtown Center,Manhattan,375.8
161,2026-03-19 14:00:00,446,161,Midtown Center,Manhattan,413.4
161,2026-03-19 15:00:00,396,161,Midtown Center,Manhattan,448.6
161,2026-03-19 16:00:00,466,161,Midtown Center,Manhattan,484.0
161,2026-03-19 17:00:00,578,161,Midtown Center,Manhattan,578.6
161,2026-03-19 18:00:00,639,161,Midtown Center,Manhattan,592.5
161,2026-03-19 19:00:00,617,161,Midtown Center,Manhattan,624.5
161,2026-03-19 20:00:00,735,161,Midtown Center,Manhattan,706.3
161,2026-03-19 21:00:00,697,161,Midtown Center,Manhattan,737.6
161,2026-03-19 22:00:00,469,161,Midtown Center,Manhattan,546.8
161,2026-03-19 23:00:00,258,161,Midtown Center,Manhattan,258.5
161,2026-03-20 00:00:00,122,161,Midtown Center,Manhattan,108.1
161,2026-03-20 01:00:00,50,161,Midtown Center,Manhattan,46.2
161,2026-03-20 02:00:00,14,161,Midtown Center,Manhattan,18.6
161,2026-03-20 03:00:00,15,161,Midtown Center,Manhattan,9.9
161,2026-03-20 04:00:00,32,161,Midtown Center,Manhattan,12.0
161,2026-03-20 05:00:00,21,161,Midtown Center,Manhattan,27.0
161,2026-03-20 06:00:00,32,161,Midtown Center,Manhattan,43.6
161,2026-03-20 07:00:00,64,161,Midtown Center,Manhattan,71.5
161,2026-03-20 08:00:00,101,161,Midtown Center,Manhattan,110.6
161,2026-03-20 09:00:00,137,161,Midtown Center,Manhattan,171.4
161,2026-03-20 10:00:00,161,161,Midtown Center,Manhattan,196.7
161,2026-03-20 11:00:00,235,161,Midtown Center,Manhattan,231.5
161,2026-03-20 12:00:00,289,161,Midtown Center,Manhattan,293.2
161,2026-03-20 13:00:00,261,161,Midtown Center,Manhattan,324.3
161,2026-03-20 14:00:00,321,161,Midtown Center,Manhattan,341.6
161,2026-03-20 15:00:00,355,161,Midtown Center,Manhattan,361.8
161,2026-03-20 16:00:00,422,161,Midtown Center,Manhattan,393.9
161,2026-03-20 17:00:00,441,161,Midtown Center,Manhattan,479.2
161,2026-03-20 18:00:00,489,161,Midtown Center,Manhattan,461.9
161,2026-03-20 19:00:00,366,161,Midtown Center,Manhattan,394.0
161,2026-03-20 20:00:00,332,161,Midtown Center,Manhattan,311.9
161,2026-03-20 21:00:00,338,161,Midtown Center,Manhattan,308.2
161,2026-03-20 22:00:00,307,161,Midtown Center,Manhattan,326.9
161,2026-03-20 23:00:00,175,161,Midtown Center,Manhattan,213.0
161,2026-03-21 00:00:00,96,161,Midtown Center,Manhattan,101.6
161,2026-03-21 01:00:00,57,161,Midtown Center,Manhattan,37.9
161,2026-03-21 02:00:00,20,161,Midtown Center,Manhattan,20.1
161,2026-03-21 03:00:00,10,161,Midtown Center,Manhattan,11.1
161,2026-03-21 04:00:00,17,161,Midtown Center,Manhattan,12.7
161,2026-03-21 05:00:00,6,161,Midtown Center,Manhattan,15.0
161,2026-03-21 06:00:00,9,161,Midtown Center,Manhattan,20.4
161,2026-03-21 07:00:00,12,161,Midtown Center,Manhattan,24.6
161,2026-03-21 08:00:00,41,161,Midtown Center,Manhattan,54.6
161,2026-03-21 09:00:00,91,161,Midtown Center,Manhattan,87.6
161,2026-03-21 10:00:00,130,161,Midtown Center,Manhattan,146.1
161,2026-03-21 11:00:00,172,161,Midtown Center,Manhattan,191.0
161,2026-03-21 12:00:00,214,161,Midtown Center,Manhattan,215.2
161,2026-03-21 13:00:00,208,161,Midtown Center,Manhattan,224.7
161,2026-03-21 14:00:00,211,161,Midtown Center,Manhattan,248.1
161,2026-03-21 15:00:00,223,161,Midtown Center,Manhattan,247.1
161,2026-03-21 16:00:00,290,161,Midtown Center,Manhattan,289.7
161,2026-03-21 17:00:00,269,161,Midtown Center,Manhattan,309.8
161,2026-03-21 18:00:00,256,161,Midtown Center,Manhattan,286.8
161,2026-03-21 19:00:00,238,161,Midtown Center,Manhattan,249.6
161,2026-03-21 20:00:00,172,161,Midtown Center,Manhattan,195.0
161,2026-03-21 21:00:00,196,161,Midtown Center,Manhattan,189.8
161,2026-03-21 22:00:00,238,161,Midtown Center,Manhattan,236.2
161,2026-03-21 23:00:00,180,161,Midtown Center,Manhattan,189.9
161,2026-03-22 00:00:00,89,161,Midtown Center,Manhattan,100.7
161,2026-03-22 01:00:00,43,161,Midtown Center,Manhattan,52.0
161,2026-03-22 02:00:00,10,161,Midtown Center,Manhattan,22.8
161,2026-03-22 03:00:00,13,161,Midtown Center,Manhattan,7.8
161,2026-03-22 04:00:00,15,161,Midtown Center,Manhattan,10.8
161,2026-03-22 05:00:00,11,161,Midtown Center,Manhattan,14.9
161,2026-03-22 06:00:00,21,161,Midtown Center,Manhattan,24.3
161,2026-03-22 07:00:00,27,161,Midtown Center,Manhattan,32.3
161,2026-03-22 08:00:00,42,161,Midtown Center,Manhattan,50.6
161,2026-03-22 09:00:00,78,161,Midtown Center,Manhattan,79.8
161,2026-03-22 10:00:00,125,161,Midtown Center,Manhattan,119.1
161,2026-03-22 11:00:00,174,161,Midtown Center,Manhattan,171.2
161,2026-03-22 12:00:00,178,161,Midtown Center,Manhattan,207.3
161,2026-03-22 13:00:00,187,161,Midtown Center,Manhattan,208.1
161,2026-03-22 14:00:00,219,161,Midtown Center,Manhattan,212.9
161,2026-03-22 15:00:00,213,161,Midtown Center,Manhattan,224.4
161,2026-03-22 16:00:00,212,161,Midtown Center,Manhattan,226.9
161,2026-03-22 17:00:00,217,161,Midtown Center,Manhattan,239.3
161,2026-03-22 18:00:00,243,161,Midtown Center,Manhattan,210.2
161,2026-03-22 19:00:00,147,161,Midtown Center,Manhattan,186.6
161,2026-03-22 20:00:00,159,161,Midtown Center,Manhattan,133.3
161,2026-03-22 21:00:00,108,161,Midtown Center,Manhattan,120.9
161,2026-03-22 22:00:00,110,161,Midtown Center,Manhattan,71.4
161,2026-03-22 23:00:00,37,161,Midtown Center,Manhattan,56.1
161,2026-03-23 00:00:00,12,161,Midtown Center,Manhattan,16.6
161,2026-03-23 01:00:00,6,161,Midtown Center,Manhattan,9.5
161,2026-03-23 02:00:00,2,161,Midtown Center,Manhattan,4.1
161,2026-03-23 03:00:00,5,161,Midtown Center,Manhattan,4.2
161,2026-03-23 04:00:00,10,161,Midtown Center,Manhattan,5.5
161,2026-03-23 05:00:00,14,161,Midtown Center,Manhattan,12.9
161,2026-03-23 06:00:00,58,161,Midtown Center,Manhattan,37.0
161,2026-03-23 07:00:00,103,161,Midtown Center,Manhattan,80.2
161,2026-03-23 08:00:00,132,161,Midtown Center,Manhattan,147.6
161,2026-03-23 09:00:00,184,161,Midtown Center,Manhattan,159.5
161,2026-03-23 10:00:00,171,161,Midtown Center,Manhattan,191.4
161,2026-03-23 11:00:00,248,161,Midtown Center,Manhattan,207.0
161,2026-03-23 12:00:00,254,161,Midtown Center,Manhattan,250.0
161,2026-03-23 13:00:00,324,161,Midtown Center,Manhattan,272.8
161,2026-03-23 14:00:00,278,161,Midtown Center,Manhattan,342.9
161,2026-03-23 15:00:00,338,161,Midtown Center,Manhattan,310.4
161,2026-03-23 16:00:00,390,161,Midtown Center,Manhattan,368.9
161,2026-03-23 17:00:00,573,161,Midtown Center,Manhattan,470.8
161,2026-03-23 18:00:00,504,161,Midtown Center,Manhattan,556.5
161,2026-03-23 19:00:00,430,161,Midtown Center,Manhattan,487.0
161,2026-03-23 20:00:00,478,161,Midtown Center,Manhattan,491.7
161,2026-03-23 21:00:00,466,161,Midtown Center,Manhattan,480.3
161,2026-03-23 22:00:00,227,161,Midtown Center,Manhattan,304.7
161,2026-03-23 23:00:00,71,161,Midtown Center,Manhattan,103.7
161,2026-03-24 00:00:00,34,161,Midtown Center,Manhattan,28.9
161,2026-03-24 01:00:00,13,161,Midtown Center,Manhattan,11.4
161,2026-03-24 02:00:00,5,161,Midtown Center,Manhattan,7.0
161,2026-03-24 03:00:00,6,161,Midtown Center,Manhattan,4.7
161,2026-03-24 04:00:00,10,161,Midtown Center,Manhattan,6.4
161,2026-03-24 05:00:00,10,161,Midtown Center,Manhattan,15.2
161,2026-03-24 06:00:00,41,161,Midtown Center,Manhattan,46.1
161,2026-03-24 07:00:00,82,161,Midtown Center,Manhattan,88.8
161,2026-03-24 08:00:00,142,161,Midtown Center,Manhattan,147.3
161,2026-03-24 09:00:00,219,161,Midtown Center,Manhattan,173.5
161,2026-03-24 10:00:00,216,161,Midtown Center,Manhattan,215.4
161,2026-03-24 11:00:00,247,161,Midtown Center,Manhattan,223.4
161,2026-03-24 12:00:00,276,161,Midtown Center,Manhattan,258.8
161,2026-03-24 13:00:00,278,161,Midtown Center,Manhattan,300.5
161,2026-03-24 14:00:00,402,161,Midtown Center,Manhattan,287.4
161,2026-03-24 15:00:00,355,161,Midtown Center,Manhattan,390.8
161,2026-03-24 16:00:00,433,161,Midtown Center,Manhattan,389.8
161,2026-03-24 17:00:00,518,161,Midtown Center,Manhattan,556.1
161,2026-03-24 18:00:00,573,161,Midtown Center,Manhattan,578.5
161,2026-03-24 19:00:00,531,161,Midtown Center,Manhattan,565.5
161,2026-03-24 20:00:00,641,161,Midtown Center,Manhattan,593.9
161,2026-03-24 21:00:00,702,161,Midtown Center,Manhattan,633.1
161,2026-03-24 22:00:00,348,161,Midtown Center,Manhattan,431.4
161,2026-03-24 23:00:00,167,161,Midtown Center,Manhattan,140.3
161,2026-03-25 00:00:00,63,161,Midtown Center,Manhattan,52.6
161,2026-03-25 01:00:00,19,161,Midtown Center,Manhattan,23.4
161,2026-03-25 02:00:00,9,161,Midtown Center,Manhattan,7.0
161,2026-03-25 03:00:00,8,161,Midtown Center,Manhattan,4.6
161,2026-03-25 04:00:00,9,161,Midtown Center,Manhattan,6.8
161,2026-03-25 05:00:00,13,161,Midtown Center,Manhattan,13.4
161,2026-03-25 06:00:00,41,161,Midtown Center,Manhattan,43.4
161,2026-03-25 07:00:00,97,161,Midtown Center,Manhattan,90.4
161,2026-03-25 08:00:00,149,161,Midtown Center,Manhattan,164.5
161,2026-03-25 09:00:00,177,161,Midtown Center,Manhattan,210.6
161,2026-03-25 10:00:00,197,161,Midtown Center,Manhattan,224.3
161,2026-03-25 11:00:00,264,161,Midtown Center,Manhattan,252.0
161,2026-03-25 12:00:00,297,161,Midtown Center,Manhattan,296.1
161,2026-03-25 13:00:00,344,161,Midtown Center,Manhattan,332.0
161,2026-03-25 14:00:00,354,161,Midtown Center,Manhattan,386.6
161,2026-03-25 15:00:00,389,161,Midtown Center,Manhattan,380.5
161,2026-03-25 16:00:00,458,161,Midtown Center,Manhattan,448.4
161,2026-03-25 17:00:00,504,161,Midtown Center,Manhattan,556.1
161,2026-03-25 18:00:00,547,161,Midtown Center,Manhattan,579.6
161,2026-03-25 19:00:00,527,161,Midtown Center,Manhattan,566.3
161,2026-03-25 20:00:00,675,161,Midtown Center,Manhattan,577.8
161,2026-03-25 21:00:00,670,161,Midtown Center,Manhattan,655.2
161,2026-03-25 22:00:00,368,161,Midtown Center,Manhattan,464.5
161,2026-03-25 23:00:00,160,161,Midtown Center,Manhattan,185.4
161,2026-03-26 00:00:00,73,161,Midtown Center,Manhattan,58.3
161,2026-03-26 01:00:00,38,161,Midtown Center,Manhattan,29.0
161,2026-03-26 02:00:00,9,161,Midtown Center,Manhattan,11.3
161,2026-03-26 03:00:00,6,161,Midtown Center,Manhattan,5.3
161,2026-03-26 04:00:00,17,161,Midtown Center,Manhattan,6.0
161,2026-03-26 05:00:00,14,161,Midtown Center,Manhattan,22.7
161,2026-03-26 06:00:00,34,161,Midtown Center,Manhattan,41.1
161,2026-03-26 07:00:00,64,161,Midtown Center,Manhattan,82.7
161,2026-03-26 08:00:00,137,161,Midtown Center,Manhattan,113.5
161,2026-03-26 09:00:00,195,161,Midtown Center,Manhattan,183.3
161,2026-03-26 10:00:00,236,161,Midtown Center,Manhattan,231.6
161,2026-03-26 11:00:00,238,161,Midtown Center,Manhattan,273.2
161,2026-03-26 12:00:00,305,161,Midtown Center,Manhattan,291.4
161,2026-03-26 13:00:00,342,161,Midtown Center,Manhattan,336.9
161,2026-03-26 14:00:00,384,161,Midtown Center,Manhattan,382.4
161,2026-03-26 15:00:00,406,161,Midtown Center,Manhattan,406.3
161,2026-03-26 16:00:00,411,161,Midtown Center,Manhattan,455.2
161,2026-03-26 17:00:00,467,161,Midtown Center,Manhattan,485.5
161,2026-03-26 18:00:00,482,161,Midtown Center,Manhattan,534.6
161,2026-03-26 19:00:00,524,161,Midtown Center,Manhattan,509.4
161,2026-03-26 20:00:00,499,161,Midtown Center,Manhattan,568.1
161,2026-03-26 21:00:00,535,161,Midtown Center,Manhattan,553.5
161,2026-03-26 22:00:00,457,161,Midtown Center,Manhattan,435.2
161,2026-03-26 23:00:00,258,161,Midtown Center,Manhattan,250.8
161,2026-03-27 00:00:00,118,161,Midtown Center,Manhattan,109.8
161,2026-03-27 01:00:00,37,161,Midtown Center,Manhattan,49.7
161,2026-03-27 02:00:00,21,161,Midtown Center,Manhattan,14.2
161,2026-03-27 03:00:00,14,161,Midtown Center,Manhattan,11.4
161,2026-03-27 04:00:00,15,161,Midtown Center,Manhattan,19.4
161,2026-03-27 05:00:00,22,161,Midtown Center,Manhattan,19.8
161,2026-03-27 06:00:00,46,161,Midtown Center,Manhattan,35.7
161,2026-03-27 07:00:00,58,161,Midtown Center,Manhattan,75.0
161,2026-03-27 08:00:00,88,161,Midtown Center,Manhattan,99.6
161,2026-03-27 09:00:00,146,161,Midtown Center,Manhattan,139.8
161,2026-03-27 10:00:00,210,161,Midtown Center,Manhattan,189.6
161,2026-03-27 11:00:00,216,161,Midtown Center,Manhattan,240.8
161,2026-03-27 12:00:00,245,161,Midtown Center,Manhattan,277.1
161,2026-03-27 13:00:00,270,161,Midtown Center,Manhattan,278.7
161,2026-03-27 14:00:00,298,161,Midtown Center,Manhattan,321.9
161,2026-03-27 15:00:00,337,161,Midtown Center,Manhattan,343.6
161,2026-03-27 16:00:00,403,161,Midtown Center,Manhattan,379.6
161,2026-03-27 17:00:00,405,161,Midtown Center,Manhattan,431.9
161,2026-03-27 18:00:00,403,161,Midtown Center,Manhattan,418.4
161,2026-03-27 19:00:00,315,161,Midtown Center,Manhattan,345.8
161,2026-03-27 20:00:00,226,161,Midtown Center,Manhattan,296.4
161,2026-03-27 21:00:00,303,161,Midtown Center,Manhattan,272.1
161,2026-03-27 22:00:00,241,161,Midtown Center,Manhattan,310.5
161,2026-03-27 23:00:00,197,161,Midtown Center,Manhattan,178.7
161,2026-03-28 00:00:00,110,161,Midtown Center,Manhattan,106.3
161,2026-03-28 01:00:00,44,161,Midtown Center,Manhattan,53.0
161,2026-03-28 02:00:00,23,161,Midtown Center,Manhattan,21.6
161,2026-03-28 03:00:00,14,161,Midtown Center,Manhattan,12.6
161,2026-03-28 04:00:00,10,161,Midtown Center,Manhattan,10.9
161,2026-03-28 05:00:00,13,161,Midtown Center,Manhattan,11.2
161,2026-03-28 06:00:00,11,161,Midtown Center,Manhattan,21.5
161,2026-03-28 07:00:00,14,161,Midtown Center,Manhattan,20.5
161,2026-03-28 08:00:00,57,161,Midtown Center,Manhattan,42.9
161,2026-03-28 09:00:00,103,161,Midtown Center,Manhattan,100.1
161,2026-03-28 10:00:00,147,161,Midtown Center,Manhattan,159.1
161,2026-03-28 11:00:00,189,161,Midtown Center,Manhattan,191.8
161,2026-03-28 12:00:00,226,161,Midtown Center,Manhattan,219.9
161,2026-03-28 13:00:00,247,161,Midtown Center,Manhattan,235.2
161,2026-03-28 14:00:00,220,161,Midtown Center,Manhattan,252.3
161,2026-03-28 15:00:00,261,161,Midtown Center,Manhattan,242.2
161,2026-03-28 16:00:00,329,161,Midtown Center,Manhattan,298.4
161,2026-03-28 17:00:00,309,161,Midtown Center,Manhattan,325.9
161,2026-03-28 18:00:00,279,161,Midtown Center,Manhattan,287.8
161,2026-03-28 19:00:00,245,161,Midtown Center,Manhattan,234.2
161,2026-03-28 20:00:00,166,161,Midtown Center,Manhattan,191.9
161,2026-03-28 21:00:00,194,161,Midtown Center,Manhattan,187.6
161,2026-03-28 22:00:00,328,161,Midtown Center,Manhattan,236.4
161,2026-03-28 23:00:00,221,161,Midtown Center,Manhattan,212.4
161,2026-03-29 00:00:00,83,161,Midtown Center,Manhattan,115.9
161,2026-03-29 01:00:00,35,161,Midtown Center,Manhattan,41.7
161,2026-03-29 02:00:00,21,161,Midtown Center,Manhattan,13.7
161,2026-03-29 03:00:00,15,161,Midtown Center,Manhattan,11.5
161,2026-03-29 04:00:00,15,161,Midtown Center,Manhattan,10.4
161,2026-03-29 05:00:00,13,161,Midtown Center,Manhattan,13.1
161,2026-03-29 06:00:00,16,161,Midtown Center,Manhattan,21.4
161,2026-03-29 07:00:00,25,161,Midtown Center,Manhattan,24.0
161,2026-03-29 08:00:00,48,161,Midtown Center,Manhattan,42.2
161,2026-03-29 09:00:00,85,161,Midtown Center,Manhattan,84.4
161,2026-03-29 10:00:00,145,161,Midtown Center,Manhattan,133.0
161,2026-03-29 11:00:00,190,161,Midtown Center,Manhattan,178.3
161,2026-03-29 12:00:00,207,161,Midtown Center,Manhattan,203.4
161,2026-03-29 13:00:00,195,161,Midtown Center,Manhattan,208.9
161,2026-03-29 14:00:00,232,161,Midtown Center,Manhattan,215.0
161,2026-03-29 15:00:00,185,161,Midtown Center,Manhattan,224.2
161,2026-03-29 16:00:00,240,161,Midtown Center,Manhattan,207.9
161,2026-03-29 17:00:00,239,161,Midtown Center,Manhattan,242.1
161,2026-03-29 18:00:00,193,161,Midtown Center,Manhattan,234.6
161,2026-03-29 19:00:00,147,161,Midtown Center,Manhattan,157.5
161,2026-03-29 20:00:00,119,161,Midtown Center,Manhattan,143.4
161,2026-03-29 21:00:00,119,161,Midtown Center,Manhattan,116.1
161,2026-03-29 22:00:00,76,161,Midtown Center,Manhattan,100.2
161,2026-03-29 23:00:00,33,161,Midtown Center,Manhattan,39.8
161,2026-03-30 00:00:00,18,161,Midtown Center,Manhattan,15.0
161,2026-03-30 01:00:00,7,161,Midtown Center,Manhattan,10.5
161,2026-03-30 02:00:00,3,161,Midtown Center,Manhattan,5.3
161,2026-03-30 03:00:00,9,161,Midtown Center,Manhattan,4.4
161,2026-03-30 04:00:00,3,161,Midtown Center,Manhattan,6.1
161,2026-03-30 05:00:00,14,161,Midtown Center,Manhattan,11.3
161,2026-03-30 06:00:00,40,161,Midtown Center,Manhattan,43.2
161,2026-03-30 07:00:00,58,161,Midtown Center,Manhattan,87.5
161,2026-03-30 08:00:00,131,161,Midtown Center,Manhattan,97.6
161,2026-03-30 09:00:00,129,161,Midtown Center,Manhattan,161.5
161,2026-03-30 10:00:00,168,161,Midtown Center,Manhattan,165.1
161,2026-03-30 11:00:00,202,161,Midtown Center,Manhattan,205.3
161,2026-03-30 12:00:00,253,161,Midtown Center,Manhattan,234.1
161,2026-03-30 13:00:00,231,161,Midtown Center,Manhattan,280.6
161,2026-03-30 14:00:00,296,161,Midtown Center,Manhattan,257.8
161,2026-03-30 15:00:00,291,161,Midtown Center,Manhattan,321.4
161,2026-03-30 16:00:00,346,161,Midtown Center,Manhattan,332.0
161,2026-03-30 17:00:00,435,161,Midtown Center,Manhattan,409.5
161,2026-03-30 18:00:00,521,161,Midtown Center,Manhattan,482.1
161,2026-03-30 19:00:00,389,161,Midtown Center,Manhattan,445.6
161,2026-03-30 20:00:00,402,161,Midtown Center,Manhattan,435.1
161,2026-03-30 21:00:00,445,161,Midtown Center,Manhattan,435.5
161,2026-03-30 22:00:00,231,161,Midtown Center,Manhattan,284.1
161,2026-03-30 23:00:00,105,161,Midtown Center,Manhattan,114.2
161,2026-03-31 00:00:00,44,161,Midtown Center,Manhattan,40.0
161,2026-03-31 01:00:00,10,161,Midtown Center,Manhattan,14.5
161,2026-03-31 02:00:00,8,161,Midtown Center,Manhattan,5.2
161,2026-03-31 03:00:00,5,161,Midtown Center,Manhattan,5.4
161,2026-03-31 04:00:00,8,161,Midtown Center,Manhattan,6.4
161,2026-03-31 05:00:00,9,161,Midtown Center,Manhattan,14.1
161,2026-03-31 06:00:00,29,161,Midtown Center,Manhattan,41.5
161,2026-03-31 07:00:00,65,161,Midtown Center,Manhattan,75.0
161,2026-03-31 08:00:00,145,161,Midtown Center,Manhattan,127.7
161,2026-03-31 09:00:00,177,161,Midtown Center,Manhattan,187.3
161,2026-03-31 10:00:00,189,161,Midtown Center,Manhattan,203.4
161,2026-03-31 11:00:00,251,161,Midtown Center,Manhattan,237.1
161,2026-03-31 12:00:00,262,161,Midtown Center,Manhattan,279.8
161,2026-03-31 13:00:00,305,161,Midtown Center,Manhattan,282.2
161,2026-03-31 14:00:00,311,161,Midtown Center,Manhattan,347.7
161,2026-03-31 15:00:00,345,161,Midtown Center,Manhattan,341.4
161,2026-03-31 16:00:00,386,161,Midtown Center,Manhattan,396.2
161,2026-03-31 17:00:00,478,161,Midtown Center,Manhattan,479.0
161,2026-03-31 18:00:00,552,161,Midtown Center,Manhattan,561.1
161,2026-03-31 19:00:00,441,161,Midtown Center,Manhattan,522.6
161,2026-03-31 20:00:00,485,161,Midtown Center,Manhattan,499.0
161,2026-03-31 21:00:00,484,161,Midtown Center,Manhattan,552.9
161,2026-03-31 22:00:00,291,161,Midtown Center,Manhattan,340.4
161,2026-03-31 23:00:00,146,161,Midtown Center,Manhattan,137.5
162,2026-03-01 00:00:00,80,162,Midtown East,Manhattan,71.9
162,2026-03-01 01:00:00,36,162,Midtown East,Manhattan,37.5
162,2026-03-01 02:00:00,17,162,Midtown East,Manhattan,18.1
162,2026-03-01 03:00:00,19,162,Midtown East,Manhattan,12.8
162,2026-03-01 04:00:00,13,162,Midtown East,Manhattan,12.9
162,2026-03-01 05:00:00,17,162,Midtown East,Manhattan,15.3
162,2026-03-01 06:00:00,20,162,Midtown East,Manhattan,35.2
162,2026-03-01 07:00:00,36,162,Midtown East,Manhattan,33.1
162,2026-03-01 08:00:00,45,162,Midtown East,Manhattan,54.0
162,2026-03-01 09:00:00,59,162,Midtown East,Manhattan,66.5
162,2026-03-01 10:00:00,107,162,Midtown East,Manhattan,89.5
162,2026-03-01 11:00:00,152,162,Midtown East,Manhattan,133.0
162,2026-03-01 12:00:00,157,162,Midtown East,Manhattan,161.4
162,2026-03-01 13:00:00,112,162,Midtown East,Manhattan,153.6
162,2026-03-01 14:00:00,119,162,Midtown East,Manhattan,125.8
162,2026-03-01 15:00:00,132,162,Midtown East,Manhattan,127.1
162,2026-03-01 16:00:00,147,162,Midtown East,Manhattan,123.7
162,2026-03-01 17:00:00,153,162,Midtown East,Manhattan,146.1
162,2026-03-01 18:00:00,169,162,Midtown East,Manhattan,134.6
162,2026-03-01 19:00:00,122,162,Midtown East,Manhattan,108.8
162,2026-03-01 20:00:00,144,162,Midtown East,Manhattan,83.0
162,2026-03-01 21:00:00,82,162,Midtown East,Manhattan,73.0
162,2026-03-01 22:00:00,40,162,Midtown East,Manhattan,32.5
162,2026-03-01 23:00:00,37,162,Midtown East,Manhattan,14.5
162,2026-03-02 00:00:00,15,162,Midtown East,Manhattan,14.0
162,2026-03-02 01:00:00,8,162,Midtown East,Manhattan,9.8
162,2026-03-02 02:00:00,3,162,Midtown East,Manhattan,5.9
162,2026-03-02 03:00:00,2,162,Midtown East,Manhattan,5.5
162,2026-03-02 04:00:00,2,162,Midtown East,Manhattan,5.2
162,2026-03-02 05:00:00,21,162,Midtown East,Manhattan,11.4
162,2026-03-02 06:00:00,68,162,Midtown East,Manhattan,28.8
162,2026-03-02 07:00:00,115,162,Midtown East,Manhattan,94.2
162,2026-03-02 08:00:00,181,162,Midtown East,Manhattan,116.7
162,2026-03-02 09:00:00,201,162,Midtown East,Manhattan,134.4
162,2026-03-02 10:00:00,187,162,Midtown East,Manhattan,166.8
162,2026-03-02 11:00:00,168,162,Midtown East,Manhattan,131.0
162,2026-03-02 12:00:00,189,162,Midtown East,Manhattan,106.3
162,2026-03-02 13:00:00,191,162,Midtown East,Manhattan,140.4
162,2026-03-02 14:00:00,221,162,Midtown East,Manhattan,142.8
162,2026-03-02 15:00:00,241,162,Midtown East,Manhattan,186.5
162,2026-03-02 16:00:00,290,162,Midtown East,Manhattan,241.5
162,2026-03-02 17:00:00,357,162,Midtown East,Manhattan,283.5
162,2026-03-02 18:00:00,468,162,Midtown East,Manhattan,328.2
162,2026-03-02 19:00:00,390,162,Midtown East,Manhattan,330.2
162,2026-03-02 20:00:00,419,162,Midtown East,Manhattan,334.7
162,2026-03-02 21:00:00,260,162,Midtown East,Manhattan,304.3
162,2026-03-02 22:00:00,126,162,Midtown East,Manhattan,135.6
162,2026-03-02 23:00:00,39,162,Midtown East,Manhattan,41.7
162,2026-03-03 00:00:00,16,162,Midtown East,Manhattan,13.5
162,2026-03-03 01:00:00,9,162,Midtown East,Manhattan,7.8
162,2026-03-03 02:00:00,8,162,Midtown East,Manhattan,5.4
162,2026-03-03 04:00:00,3,162,Midtown East,Manhattan,6.2
162,2026-03-03 05:00:00,22,162,Midtown East,Manhattan,14.6
162,2026-03-03 06:00:00,64,162,Midtown East,Manhattan,61.9
162,2026-03-03 07:00:00,150,162,Midtown East,Manhattan,130.1
162,2026-03-03 08:00:00,238,162,Midtown East,Manhattan,190.6
162,2026-03-03 09:00:00,231,162,Midtown East,Manhattan,231.3
162,2026-03-03 10:00:00,229,162,Midtown East,Manhattan,219.6
162,2026-03-03 11:00:00,239,162,Midtown East,Manhattan,211.5
162,2026-03-03 12:00:00,231,162,Midtown East,Manhattan,226.0
162,2026-03-03 13:00:00,247,162,Midtown East,Manhattan,220.3
162,2026-03-03 14:00:00,270,162,Midtown East,Manhattan,240.2
162,2026-03-03 15:00:00,308,162,Midtown East,Manhattan,262.4
162,2026-03-03 16:00:00,352,162,Midtown East,Manhattan,307.5
162,2026-03-03 17:00:00,479,162,Midtown East,Manhattan,397.6
162,2026-03-03 18:00:00,416,162,Midtown East,Manhattan,455.0
162,2026-03-03 19:00:00,460,162,Midtown East,Manhattan,363.4
162,2026-03-03 20:00:00,520,162,Midtown East,Manhattan,429.3
162,2026-03-03 21:00:00,417,162,Midtown East,Manhattan,382.6
162,2026-03-03 22:00:00,198,162,Midtown East,Manhattan,234.2
162,2026-03-03 23:00:00,106,162,Midtown East,Manhattan,87.3
162,2026-03-04 00:00:00,47,162,Midtown East,Manhattan,32.5
162,2026-03-04 01:00:00,22,162,Midtown East,Manhattan,15.2
162,2026-03-04 02:00:00,7,162,Midtown East,Manhattan,9.5
162,2026-03-04 03:00:00,3,162,Midtown East,Manhattan,5.5
162,2026-03-04 05:00:00,22,162,Midtown East,Manhattan,18.9
162,2026-03-04 06:00:00,62,162,Midtown East,Manhattan,70.1
162,2026-03-04 07:00:00,127,162,Midtown East,Manhattan,160.0
162,2026-03-04 08:00:00,236,162,Midtown East,Manhattan,196.5
162,2026-03-04 09:00:00,201,162,Midtown East,Manhattan,235.4
162,2026-03-04 10:00:00,192,162,Midtown East,Manhattan,208.4
162,2026-03-04 11:00:00,222,162,Midtown East,Manhattan,204.9
162,2026-03-04 12:00:00,195,162,Midtown East,Manhattan,218.8
162,2026-03-04 13:00:00,225,162,Midtown East,Manhattan,215.0
162,2026-03-04 14:00:00,248,162,Midtown East,Manhattan,234.2
162,2026-03-04 15:00:00,245,162,Midtown East,Manhattan,269.3
162,2026-03-04 16:00:00,303,162,Midtown East,Manhattan,291.7
162,2026-03-04 17:00:00,411,162,Midtown East,Manhattan,388.5
162,2026-03-04 18:00:00,433,162,Midtown East,Manhattan,415.9
162,2026-03-04 19:00:00,339,162,Midtown East,Manhattan,375.5
162,2026-03-04 20:00:00,457,162,Midtown East,Manhattan,387.2
162,2026-03-04 21:00:00,319,162,Midtown East,Manhattan,412.3
162,2026-03-04 22:00:00,243,162,Midtown East,Manhattan,241.7
162,2026-03-04 23:00:00,94,162,Midtown East,Manhattan,114.5
162,2026-03-05 00:00:00,52,162,Midtown East,Manhattan,52.3
162,2026-03-05 01:00:00,22,162,Midtown East,Manhattan,16.8
162,2026-03-05 02:00:00,11,162,Midtown East,Manhattan,9.7
162,2026-03-05 03:00:00,5,162,Midtown East,Manhattan,5.8
162,2026-03-05 04:00:00,9,162,Midtown East,Manhattan,6.1
162,2026-03-05 05:00:00,19,162,Midtown East,Manhattan,21.9
162,2026-03-05 06:00:00,71,162,Midtown East,Manhattan,61.3
162,2026-03-05 07:00:00,166,162,Midtown East,Manhattan,137.8
162,2026-03-05 08:00:00,276,162,Midtown East,Manhattan,232.8
162,2026-03-05 09:00:00,234,162,Midtown East,Manhattan,245.7
162,2026-03-05 10:00:00,214,162,Midtown East,Manhattan,211.2
162,2026-03-05 11:00:00,224,162,Midtown East,Manhattan,216.7
162,2026-03-05 12:00:00,235,162,Midtown East,Manhattan,214.3
162,2026-03-05 13:00:00,229,162,Midtown East,Manhattan,227.5
162,2026-03-05 14:00:00,264,162,Midtown East,Manhattan,229.8
162,2026-03-05 15:00:00,287,162,Midtown East,Manhattan,256.3
162,2026-03-05 16:00:00,337,162,Midtown East,Manhattan,296.9
162,2026-03-05 17:00:00,440,162,Midtown East,Manhattan,409.3
162,2026-03-05 18:00:00,419,162,Midtown East,Manhattan,436.8
162,2026-03-05 19:00:00,424,162,Midtown East,Manhattan,354.1
162,2026-03-05 20:00:00,481,162,Midtown East,Manhattan,431.4
162,2026-03-05 21:00:00,453,162,Midtown East,Manhattan,389.2
162,2026-03-05 22:00:00,263,162,Midtown East,Manhattan,302.5
162,2026-03-05 23:00:00,173,162,Midtown East,Manhattan,135.8
162,2026-03-06 00:00:00,83,162,Midtown East,Manhattan,70.6
162,2026-03-06 01:00:00,27,162,Midtown East,Manhattan,32.2
162,2026-03-06 02:00:00,16,162,Midtown East,Manhattan,12.6
162,2026-03-06 03:00:00,6,162,Midtown East,Manhattan,8.6
162,2026-03-06 04:00:00,9,162,Midtown East,Manhattan,7.5
162,2026-03-06 05:00:00,27,162,Midtown East,Manhattan,21.3
162,2026-03-06 06:00:00,62,162,Midtown East,Manhattan,61.1
162,2026-03-06 07:00:00,117,162,Midtown East,Manhattan,123.7
162,2026-03-06 08:00:00,120,162,Midtown East,Manhattan,154.7
162,2026-03-06 09:00:00,119,162,Midtown East,Manhattan,160.4
162,2026-03-06 10:00:00,167,162,Midtown East,Manhattan,159.2
162,2026-03-06 11:00:00,177,162,Midtown East,Manhattan,182.8
162,2026-03-06 12:00:00,181,162,Midtown East,Manhattan,189.9
162,2026-03-06 13:00:00,201,162,Midtown East,Manhattan,191.3
162,2026-03-06 14:00:00,234,162,Midtown East,Manhattan,212.9
162,2026-03-06 15:00:00,249,162,Midtown East,Manhattan,237.1
162,2026-03-06 16:00:00,297,162,Midtown East,Manhattan,273.7
162,2026-03-06 17:00:00,335,162,Midtown East,Manhattan,338.4
162,2026-03-06 18:00:00,348,162,Midtown East,Manhattan,341.6
162,2026-03-06 19:00:00,326,162,Midtown East,Manhattan,305.0
162,2026-03-06 20:00:00,209,162,Midtown East,Manhattan,286.1
162,2026-03-06 21:00:00,137,162,Midtown East,Manhattan,208.5
162,2026-03-06 22:00:00,118,162,Midtown East,Manhattan,146.6
162,2026-03-06 23:00:00,123,162,Midtown East,Manhattan,110.1
162,2026-03-07 00:00:00,71,162,Midtown East,Manhattan,84.1
162,2026-03-07 01:00:00,42,162,Midtown East,Manhattan,38.7
162,2026-03-07 02:00:00,26,162,Midtown East,Manhattan,22.0
162,2026-03-07 03:00:00,15,162,Midtown East,Manhattan,13.4
162,2026-03-07 04:00:00,16,162,Midtown East,Manhattan,10.1
162,2026-03-07 05:00:00,10,162,Midtown East,Manhattan,15.2
162,2026-03-07 06:00:00,22,162,Midtown East,Manhattan,27.1
162,2026-03-07 07:00:00,36,162,Midtown East,Manhattan,42.1
162,2026-03-07 08:00:00,55,162,Midtown East,Manhattan,65.7
162,2026-03-07 09:00:00,75,162,Midtown East,Manhattan,83.2
162,2026-03-07 10:00:00,133,162,Midtown East,Manhattan,111.7
162,2026-03-07 11:00:00,159,162,Midtown East,Manhattan,168.6
162,2026-03-07 12:00:00,135,162,Midtown East,Manhattan,170.3
162,2026-03-07 13:00:00,170,162,Midtown East,Manhattan,163.3
162,2026-03-07 14:00:00,140,162,Midtown East,Manhattan,172.4
162,2026-03-07 15:00:00,147,162,Midtown East,Manhattan,164.9
162,2026-03-07 16:00:00,162,162,Midtown East,Manhattan,170.5
162,2026-03-07 17:00:00,173,162,Midtown East,Manhattan,189.3
162,2026-03-07 18:00:00,184,162,Midtown East,Manhattan,197.7
162,2026-03-07 19:00:00,187,162,Midtown East,Manhattan,180.3
162,2026-03-07 20:00:00,128,162,Midtown East,Manhattan,145.2
162,2026-03-07 21:00:00,101,162,Midtown East,Manhattan,126.4
162,2026-03-07 22:00:00,96,162,Midtown East,Manhattan,96.3
162,2026-03-07 23:00:00,106,162,Midtown East,Manhattan,89.5
162,2026-03-08 00:00:00,54,162,Midtown East,Manhattan,65.9
162,2026-03-08 01:00:00,38,162,Midtown East,Manhattan,29.9
162,2026-03-08 03:00:00,26,162,Midtown East,Manhattan,9.8
162,2026-03-08 04:00:00,28,162,Midtown East,Manhattan,13.1
162,2026-03-08 05:00:00,16,162,Midtown East,Manhattan,19.6
162,2026-03-08 06:00:00,26,162,Midtown East,Manhattan,20.9
162,2026-03-08 07:00:00,36,162,Midtown East,Manhattan,34.0
162,2026-03-08 08:00:00,63,162,Midtown East,Manhattan,46.7
162,2026-03-08 09:00:00,112,162,Midtown East,Manhattan,78.0
162,2026-03-08 10:00:00,103,162,Midtown East,Manhattan,126.9
162,2026-03-08 11:00:00,140,162,Midtown East,Manhattan,134.1
162,2026-03-08 12:00:00,158,162,Midtown East,Manhattan,146.6
162,2026-03-08 13:00:00,114,162,Midtown East,Manhattan,151.0
162,2026-03-08 14:00:00,145,162,Midtown East,Manhattan,126.0
162,2026-03-08 15:00:00,153,162,Midtown East,Manhattan,139.7
162,2026-03-08 16:00:00,167,162,Midtown East,Manhattan,152.9
162,2026-03-08 17:00:00,153,162,Midtown East,Manhattan,165.7
162,2026-03-08 18:00:00,170,162,Midtown East,Manhattan,161.7
162,2026-03-08 19:00:00,140,162,Midtown East,Manhattan,134.0
162,2026-03-08 20:00:00,110,162,Midtown East,Manhattan,129.7
162,2026-03-08 21:00:00,96,162,Midtown East,Manhattan,91.1
162,2026-03-08 22:00:00,48,162,Midtown East,Manhattan,53.1
162,2026-03-08 23:00:00,30,162,Midtown East,Manhattan,30.8
162,2026-03-09 00:00:00,15,162,Midtown East,Manhattan,15.6
162,2026-03-09 01:00:00,14,162,Midtown East,Manhattan,11.0
162,2026-03-09 02:00:00,2,162,Midtown East,Manhattan,5.8
162,2026-03-09 03:00:00,1,162,Midtown East,Manhattan,5.6
162,2026-03-09 04:00:00,5,162,Midtown East,Manhattan,7.1
162,2026-03-09 05:00:00,15,162,Midtown East,Manhattan,16.6
162,2026-03-09 06:00:00,70,162,Midtown East,Manhattan,47.8
162,2026-03-09 07:00:00,127,162,Midtown East,Manhattan,123.3
162,2026-03-09 08:00:00,160,162,Midtown East,Manhattan,166.2
162,2026-03-09 09:00:00,194,162,Midtown East,Manhattan,172.6
162,2026-03-09 10:00:00,180,162,Midtown East,Manhattan,186.0
162,2026-03-09 11:00:00,166,162,Midtown East,Manhattan,172.8
162,2026-03-09 12:00:00,166,162,Midtown East,Manhattan,178.5
162,2026-03-09 13:00:00,171,162,Midtown East,Manhattan,174.2
162,2026-03-09 14:00:00,186,162,Midtown East,Manhattan,184.3
162,2026-03-09 15:00:00,203,162,Midtown East,Manhattan,195.1
162,2026-03-09 16:00:00,249,162,Midtown East,Manhattan,225.9
162,2026-03-09 17:00:00,350,162,Midtown East,Manhattan,301.9
162,2026-03-09 18:00:00,363,162,Midtown East,Manhattan,381.7
162,2026-03-09 19:00:00,255,162,Midtown East,Manhattan,328.5
162,2026-03-09 20:00:00,290,162,Midtown East,Manhattan,269.3
162,2026-03-09 21:00:00,296,162,Midtown East,Manhattan,247.7
162,2026-03-09 22:00:00,169,162,Midtown East,Manhattan,155.4
162,2026-03-09 23:00:00,70,162,Midtown East,Manhattan,54.9
162,2026-03-10 00:00:00,22,162,Midtown East,Manhattan,21.8
162,2026-03-10 01:00:00,11,162,Midtown East,Manhattan,10.4
162,2026-03-10 02:00:00,10,162,Midtown East,Manhattan,6.3
162,2026-03-10 03:00:00,1,162,Midtown East,Manhattan,5.8
162,2026-03-10 04:00:00,5,162,Midtown East,Manhattan,5.9
162,2026-03-10 05:00:00,21,162,Midtown East,Manhattan,18.6
162,2026-03-10 06:00:00,58,162,Midtown East,Manhattan,66.1
162,2026-03-10 07:00:00,132,162,Midtown East,Manhattan,139.6
162,2026-03-10 08:00:00,206,162,Midtown East,Manhattan,198.7
162,2026-03-10 09:00:00,253,162,Midtown East,Manhattan,225.9
162,2026-03-10 10:00:00,185,162,Midtown East,Manhattan,241.7
162,2026-03-10 11:00:00,196,162,Midtown East,Manhattan,202.2
162,2026-03-10 12:00:00,218,162,Midtown East,Manhattan,209.3
162,2026-03-10 13:00:00,238,162,Midtown East,Manhattan,224.0
162,2026-03-10 14:00:00,230,162,Midtown East,Manhattan,251.6
162,2026-03-10 15:00:00,233,162,Midtown East,Manhattan,261.7
162,2026-03-10 16:00:00,294,162,Midtown East,Manhattan,285.8
162,2026-03-10 17:00:00,494,162,Midtown East,Manhattan,405.7
162,2026-03-10 18:00:00,464,162,Midtown East,Manhattan,451.0
162,2026-03-10 19:00:00,391,162,Midtown East,Manhattan,413.9
162,2026-03-10 20:00:00,440,162,Midtown East,Manhattan,446.5
162,2026-03-10 21:00:00,328,162,Midtown East,Manhattan,397.4
162,2026-03-10 22:00:00,161,162,Midtown East,Manhattan,215.1
162,2026-03-10 23:00:00,79,162,Midtown East,Manhattan,84.3
162,2026-03-11 00:00:00,41,162,Midtown East,Manhattan,39.6
162,2026-03-11 01:00:00,21,162,Midtown East,Manhattan,17.4
162,2026-03-11 02:00:00,10,162,Midtown East,Manhattan,9.2
162,2026-03-11 03:00:00,4,162,Midtown East,Manhattan,5.7
162,2026-03-11 04:00:00,5,162,Midtown East,Manhattan,6.0
162,2026-03-11 05:00:00,23,162,Midtown East,Manhattan,19.6
162,2026-03-11 06:00:00,60,162,Midtown East,Manhattan,62.3
162,2026-03-11 07:00:00,156,162,Midtown East,Manhattan,132.9
162,2026-03-11 08:00:00,212,162,Midtown East,Manhattan,231.6
162,2026-03-11 09:00:00,212,162,Midtown East,Manhattan,228.1
162,2026-03-11 10:00:00,194,162,Midtown East,Manhattan,207.9
162,2026-03-11 11:00:00,214,162,Midtown East,Manhattan,211.8
162,2026-03-11 12:00:00,238,162,Midtown East,Manhattan,215.5
162,2026-03-11 13:00:00,216,162,Midtown East,Manhattan,239.3
162,2026-03-11 14:00:00,250,162,Midtown East,Manhattan,236.3
162,2026-03-11 15:00:00,254,162,Midtown East,Manhattan,251.3
162,2026-03-11 16:00:00,289,162,Midtown East,Manhattan,294.1
162,2026-03-11 17:00:00,395,162,Midtown East,Manhattan,403.6
162,2026-03-11 18:00:00,466,162,Midtown East,Manhattan,438.4
162,2026-03-11 19:00:00,389,162,Midtown East,Manhattan,372.5
162,2026-03-11 20:00:00,491,162,Midtown East,Manhattan,432.9
162,2026-03-11 21:00:00,471,162,Midtown East,Manhattan,391.6
162,2026-03-11 22:00:00,225,162,Midtown East,Manhattan,303.3
162,2026-03-11 23:00:00,106,162,Midtown East,Manhattan,115.7
162,2026-03-12 00:00:00,62,162,Midtown East,Manhattan,51.4
162,2026-03-12 01:00:00,19,162,Midtown East,Manhattan,25.5
162,2026-03-12 02:00:00,6,162,Midtown East,Manhattan,9.8
162,2026-03-12 03:00:00,8,162,Midtown East,Manhattan,5.4
162,2026-03-12 04:00:00,6,162,Midtown East,Manhattan,7.4
162,2026-03-12 05:00:00,26,162,Midtown East,Manhattan,19.3
162,2026-03-12 06:00:00,83,162,Midtown East,Manhattan,61.3
162,2026-03-12 07:00:00,163,162,Midtown East,Manhattan,167.0
162,2026-03-12 08:00:00,226,162,Midtown East,Manhattan,232.4
162,2026-03-12 09:00:00,249,162,Midtown East,Manhattan,230.4
162,2026-03-12 10:00:00,243,162,Midtown East,Manhattan,232.2
162,2026-03-12 11:00:00,246,162,Midtown East,Manhattan,236.8
162,2026-03-12 12:00:00,254,162,Midtown East,Manhattan,245.0
162,2026-03-12 13:00:00,274,162,Midtown East,Manhattan,248.4
162,2026-03-12 14:00:00,261,162,Midtown East,Manhattan,277.9
162,2026-03-12 15:00:00,338,162,Midtown East,Manhattan,272.9
162,2026-03-12 16:00:00,435,162,Midtown East,Manhattan,339.7
162,2026-03-12 17:00:00,508,162,Midtown East,Manhattan,461.8
162,2026-03-12 18:00:00,525,162,Midtown East,Manhattan,468.8
162,2026-03-12 19:00:00,402,162,Midtown East,Manhattan,433.2
162,2026-03-12 20:00:00,421,162,Midtown East,Manhattan,461.9
162,2026-03-12 21:00:00,372,162,Midtown East,Manhattan,450.9
162,2026-03-12 22:00:00,264,162,Midtown East,Manhattan,273.9
162,2026-03-12 23:00:00,131,162,Midtown East,Manhattan,142.4
162,2026-03-13 00:00:00,75,162,Midtown East,Manhattan,70.3
162,2026-03-13 01:00:00,34,162,Midtown East,Manhattan,31.1
162,2026-03-13 02:00:00,12,162,Midtown East,Manhattan,14.3
162,2026-03-13 03:00:00,10,162,Midtown East,Manhattan,7.9
162,2026-03-13 04:00:00,13,162,Midtown East,Manhattan,8.4
162,2026-03-13 05:00:00,31,162,Midtown East,Manhattan,22.4
162,2026-03-13 06:00:00,58,162,Midtown East,Manhattan,67.6
162,2026-03-13 07:00:00,113,162,Midtown East,Manhattan,120.4
162,2026-03-13 08:00:00,139,162,Midtown East,Manhattan,150.6
162,2026-03-13 09:00:00,138,162,Midtown East,Manhattan,162.6
162,2026-03-13 10:00:00,170,162,Midtown East,Manhattan,171.5
162,2026-03-13 11:00:00,199,162,Midtown East,Manhattan,193.7
162,2026-03-13 12:00:00,211,162,Midtown East,Manhattan,210.9
162,2026-03-13 13:00:00,231,162,Midtown East,Manhattan,224.7
162,2026-03-13 14:00:00,249,162,Midtown East,Manhattan,239.2
162,2026-03-13 15:00:00,277,162,Midtown East,Manhattan,271.7
162,2026-03-13 16:00:00,320,162,Midtown East,Manhattan,320.1
162,2026-03-13 17:00:00,391,162,Midtown East,Manhattan,364.2
162,2026-03-13 18:00:00,383,162,Midtown East,Manhattan,382.2
162,2026-03-13 19:00:00,329,162,Midtown East,Manhattan,318.2
162,2026-03-13 20:00:00,249,162,Midtown East,Manhattan,266.5
162,2026-03-13 21:00:00,181,162,Midtown East,Manhattan,230.5
162,2026-03-13 22:00:00,152,162,Midtown East,Manhattan,156.6
162,2026-03-13 23:00:00,165,162,Midtown East,Manhattan,110.1
162,2026-03-14 00:00:00,85,162,Midtown East,Manhattan,88.0
162,2026-03-14 01:00:00,37,162,Midtown East,Manhattan,44.1
162,2026-03-14 02:00:00,17,162,Midtown East,Manhattan,21.2
162,2026-03-14 03:00:00,15,162,Midtown East,Manhattan,11.4
162,2026-03-14 04:00:00,23,162,Midtown East,Manhattan,12.0
162,2026-03-14 05:00:00,14,162,Midtown East,Manhattan,17.9
162,2026-03-14 06:00:00,24,162,Midtown East,Manhattan,27.1
162,2026-03-14 07:00:00,44,162,Midtown East,Manhattan,42.2
162,2026-03-14 08:00:00,69,162,Midtown East,Manhattan,70.9
162,2026-03-14 09:00:00,86,162,Midtown East,Manhattan,99.0
162,2026-03-14 10:00:00,129,162,Midtown East,Manhattan,132.9
162,2026-03-14 11:00:00,187,162,Midtown East,Manhattan,166.0
162,2026-03-14 12:00:00,207,162,Midtown East,Manhattan,185.6
162,2026-03-14 13:00:00,166,162,Midtown East,Manhattan,200.8
162,2026-03-14 14:00:00,176,162,Midtown East,Manhattan,177.3
162,2026-03-14 15:00:00,156,162,Midtown East,Manhattan,184.8
162,2026-03-14 16:00:00,172,162,Midtown East,Manhattan,177.3
162,2026-03-14 17:00:00,198,162,Midtown East,Manhattan,194.6
162,2026-03-14 18:00:00,226,162,Midtown East,Manhattan,209.6
162,2026-03-14 19:00:00,185,162,Midtown East,Manhattan,205.9
162,2026-03-14 20:00:00,133,162,Midtown East,Manhattan,152.3
162,2026-03-14 21:00:00,134,162,Midtown East,Manhattan,130.4
162,2026-03-14 22:00:00,180,162,Midtown East,Manhattan,119.6
162,2026-03-14 23:00:00,157,162,Midtown East,Manhattan,141.6
162,2026-03-15 00:00:00,81,162,Midtown East,Manhattan,86.2
162,2026-03-15 01:00:00,47,162,Midtown East,Manhattan,41.2
162,2026-03-15 02:00:00,32,162,Midtown East,Manhattan,15.5
162,2026-03-15 03:00:00,16,162,Midtown East,Manhattan,20.0
162,2026-03-15 04:00:00,27,162,Midtown East,Manhattan,17.3
162,2026-03-15 05:00:00,21,162,Midtown East,Manhattan,17.4
162,2026-03-15 06:00:00,23,162,Midtown East,Manhattan,27.1
162,2026-03-15 07:00:00,28,162,Midtown East,Manhattan,36.7
162,2026-03-15 08:00:00,53,162,Midtown East,Manhattan,55.5
162,2026-03-15 09:00:00,82,162,Midtown East,Manhattan,84.3
162,2026-03-15 10:00:00,128,162,Midtown East,Manhattan,118.9
162,2026-03-15 11:00:00,139,162,Midtown East,Manhattan,154.1
162,2026-03-15 12:00:00,139,162,Midtown East,Manhattan,159.6
162,2026-03-15 13:00:00,128,162,Midtown East,Manhattan,145.5
162,2026-03-15 14:00:00,178,162,Midtown East,Manhattan,146.7
162,2026-03-15 15:00:00,160,162,Midtown East,Manhattan,169.9
162,2026-03-15 16:00:00,137,162,Midtown East,Manhattan,166.0
162,2026-03-15 17:00:00,161,162,Midtown East,Manhattan,156.8
162,2026-03-15 18:00:00,205,162,Midtown East,Manhattan,171.7
162,2026-03-15 19:00:00,140,162,Midtown East,Manhattan,158.8
162,2026-03-15 20:00:00,107,162,Midtown East,Manhattan,124.5
162,2026-03-15 21:00:00,86,162,Midtown East,Manhattan,97.0
162,2026-03-15 22:00:00,74,162,Midtown East,Manhattan,53.6
162,2026-03-15 23:00:00,45,162,Midtown East,Manhattan,37.8
162,2026-03-16 00:00:00,20,162,Midtown East,Manhattan,18.1
162,2026-03-16 01:00:00,4,162,Midtown East,Manhattan,13.1
162,2026-03-16 02:00:00,7,162,Midtown East,Manhattan,7.8
162,2026-03-16 03:00:00,8,162,Midtown East,Manhattan,5.8
162,2026-03-16 04:00:00,5,162,Midtown East,Manhattan,7.0
162,2026-03-16 05:00:00,22,162,Midtown East,Manhattan,13.0
162,2026-03-16 06:00:00,65,162,Midtown East,Manhattan,50.9
162,2026-03-16 07:00:00,136,162,Midtown East,Manhattan,119.0
162,2026-03-16 08:00:00,167,162,Midtown East,Manhattan,169.8
162,2026-03-16 09:00:00,160,162,Midtown East,Manhattan,174.3
162,2026-03-16 10:00:00,176,162,Midtown East,Manhattan,166.8
162,2026-03-16 11:00:00,183,162,Midtown East,Manhattan,171.2
162,2026-03-16 12:00:00,164,162,Midtown East,Manhattan,175.1
162,2026-03-16 13:00:00,181,162,Midtown East,Manhattan,166.5
162,2026-03-16 14:00:00,203,162,Midtown East,Manhattan,184.1
162,2026-03-16 15:00:00,170,162,Midtown East,Manhattan,203.7
162,2026-03-16 16:00:00,307,162,Midtown East,Manhattan,190.6
162,2026-03-16 17:00:00,496,162,Midtown East,Manhattan,334.8
162,2026-03-16 18:00:00,422,162,Midtown East,Manhattan,447.7
162,2026-03-16 19:00:00,353,162,Midtown East,Manhattan,331.4
162,2026-03-16 20:00:00,398,162,Midtown East,Manhattan,317.5
162,2026-03-16 21:00:00,308,162,Midtown East,Manhattan,323.0
162,2026-03-16 22:00:00,134,162,Midtown East,Manhattan,173.4
162,2026-03-16 23:00:00,45,162,Midtown East,Manhattan,62.8
162,2026-03-17 00:00:00,22,162,Midtown East,Manhattan,20.3
162,2026-03-17 01:00:00,9,162,Midtown East,Manhattan,9.5
162,2026-03-17 02:00:00,9,162,Midtown East,Manhattan,6.4
162,2026-03-17 03:00:00,3,162,Midtown East,Manhattan,5.9
162,2026-03-17 04:00:00,5,162,Midtown East,Manhattan,6.2
162,2026-03-17 05:00:00,21,162,Midtown East,Manhattan,19.7
162,2026-03-17 06:00:00,62,162,Midtown East,Manhattan,64.5
162,2026-03-17 07:00:00,157,162,Midtown East,Manhattan,138.5
162,2026-03-17 08:00:00,192,162,Midtown East,Manhattan,217.4
162,2026-03-17 09:00:00,169,162,Midtown East,Manhattan,218.0
162,2026-03-17 10:00:00,182,162,Midtown East,Manhattan,187.0
162,2026-03-17 11:00:00,164,162,Midtown East,Manhattan,191.5
162,2026-03-17 12:00:00,158,162,Midtown East,Manhattan,186.2
162,2026-03-17 13:00:00,145,162,Midtown East,Manhattan,186.0
162,2026-03-17 14:00:00,192,162,Midtown East,Manhattan,185.5
162,2026-03-17 15:00:00,211,162,Midtown East,Manhattan,204.0
162,2026-03-17 16:00:00,231,162,Midtown East,Manhattan,279.0
162,2026-03-17 17:00:00,399,162,Midtown East,Manhattan,337.5
162,2026-03-17 18:00:00,452,162,Midtown East,Manhattan,437.4
162,2026-03-17 19:00:00,383,162,Midtown East,Manhattan,374.9
162,2026-03-17 20:00:00,487,162,Midtown East,Manhattan,428.2
162,2026-03-17 21:00:00,383,162,Midtown East,Manhattan,411.1
162,2026-03-17 22:00:00,231,162,Midtown East,Manhattan,234.5
162,2026-03-17 23:00:00,109,162,Midtown East,Manhattan,107.2
162,2026-03-18 00:00:00,53,162,Midtown East,Manhattan,42.6
162,2026-03-18 01:00:00,19,162,Midtown East,Manhattan,19.4
162,2026-03-18 02:00:00,10,162,Midtown East,Manhattan,9.1
162,2026-03-18 03:00:00,5,162,Midtown East,Manhattan,5.8
162,2026-03-18 04:00:00,10,162,Midtown East,Manhattan,5.9
162,2026-03-18 05:00:00,24,162,Midtown East,Manhattan,20.1
162,2026-03-18 06:00:00,61,162,Midtown East,Manhattan,59.9
162,2026-03-18 07:00:00,158,162,Midtown East,Manhattan,141.8
162,2026-03-18 08:00:00,252,162,Midtown East,Manhattan,215.0
162,2026-03-18 09:00:00,272,162,Midtown East,Manhattan,239.0
162,2026-03-18 10:00:00,219,162,Midtown East,Manhattan,239.6
162,2026-03-18 11:00:00,245,162,Midtown East,Manhattan,212.8
162,2026-03-18 12:00:00,258,162,Midtown East,Manhattan,233.6
162,2026-03-18 13:00:00,284,162,Midtown East,Manhattan,236.7
162,2026-03-18 14:00:00,277,162,Midtown East,Manhattan,263.1
162,2026-03-18 15:00:00,297,162,Midtown East,Manhattan,267.7
162,2026-03-18 16:00:00,340,162,Midtown East,Manhattan,296.3
162,2026-03-18 17:00:00,457,162,Midtown East,Manhattan,421.9
162,2026-03-18 18:00:00,468,162,Midtown East,Manhattan,466.5
162,2026-03-18 19:00:00,394,162,Midtown East,Manhattan,396.7
162,2026-03-18 20:00:00,459,162,Midtown East,Manhattan,455.2
162,2026-03-18 21:00:00,371,162,Midtown East,Manhattan,437.7
162,2026-03-18 22:00:00,212,162,Midtown East,Manhattan,277.9
162,2026-03-18 23:00:00,107,162,Midtown East,Manhattan,111.3
162,2026-03-19 00:00:00,44,162,Midtown East,Manhattan,56.8
162,2026-03-19 01:00:00,11,162,Midtown East,Manhattan,20.0
162,2026-03-19 02:00:00,8,162,Midtown East,Manhattan,6.7
162,2026-03-19 03:00:00,3,162,Midtown East,Manhattan,6.4
162,2026-03-19 04:00:00,9,162,Midtown East,Manhattan,7.0
162,2026-03-19 05:00:00,29,162,Midtown East,Manhattan,22.1
162,2026-03-19 06:00:00,57,162,Midtown East,Manhattan,72.9
162,2026-03-19 07:00:00,145,162,Midtown East,Manhattan,140.0
162,2026-03-19 08:00:00,211,162,Midtown East,Manhattan,214.6
162,2026-03-19 09:00:00,193,162,Midtown East,Manhattan,250.2
162,2026-03-19 10:00:00,219,162,Midtown East,Manhattan,224.4
162,2026-03-19 11:00:00,208,162,Midtown East,Manhattan,234.2
162,2026-03-19 12:00:00,234,162,Midtown East,Manhattan,240.3
162,2026-03-19 13:00:00,264,162,Midtown East,Manhattan,263.2
162,2026-03-19 14:00:00,253,162,Midtown East,Manhattan,268.8
162,2026-03-19 15:00:00,317,162,Midtown East,Manhattan,296.7
162,2026-03-19 16:00:00,314,162,Midtown East,Manhattan,363.0
162,2026-03-19 17:00:00,446,162,Midtown East,Manhattan,406.4
162,2026-03-19 18:00:00,467,162,Midtown East,Manhattan,473.2
162,2026-03-19 19:00:00,386,162,Midtown East,Manhattan,393.8
162,2026-03-19 20:00:00,462,162,Midtown East,Manhattan,419.7
162,2026-03-19 21:00:00,357,162,Midtown East,Manhattan,390.3
162,2026-03-19 22:00:00,266,162,Midtown East,Manhattan,270.4
162,2026-03-19 23:00:00,170,162,Midtown East,Manhattan,135.2
162,2026-03-20 00:00:00,80,162,Midtown East,Manhattan,71.8
162,2026-03-20 01:00:00,31,162,Midtown East,Manhattan,36.1
162,2026-03-20 02:00:00,16,162,Midtown East,Manhattan,13.7
162,2026-03-20 03:00:00,6,162,Midtown East,Manhattan,9.2
162,2026-03-20 04:00:00,19,162,Midtown East,Manhattan,8.6
162,2026-03-20 05:00:00,18,162,Midtown East,Manhattan,27.5
162,2026-03-20 06:00:00,58,162,Midtown East,Manhattan,54.5
162,2026-03-20 07:00:00,98,162,Midtown East,Manhattan,114.6
162,2026-03-20 08:00:00,107,162,Midtown East,Manhattan,148.3
162,2026-03-20 09:00:00,136,162,Midtown East,Manhattan,142.4
162,2026-03-20 10:00:00,149,162,Midtown East,Manhattan,173.4
162,2026-03-20 11:00:00,159,162,Midtown East,Manhattan,187.3
162,2026-03-20 12:00:00,186,162,Midtown East,Manhattan,193.1
162,2026-03-20 13:00:00,181,162,Midtown East,Manhattan,215.0
162,2026-03-20 14:00:00,218,162,Midtown East,Manhattan,220.6
162,2026-03-20 15:00:00,279,162,Midtown East,Manhattan,260.9
162,2026-03-20 16:00:00,262,162,Midtown East,Manhattan,296.9
162,2026-03-20 17:00:00,327,162,Midtown East,Manhattan,344.5
162,2026-03-20 18:00:00,347,162,Midtown East,Manhattan,345.4
162,2026-03-20 19:00:00,310,162,Midtown East,Manhattan,301.9
162,2026-03-20 20:00:00,230,162,Midtown East,Manhattan,266.5
162,2026-03-20 21:00:00,183,162,Midtown East,Manhattan,203.4
162,2026-03-20 22:00:00,162,162,Midtown East,Manhattan,163.2
162,2026-03-20 23:00:00,123,162,Midtown East,Manhattan,133.3
162,2026-03-21 00:00:00,80,162,Midtown East,Manhattan,82.3
162,2026-03-21 01:00:00,50,162,Midtown East,Manhattan,39.7
162,2026-03-21 02:00:00,18,162,Midtown East,Manhattan,19.1
162,2026-03-21 03:00:00,16,162,Midtown East,Manhattan,10.7
162,2026-03-21 04:00:00,16,162,Midtown East,Manhattan,16.2
162,2026-03-21 05:00:00,5,162,Midtown East,Manhattan,15.3
162,2026-03-21 06:00:00,23,162,Midtown East,Manhattan,25.7
162,2026-03-21 07:00:00,35,162,Midtown East,Manhattan,50.4
162,2026-03-21 08:00:00,65,162,Midtown East,Manhattan,68.9
162,2026-03-21 09:00:00,82,162,Midtown East,Manhattan,99.9
162,2026-03-21 10:00:00,128,162,Midtown East,Manhattan,127.3
162,2026-03-21 11:00:00,194,162,Midtown East,Manhattan,161.0
162,2026-03-21 12:00:00,127,162,Midtown East,Manhattan,202.5
162,2026-03-21 13:00:00,171,162,Midtown East,Manhattan,158.3
162,2026-03-21 14:00:00,151,162,Midtown East,Manhattan,184.2
162,2026-03-21 15:00:00,150,162,Midtown East,Manhattan,171.1
162,2026-03-21 16:00:00,181,162,Midtown East,Manhattan,174.4
162,2026-03-21 17:00:00,171,162,Midtown East,Manhattan,205.8
162,2026-03-21 18:00:00,176,162,Midtown East,Manhattan,206.2
162,2026-03-21 19:00:00,170,162,Midtown East,Manhattan,170.5
162,2026-03-21 20:00:00,148,162,Midtown East,Manhattan,140.3
162,2026-03-21 21:00:00,102,162,Midtown East,Manhattan,140.3
162,2026-03-21 22:00:00,122,162,Midtown East,Manhattan,115.0
162,2026-03-21 23:00:00,119,162,Midtown East,Manhattan,112.0
162,2026-03-22 00:00:00,76,162,Midtown East,Manhattan,74.2
162,2026-03-22 01:00:00,42,162,Midtown East,Manhattan,45.2
162,2026-03-22 02:00:00,25,162,Midtown East,Manhattan,21.9
162,2026-03-22 03:00:00,15,162,Midtown East,Manhattan,12.9
162,2026-03-22 04:00:00,12,162,Midtown East,Manhattan,15.7
162,2026-03-22 05:00:00,13,162,Midtown East,Manhattan,14.3
162,2026-03-22 06:00:00,28,162,Midtown East,Manhattan,21.5
162,2026-03-22 07:00:00,41,162,Midtown East,Manhattan,31.1
162,2026-03-22 08:00:00,50,162,Midtown East,Manhattan,56.2
162,2026-03-22 09:00:00,59,162,Midtown East,Manhattan,76.8
162,2026-03-22 10:00:00,134,162,Midtown East,Manhattan,90.0
162,2026-03-22 11:00:00,178,162,Midtown East,Manhattan,151.2
162,2026-03-22 12:00:00,163,162,Midtown East,Manhattan,170.5
162,2026-03-22 13:00:00,162,162,Midtown East,Manhattan,159.1
162,2026-03-22 14:00:00,150,162,Midtown East,Manhattan,165.8
162,2026-03-22 15:00:00,137,162,Midtown East,Manhattan,155.6
162,2026-03-22 16:00:00,137,162,Midtown East,Manhattan,145.2
162,2026-03-22 17:00:00,174,162,Midtown East,Manhattan,152.7
162,2026-03-22 18:00:00,150,162,Midtown East,Manhattan,179.1
162,2026-03-22 19:00:00,139,162,Midtown East,Manhattan,131.9
162,2026-03-22 20:00:00,117,162,Midtown East,Manhattan,123.5
162,2026-03-22 21:00:00,112,162,Midtown East,Manhattan,94.6
162,2026-03-22 22:00:00,76,162,Midtown East,Manhattan,76.9
162,2026-03-22 23:00:00,46,162,Midtown East,Manhattan,50.9
162,2026-03-23 00:00:00,18,162,Midtown East,Manhattan,21.4
162,2026-03-23 01:00:00,7,162,Midtown East,Manhattan,10.9
162,2026-03-23 02:00:00,5,162,Midtown East,Manhattan,6.0
162,2026-03-23 03:00:00,4,162,Midtown East,Manhattan,5.6
162,2026-03-23 04:00:00,5,162,Midtown East,Manhattan,5.2
162,2026-03-23 05:00:00,23,162,Midtown East,Manhattan,16.2
162,2026-03-23 06:00:00,76,162,Midtown East,Manhattan,54.0
162,2026-03-23 07:00:00,128,162,Midtown East,Manhattan,127.9
162,2026-03-23 08:00:00,179,162,Midtown East,Manhattan,163.7
162,2026-03-23 09:00:00,180,162,Midtown East,Manhattan,174.0
162,2026-03-23 10:00:00,187,162,Midtown East,Manhattan,173.3
162,2026-03-23 11:00:00,203,162,Midtown East,Manhattan,186.3
162,2026-03-23 12:00:00,195,162,Midtown East,Manhattan,193.4
162,2026-03-23 13:00:00,213,162,Midtown East,Manhattan,199.1
162,2026-03-23 14:00:00,211,162,Midtown East,Manhattan,206.4
162,2026-03-23 15:00:00,236,162,Midtown East,Manhattan,200.9
162,2026-03-23 16:00:00,264,162,Midtown East,Manhattan,265.5
162,2026-03-23 17:00:00,377,162,Midtown East,Manhattan,332.8
162,2026-03-23 18:00:00,381,162,Midtown East,Manhattan,392.6
162,2026-03-23 19:00:00,302,162,Midtown East,Manhattan,338.0
162,2026-03-23 20:00:00,303,162,Midtown East,Manhattan,317.0
162,2026-03-23 21:00:00,214,162,Midtown East,Manhattan,279.1
162,2026-03-23 22:00:00,114,162,Midtown East,Manhattan,123.0
162,2026-03-23 23:00:00,52,162,Midtown East,Manhattan,50.1
162,2026-03-24 00:00:00,27,162,Midtown East,Manhattan,20.5
162,2026-03-24 01:00:00,10,162,Midtown East,Manhattan,10.6
162,2026-03-24 02:00:00,8,162,Midtown East,Manhattan,6.3
162,2026-03-24 03:00:00,4,162,Midtown East,Manhattan,5.5
162,2026-03-24 04:00:00,3,162,Midtown East,Manhattan,5.9
162,2026-03-24 05:00:00,20,162,Midtown East,Manhattan,19.2
162,2026-03-24 06:00:00,51,162,Midtown East,Manhattan,66.3
162,2026-03-24 07:00:00,125,162,Midtown East,Manhattan,140.8
162,2026-03-24 08:00:00,168,162,Midtown East,Manhattan,186.1
162,2026-03-24 09:00:00,182,162,Midtown East,Manhattan,190.2
162,2026-03-24 10:00:00,173,162,Midtown East,Manhattan,189.4
162,2026-03-24 11:00:00,203,162,Midtown East,Manhattan,188.2
162,2026-03-24 12:00:00,234,162,Midtown East,Manhattan,199.0
162,2026-03-24 13:00:00,221,162,Midtown East,Manhattan,223.5
162,2026-03-24 14:00:00,228,162,Midtown East,Manhattan,225.3
162,2026-03-24 15:00:00,258,162,Midtown East,Manhattan,236.6
162,2026-03-24 16:00:00,308,162,Midtown East,Manhattan,270.9
162,2026-03-24 17:00:00,449,162,Midtown East,Manhattan,410.9
162,2026-03-24 18:00:00,377,162,Midtown East,Manhattan,469.4
162,2026-03-24 19:00:00,316,162,Midtown East,Manhattan,348.8
162,2026-03-24 20:00:00,350,162,Midtown East,Manhattan,369.6
162,2026-03-24 21:00:00,311,162,Midtown East,Manhattan,330.3
162,2026-03-24 22:00:00,163,162,Midtown East,Manhattan,208.5
162,2026-03-24 23:00:00,91,162,Midtown East,Manhattan,86.7
162,2026-03-25 00:00:00,49,162,Midtown East,Manhattan,44.9
162,2026-03-25 01:00:00,13,162,Midtown East,Manhattan,18.3
162,2026-03-25 02:00:00,11,162,Midtown East,Manhattan,7.8
162,2026-03-25 03:00:00,5,162,Midtown East,Manhattan,5.8
162,2026-03-25 04:00:00,8,162,Midtown East,Manhattan,6.5
162,2026-03-25 05:00:00,20,162,Midtown East,Manhattan,20.6
162,2026-03-25 06:00:00,68,162,Midtown East,Manhattan,54.5
162,2026-03-25 07:00:00,132,162,Midtown East,Manhattan,144.9
162,2026-03-25 08:00:00,156,162,Midtown East,Manhattan,192.9
162,2026-03-25 09:00:00,192,162,Midtown East,Manhattan,191.7
162,2026-03-25 10:00:00,181,162,Midtown East,Manhattan,198.8
162,2026-03-25 11:00:00,211,162,Midtown East,Manhattan,214.4
162,2026-03-25 12:00:00,212,162,Midtown East,Manhattan,236.1
162,2026-03-25 13:00:00,225,162,Midtown East,Manhattan,243.5
162,2026-03-25 14:00:00,241,162,Midtown East,Manhattan,246.9
162,2026-03-25 15:00:00,246,162,Midtown East,Manhattan,263.3
162,2026-03-25 16:00:00,286,162,Midtown East,Manhattan,301.6
162,2026-03-25 17:00:00,414,162,Midtown East,Manhattan,395.0
162,2026-03-25 18:00:00,377,162,Midtown East,Manhattan,429.2
162,2026-03-25 19:00:00,392,162,Midtown East,Manhattan,337.0
162,2026-03-25 20:00:00,399,162,Midtown East,Manhattan,409.5
162,2026-03-25 21:00:00,302,162,Midtown East,Manhattan,349.5
162,2026-03-25 22:00:00,189,162,Midtown East,Manhattan,214.1
162,2026-03-25 23:00:00,98,162,Midtown East,Manhattan,100.4
162,2026-03-26 00:00:00,45,162,Midtown East,Manhattan,49.9
162,2026-03-26 01:00:00,28,162,Midtown East,Manhattan,16.1
162,2026-03-26 02:00:00,7,162,Midtown East,Manhattan,11.6
162,2026-03-26 03:00:00,2,162,Midtown East,Manhattan,5.5
162,2026-03-26 04:00:00,11,162,Midtown East,Manhattan,7.2
162,2026-03-26 05:00:00,21,162,Midtown East,Manhattan,22.6
162,2026-03-26 06:00:00,79,162,Midtown East,Manhattan,60.3
162,2026-03-26 07:00:00,123,162,Midtown East,Manhattan,136.5
162,2026-03-26 08:00:00,195,162,Midtown East,Manhattan,169.2
162,2026-03-26 09:00:00,162,162,Midtown East,Manhattan,201.0
162,2026-03-26 10:00:00,180,162,Midtown East,Manhattan,188.3
162,2026-03-26 11:00:00,206,162,Midtown East,Manhattan,204.9
162,2026-03-26 12:00:00,218,162,Midtown East,Manhattan,218.9
162,2026-03-26 13:00:00,211,162,Midtown East,Manhattan,234.5
162,2026-03-26 14:00:00,252,162,Midtown East,Manhattan,235.3
162,2026-03-26 15:00:00,276,162,Midtown East,Manhattan,264.0
162,2026-03-26 16:00:00,334,162,Midtown East,Manhattan,300.9
162,2026-03-26 17:00:00,366,162,Midtown East,Manhattan,422.9
162,2026-03-26 18:00:00,398,162,Midtown East,Manhattan,398.5
162,2026-03-26 19:00:00,317,162,Midtown East,Manhattan,345.9
162,2026-03-26 20:00:00,283,162,Midtown East,Manhattan,374.3
162,2026-03-26 21:00:00,212,162,Midtown East,Manhattan,281.8
162,2026-03-26 22:00:00,223,162,Midtown East,Manhattan,205.9
162,2026-03-26 23:00:00,108,162,Midtown East,Manhattan,129.7
162,2026-03-27 00:00:00,69,162,Midtown East,Manhattan,65.3
162,2026-03-27 01:00:00,31,162,Midtown East,Manhattan,33.4
162,2026-03-27 02:00:00,20,162,Midtown East,Manhattan,14.1
162,2026-03-27 03:00:00,11,162,Midtown East,Manhattan,9.2
162,2026-03-27 04:00:00,13,162,Midtown East,Manhattan,12.2
162,2026-03-27 05:00:00,34,162,Midtown East,Manhattan,17.3
162,2026-03-27 06:00:00,67,162,Midtown East,Manhattan,65.2
162,2026-03-27 07:00:00,101,162,Midtown East,Manhattan,113.5
162,2026-03-27 08:00:00,141,162,Midtown East,Manhattan,134.7
162,2026-03-27 09:00:00,130,162,Midtown East,Manhattan,152.8
162,2026-03-27 10:00:00,176,162,Midtown East,Manhattan,156.8
162,2026-03-27 11:00:00,209,162,Midtown East,Manhattan,180.6
162,2026-03-27 12:00:00,195,162,Midtown East,Manhattan,207.3
162,2026-03-27 13:00:00,197,162,Midtown East,Manhattan,202.5
162,2026-03-27 14:00:00,183,162,Midtown East,Manhattan,217.8
162,2026-03-27 15:00:00,225,162,Midtown East,Manhattan,219.9
162,2026-03-27 16:00:00,265,162,Midtown East,Manhattan,246.7
162,2026-03-27 17:00:00,321,162,Midtown East,Manhattan,297.8
162,2026-03-27 18:00:00,314,162,Midtown East,Manhattan,323.2
162,2026-03-27 19:00:00,234,162,Midtown East,Manhattan,277.1
162,2026-03-27 20:00:00,125,162,Midtown East,Manhattan,200.6
162,2026-03-27 21:00:00,152,162,Midtown East,Manhattan,146.1
162,2026-03-27 22:00:00,117,162,Midtown East,Manhattan,147.9
162,2026-03-27 23:00:00,91,162,Midtown East,Manhattan,96.8
162,2026-03-28 00:00:00,66,162,Midtown East,Manhattan,60.4
162,2026-03-28 01:00:00,34,162,Midtown East,Manhattan,41.8
162,2026-03-28 02:00:00,22,162,Midtown East,Manhattan,16.6
162,2026-03-28 03:00:00,15,162,Midtown East,Manhattan,13.1
162,2026-03-28 04:00:00,12,162,Midtown East,Manhattan,11.4
162,2026-03-28 05:00:00,10,162,Midtown East,Manhattan,14.2
162,2026-03-28 06:00:00,27,162,Midtown East,Manhattan,25.4
162,2026-03-28 07:00:00,33,162,Midtown East,Manhattan,44.8
162,2026-03-28 08:00:00,60,162,Midtown East,Manhattan,65.8
162,2026-03-28 09:00:00,98,162,Midtown East,Manhattan,95.9
162,2026-03-28 10:00:00,147,162,Midtown East,Manhattan,137.0
162,2026-03-28 11:00:00,159,162,Midtown East,Manhattan,184.1
162,2026-03-28 12:00:00,176,162,Midtown East,Manhattan,160.7
162,2026-03-28 13:00:00,181,162,Midtown East,Manhattan,183.7
162,2026-03-28 14:00:00,186,162,Midtown East,Manhattan,178.5
162,2026-03-28 15:00:00,182,162,Midtown East,Manhattan,183.7
162,2026-03-28 16:00:00,192,162,Midtown East,Manhattan,194.2
162,2026-03-28 17:00:00,185,162,Midtown East,Manhattan,199.9
162,2026-03-28 18:00:00,206,162,Midtown East,Manhattan,195.9
162,2026-03-28 19:00:00,156,162,Midtown East,Manhattan,173.7
162,2026-03-28 20:00:00,120,162,Midtown East,Manhattan,139.2
162,2026-03-28 21:00:00,111,162,Midtown East,Manhattan,121.7
162,2026-03-28 22:00:00,115,162,Midtown East,Manhattan,100.5
162,2026-03-28 23:00:00,124,162,Midtown East,Manhattan,90.0
162,2026-03-29 00:00:00,72,162,Midtown East,Manhattan,70.6
162,2026-03-29 01:00:00,43,162,Midtown East,Manhattan,39.9
162,2026-03-29 02:00:00,24,162,Midtown East,Manhattan,20.6
162,2026-03-29 03:00:00,19,162,Midtown East,Manhattan,12.7
162,2026-03-29 04:00:00,10,162,Midtown East,Manhattan,10.6
162,2026-03-29 05:00:00,6,162,Midtown East,Manhattan,11.1
162,2026-03-29 06:00:00,19,162,Midtown East,Manhattan,24.1
162,2026-03-29 07:00:00,21,162,Midtown East,Manhattan,34.1
162,2026-03-29 08:00:00,43,162,Midtown East,Manhattan,42.7
162,2026-03-29 09:00:00,91,162,Midtown East,Manhattan,67.6
162,2026-03-29 10:00:00,128,162,Midtown East,Manhattan,126.0
162,2026-03-29 11:00:00,143,162,Midtown East,Manhattan,157.1
162,2026-03-29 12:00:00,175,162,Midtown East,Manhattan,154.4
162,2026-03-29 13:00:00,147,162,Midtown East,Manhattan,171.0
162,2026-03-29 14:00:00,146,162,Midtown East,Manhattan,157.6
162,2026-03-29 15:00:00,145,162,Midtown East,Manhattan,148.0
162,2026-03-29 16:00:00,149,162,Midtown East,Manhattan,145.0
162,2026-03-29 17:00:00,157,162,Midtown East,Manhattan,160.0
162,2026-03-29 18:00:00,143,162,Midtown East,Manhattan,158.6
162,2026-03-29 19:00:00,133,162,Midtown East,Manhattan,128.6
162,2026-03-29 20:00:00,125,162,Midtown East,Manhattan,117.7
162,2026-03-29 21:00:00,101,162,Midtown East,Manhattan,109.8
162,2026-03-29 22:00:00,54,162,Midtown East,Manhattan,70.8
162,2026-03-29 23:00:00,27,162,Midtown East,Manhattan,40.7
162,2026-03-30 00:00:00,23,162,Midtown East,Manhattan,15.6
162,2026-03-30 01:00:00,4,162,Midtown East,Manhattan,12.2
162,2026-03-30 02:00:00,2,162,Midtown East,Manhattan,5.6
162,2026-03-30 03:00:00,5,162,Midtown East,Manhattan,5.6
162,2026-03-30 04:00:00,5,162,Midtown East,Manhattan,4.8
162,2026-03-30 05:00:00,16,162,Midtown East,Manhattan,16.0
162,2026-03-30 06:00:00,64,162,Midtown East,Manhattan,53.2
162,2026-03-30 07:00:00,103,162,Midtown East,Manhattan,113.9
162,2026-03-30 08:00:00,152,162,Midtown East,Manhattan,153.3
162,2026-03-30 09:00:00,172,162,Midtown East,Manhattan,159.8
162,2026-03-30 10:00:00,164,162,Midtown East,Manhattan,174.7
162,2026-03-30 11:00:00,167,162,Midtown East,Manhattan,174.9
162,2026-03-30 12:00:00,177,162,Midtown East,Manhattan,175.3
162,2026-03-30 13:00:00,176,162,Midtown East,Manhattan,182.9
162,2026-03-30 14:00:00,177,162,Midtown East,Manhattan,185.2
162,2026-03-30 15:00:00,192,162,Midtown East,Manhattan,189.0
162,2026-03-30 16:00:00,250,162,Midtown East,Manhattan,207.4
162,2026-03-30 17:00:00,337,162,Midtown East,Manhattan,299.2
162,2026-03-30 18:00:00,318,162,Midtown East,Manhattan,358.8
162,2026-03-30 19:00:00,264,162,Midtown East,Manhattan,283.3
162,2026-03-30 20:00:00,252,162,Midtown East,Manhattan,257.6
162,2026-03-30 21:00:00,221,162,Midtown East,Manhattan,216.7
162,2026-03-30 22:00:00,124,162,Midtown East,Manhattan,128.7
162,2026-03-30 23:00:00,63,162,Midtown East,Manhattan,53.1
162,2026-03-31 00:00:00,19,162,Midtown East,Manhattan,26.9
162,2026-03-31 01:00:00,16,162,Midtown East,Manhattan,8.6
162,2026-03-31 02:00:00,9,162,Midtown East,Manhattan,8.3
162,2026-03-31 03:00:00,5,162,Midtown East,Manhattan,5.8
162,2026-03-31 04:00:00,6,162,Midtown East,Manhattan,6.1
162,2026-03-31 05:00:00,20,162,Midtown East,Manhattan,18.4
162,2026-03-31 06:00:00,66,162,Midtown East,Manhattan,55.1
162,2026-03-31 07:00:00,125,162,Midtown East,Manhattan,137.5
162,2026-03-31 08:00:00,174,162,Midtown East,Manhattan,173.0
162,2026-03-31 09:00:00,194,162,Midtown East,Manhattan,189.7
162,2026-03-31 10:00:00,186,162,Midtown East,Manhattan,192.8
162,2026-03-31 11:00:00,189,162,Midtown East,Manhattan,194.4
162,2026-03-31 12:00:00,182,162,Midtown East,Manhattan,201.0
162,2026-03-31 13:00:00,207,162,Midtown East,Manhattan,194.7
162,2026-03-31 14:00:00,228,162,Midtown East,Manhattan,211.1
162,2026-03-31 15:00:00,234,162,Midtown East,Manhattan,235.4
162,2026-03-31 16:00:00,270,162,Midtown East,Manhattan,274.7
162,2026-03-31 17:00:00,324,162,Midtown East,Manhattan,379.5
162,2026-03-31 18:00:00,328,162,Midtown East,Manhattan,366.2
162,2026-03-31 19:00:00,337,162,Midtown East,Manhattan,299.3
162,2026-03-31 20:00:00,274,162,Midtown East,Manhattan,332.0
162,2026-03-31 21:00:00,222,162,Midtown East,Manhattan,279.4
162,2026-03-31 22:00:00,126,162,Midtown East,Manhattan,157.0
162,2026-03-31 23:00:00,85,162,Midtown East,Manhattan,72.0
186,2026-03-01 00:00:00,161,186,Penn Station/Madison Sq West,Manhattan,180.7
186,2026-03-01 01:00:00,84,186,Penn Station/Madison Sq West,Manhattan,90.8
186,2026-03-01 02:00:00,74,186,Penn Station/Madison Sq West,Manhattan,56.2
186,2026-03-01 03:00:00,40,186,Penn Station/Madison Sq West,Manhattan,50.6
186,2026-03-01 04:00:00,36,186,Penn Station/Madison Sq West,Manhattan,32.7
186,2026-03-01 05:00:00,20,186,Penn Station/Madison Sq West,Manhattan,36.2
186,2026-03-01 06:00:00,42,186,Penn Station/Madison Sq West,Manhattan,47.3
186,2026-03-01 07:00:00,31,186,Penn Station/Madison Sq West,Manhattan,57.9
186,2026-03-01 08:00:00,36,186,Penn Station/Madison Sq West,Manhattan,54.7
186,2026-03-01 09:00:00,80,186,Penn Station/Madison Sq West,Manhattan,75.0
186,2026-03-01 10:00:00,135,186,Penn Station/Madison Sq West,Manhattan,119.7
186,2026-03-01 11:00:00,173,186,Penn Station/Madison Sq West,Manhattan,192.6
186,2026-03-01 12:00:00,176,186,Penn Station/Madison Sq West,Manhattan,201.6
186,2026-03-01 13:00:00,228,186,Penn Station/Madison Sq West,Manhattan,219.6
186,2026-03-01 14:00:00,207,186,Penn Station/Madison Sq West,Manhattan,241.2
186,2026-03-01 15:00:00,334,186,Penn Station/Madison Sq West,Manhattan,216.1
186,2026-03-01 16:00:00,288,186,Penn Station/Madison Sq West,Manhattan,275.1
186,2026-03-01 17:00:00,242,186,Penn Station/Madison Sq West,Manhattan,278.9
186,2026-03-01 18:00:00,225,186,Penn Station/Madison Sq West,Manhattan,252.7
186,2026-03-01 19:00:00,197,186,Penn Station/Madison Sq West,Manhattan,219.1
186,2026-03-01 20:00:00,171,186,Penn Station/Madison Sq West,Manhattan,152.0
186,2026-03-01 21:00:00,265,186,Penn Station/Madison Sq West,Manhattan,140.3
186,2026-03-01 22:00:00,122,186,Penn Station/Madison Sq West,Manhattan,225.9
186,2026-03-01 23:00:00,52,186,Penn Station/Madison Sq West,Manhattan,56.5
186,2026-03-02 00:00:00,59,186,Penn Station/Madison Sq West,Manhattan,24.4
186,2026-03-02 01:00:00,29,186,Penn Station/Madison Sq West,Manhattan,25.3
186,2026-03-02 02:00:00,30,186,Penn Station/Madison Sq West,Manhattan,15.5
186,2026-03-02 03:00:00,6,186,Penn Station/Madison Sq West,Manhattan,18.5
186,2026-03-02 04:00:00,9,186,Penn Station/Madison Sq West,Manhattan,10.7
186,2026-03-02 05:00:00,57,186,Penn Station/Madison Sq West,Manhattan,16.7
186,2026-03-02 06:00:00,98,186,Penn Station/Madison Sq West,Manhattan,56.3
186,2026-03-02 07:00:00,175,186,Penn Station/Madison Sq West,Manhattan,133.2
186,2026-03-02 08:00:00,198,186,Penn Station/Madison Sq West,Manhattan,158.5
186,2026-03-02 09:00:00,171,186,Penn Station/Madison Sq West,Manhattan,172.0
186,2026-03-02 10:00:00,176,186,Penn Station/Madison Sq West,Manhattan,111.2
186,2026-03-02 11:00:00,215,186,Penn Station/Madison Sq West,Manhattan,119.6
186,2026-03-02 12:00:00,150,186,Penn Station/Madison Sq West,Manhattan,184.4
186,2026-03-02 13:00:00,164,186,Penn Station/Madison Sq West,Manhattan,111.8
186,2026-03-02 14:00:00,111,186,Penn Station/Madison Sq West,Manhattan,112.0
186,2026-03-02 15:00:00,180,186,Penn Station/Madison Sq West,Manhattan,85.6
186,2026-03-02 16:00:00,182,186,Penn Station/Madison Sq West,Manhattan,141.5
186,2026-03-02 17:00:00,167,186,Penn Station/Madison Sq West,Manhattan,166.4
186,2026-03-02 18:00:00,192,186,Penn Station/Madison Sq West,Manhattan,146.3
186,2026-03-02 19:00:00,174,186,Penn Station/Madison Sq West,Manhattan,142.9
186,2026-03-02 20:00:00,215,186,Penn Station/Madison Sq West,Manhattan,117.5
186,2026-03-02 21:00:00,315,186,Penn Station/Madison Sq West,Manhattan,198.1
186,2026-03-02 22:00:00,205,186,Penn Station/Madison Sq West,Manhattan,200.4
186,2026-03-02 23:00:00,84,186,Penn Station/Madison Sq West,Manhattan,92.2
186,2026-03-03 00:00:00,55,186,Penn Station/Madison Sq West,Manhattan,32.2
186,2026-03-03 01:00:00,12,186,Penn Station/Madison Sq West,Manhattan,17.7
186,2026-03-03 02:00:00,11,186,Penn Station/Madison Sq West,Manhattan,14.4
186,2026-03-03 03:00:00,6,186,Penn Station/Madison Sq West,Manhattan,6.6
186,2026-03-03 04:00:00,8,186,Penn Station/Madison Sq West,Manhattan,6.9
186,2026-03-03 05:00:00,41,186,Penn Station/Madison Sq West,Manhattan,27.0
186,2026-03-03 06:00:00,97,186,Penn Station/Madison Sq West,Manhattan,74.1
186,2026-03-03 07:00:00,191,186,Penn Station/Madison Sq West,Manhattan,154.4
186,2026-03-03 08:00:00,218,186,Penn Station/Madison Sq West,Manhattan,209.5
186,2026-03-03 09:00:00,273,186,Penn Station/Madison Sq West,Manhattan,200.1
186,2026-03-03 10:00:00,245,186,Penn Station/Madison Sq West,Manhattan,240.3
186,2026-03-03 11:00:00,213,186,Penn Station/Madison Sq West,Manhattan,224.0
186,2026-03-03 12:00:00,222,186,Penn Station/Madison Sq West,Manhattan,190.7
186,2026-03-03 13:00:00,194,186,Penn Station/Madison Sq West,Manhattan,201.0
186,2026-03-03 14:00:00,152,186,Penn Station/Madison Sq West,Manhattan,181.9
186,2026-03-03 15:00:00,153,186,Penn Station/Madison Sq West,Manhattan,156.8
186,2026-03-03 16:00:00,172,186,Penn Station/Madison Sq West,Manhattan,156.3
186,2026-03-03 17:00:00,185,186,Penn Station/Madison Sq West,Manhattan,188.2
186,2026-03-03 18:00:00,251,186,Penn Station/Madison Sq West,Manhattan,205.5
186,2026-03-03 19:00:00,208,186,Penn Station/Madison Sq West,Manhattan,219.9
186,2026-03-03 20:00:00,215,186,Penn Station/Madison Sq West,Manhattan,196.6
186,2026-03-03 21:00:00,278,186,Penn Station/Madison Sq West,Manhattan,225.2
186,2026-03-03 22:00:00,148,186,Penn Station/Madison Sq West,Manhattan,226.4
186,2026-03-03 23:00:00,86,186,Penn Station/Madison Sq West,Manhattan,100.4
186,2026-03-04 00:00:00,75,186,Penn Station/Madison Sq West,Manhattan,65.0
186,2026-03-04 01:00:00,27,186,Penn Station/Madison Sq West,Manhattan,24.8
186,2026-03-04 02:00:00,9,186,Penn Station/Madison Sq West,Manhattan,11.8
186,2026-03-04 03:00:00,5,186,Penn Station/Madison Sq West,Manhattan,6.3
186,2026-03-04 04:00:00,7,186,Penn Station/Madison Sq West,Manhattan,7.9
186,2026-03-04 05:00:00,54,186,Penn Station/Madison Sq West,Manhattan,44.2
186,2026-03-04 06:00:00,100,186,Penn Station/Madison Sq West,Manhattan,117.9
186,2026-03-04 07:00:00,202,186,Penn Station/Madison Sq West,Manhattan,183.0
186,2026-03-04 08:00:00,207,186,Penn Station/Madison Sq West,Manhattan,220.6
186,2026-03-04 09:00:00,245,186,Penn Station/Madison Sq West,Manhattan,224.7
186,2026-03-04 10:00:00,166,186,Penn Station/Madison Sq West,Manhattan,233.0
186,2026-03-04 11:00:00,195,186,Penn Station/Madison Sq West,Manhattan,193.3
186,2026-03-04 12:00:00,191,186,Penn Station/Madison Sq West,Manhattan,194.1
186,2026-03-04 13:00:00,171,186,Penn Station/Madison Sq West,Manhattan,195.1
186,2026-03-04 14:00:00,129,186,Penn Station/Madison Sq West,Manhattan,171.1
186,2026-03-04 15:00:00,208,186,Penn Station/Madison Sq West,Manhattan,143.9
186,2026-03-04 16:00:00,173,186,Penn Station/Madison Sq West,Manhattan,196.2
186,2026-03-04 17:00:00,170,186,Penn Station/Madison Sq West,Manhattan,195.5
186,2026-03-04 18:00:00,209,186,Penn Station/Madison Sq West,Manhattan,200.3
186,2026-03-04 19:00:00,229,186,Penn Station/Madison Sq West,Manhattan,194.5
186,2026-03-04 20:00:00,212,186,Penn Station/Madison Sq West,Manhattan,215.2
186,2026-03-04 21:00:00,336,186,Penn Station/Madison Sq West,Manhattan,228.2
186,2026-03-04 22:00:00,270,186,Penn Station/Madison Sq West,Manhattan,223.1
186,2026-03-04 23:00:00,119,186,Penn Station/Madison Sq West,Manhattan,147.5
186,2026-03-05 00:00:00,84,186,Penn Station/Madison Sq West,Manhattan,72.5
186,2026-03-05 01:00:00,24,186,Penn Station/Madison Sq West,Manhattan,35.1
186,2026-03-05 02:00:00,8,186,Penn Station/Madison Sq West,Manhattan,10.2
186,2026-03-05 03:00:00,7,186,Penn Station/Madison Sq West,Manhattan,6.6
186,2026-03-05 04:00:00,9,186,Penn Station/Madison Sq West,Manhattan,8.0
186,2026-03-05 05:00:00,55,186,Penn Station/Madison Sq West,Manhattan,47.5
186,2026-03-05 06:00:00,128,186,Penn Station/Madison Sq West,Manhattan,111.2
186,2026-03-05 07:00:00,202,186,Penn Station/Madison Sq West,Manhattan,187.3
186,2026-03-05 08:00:00,199,186,Penn Station/Madison Sq West,Manhattan,211.1
186,2026-03-05 09:00:00,259,186,Penn Station/Madison Sq West,Manhattan,215.1
186,2026-03-05 10:00:00,206,186,Penn Station/Madison Sq West,Manhattan,223.0
186,2026-03-05 11:00:00,223,186,Penn Station/Madison Sq West,Manhattan,194.3
186,2026-03-05 12:00:00,176,186,Penn Station/Madison Sq West,Manhattan,204.2
186,2026-03-05 13:00:00,190,186,Penn Station/Madison Sq West,Manhattan,183.9
186,2026-03-05 14:00:00,147,186,Penn Station/Madison Sq West,Manhattan,180.4
186,2026-03-05 15:00:00,197,186,Penn Station/Madison Sq West,Manhattan,164.3
186,2026-03-05 16:00:00,158,186,Penn Station/Madison Sq West,Manhattan,190.0
186,2026-03-05 17:00:00,258,186,Penn Station/Madison Sq West,Manhattan,180.5
186,2026-03-05 18:00:00,232,186,Penn Station/Madison Sq West,Manhattan,243.6
186,2026-03-05 19:00:00,264,186,Penn Station/Madison Sq West,Manhattan,209.9
186,2026-03-05 20:00:00,237,186,Penn Station/Madison Sq West,Manhattan,235.0
186,2026-03-05 21:00:00,307,186,Penn Station/Madison Sq West,Manhattan,250.3
186,2026-03-05 22:00:00,252,186,Penn Station/Madison Sq West,Manhattan,295.9
186,2026-03-05 23:00:00,177,186,Penn Station/Madison Sq West,Manhattan,179.6
186,2026-03-06 00:00:00,130,186,Penn Station/Madison Sq West,Manhattan,124.5
186,2026-03-06 01:00:00,42,186,Penn Station/Madison Sq West,Manhattan,60.0
186,2026-03-06 02:00:00,18,186,Penn Station/Madison Sq West,Manhattan,21.6
186,2026-03-06 03:00:00,11,186,Penn Station/Madison Sq West,Manhattan,11.2
186,2026-03-06 04:00:00,12,186,Penn Station/Madison Sq West,Manhattan,9.1
186,2026-03-06 05:00:00,48,186,Penn Station/Madison Sq West,Manhattan,48.5
186,2026-03-06 06:00:00,95,186,Penn Station/Madison Sq West,Manhattan,97.6
186,2026-03-06 07:00:00,112,186,Penn Station/Madison Sq West,Manhattan,147.0
186,2026-03-06 08:00:00,125,186,Penn Station/Madison Sq West,Manhattan,152.7
186,2026-03-06 09:00:00,153,186,Penn Station/Madison Sq West,Manhattan,152.1
186,2026-03-06 10:00:00,146,186,Penn Station/Madison Sq West,Manhattan,177.0
186,2026-03-06 11:00:00,194,186,Penn Station/Madison Sq West,Manhattan,176.8
186,2026-03-06 12:00:00,179,186,Penn Station/Madison Sq West,Manhattan,191.8
186,2026-03-06 13:00:00,209,186,Penn Station/Madison Sq West,Manhattan,195.1
186,2026-03-06 14:00:00,173,186,Penn Station/Madison Sq West,Manhattan,193.4
186,2026-03-06 15:00:00,177,186,Penn Station/Madison Sq West,Manhattan,186.3
186,2026-03-06 16:00:00,240,186,Penn Station/Madison Sq West,Manhattan,187.7
186,2026-03-06 17:00:00,218,186,Penn Station/Madison Sq West,Manhattan,227.6
186,2026-03-06 18:00:00,201,186,Penn Station/Madison Sq West,Manhattan,234.0
186,2026-03-06 19:00:00,266,186,Penn Station/Madison Sq West,Manhattan,214.4
186,2026-03-06 20:00:00,135,186,Penn Station/Madison Sq West,Manhattan,227.9
186,2026-03-06 21:00:00,149,186,Penn Station/Madison Sq West,Manhattan,175.9
186,2026-03-06 22:00:00,146,186,Penn Station/Madison Sq West,Manhattan,162.1
186,2026-03-06 23:00:00,189,186,Penn Station/Madison Sq West,Manhattan,142.1
186,2026-03-07 00:00:00,134,186,Penn Station/Madison Sq West,Manhattan,139.8
186,2026-03-07 01:00:00,68,186,Penn Station/Madison Sq West,Manhattan,80.1
186,2026-03-07 02:00:00,65,186,Penn Station/Madison Sq West,Manhattan,45.4
186,2026-03-07 03:00:00,55,186,Penn Station/Madison Sq West,Manhattan,30.3
186,2026-03-07 04:00:00,24,186,Penn Station/Madison Sq West,Manhattan,27.1
186,2026-03-07 05:00:00,38,186,Penn Station/Madison Sq West,Manhattan,26.6
186,2026-03-07 06:00:00,62,186,Penn Station/Madison Sq West,Manhattan,56.8
186,2026-03-07 07:00:00,35,186,Penn Station/Madison Sq West,Manhattan,79.7
186,2026-03-07 08:00:00,60,186,Penn Station/Madison Sq West,Manhattan,62.4
186,2026-03-07 09:00:00,84,186,Penn Station/Madison Sq West,Manhattan,97.3
186,2026-03-07 10:00:00,143,186,Penn Station/Madison Sq West,Manhattan,128.6
186,2026-03-07 11:00:00,234,186,Penn Station/Madison Sq West,Manhattan,189.6
186,2026-03-07 12:00:00,237,186,Penn Station/Madison Sq West,Manhattan,215.5
186,2026-03-07 13:00:00,236,186,Penn Station/Madison Sq West,Manhattan,235.0
186,2026-03-07 14:00:00,225,186,Penn Station/Madison Sq West,Manhattan,227.1
186,2026-03-07 15:00:00,157,186,Penn Station/Madison Sq West,Manhattan,233.4
186,2026-03-07 16:00:00,205,186,Penn Station/Madison Sq West,Manhattan,196.4
186,2026-03-07 17:00:00,251,186,Penn Station/Madison Sq West,Manhattan,221.8
186,2026-03-07 18:00:00,231,186,Penn Station/Madison Sq West,Manhattan,239.0
186,2026-03-07 19:00:00,275,186,Penn Station/Madison Sq West,Manhattan,228.0
186,2026-03-07 20:00:00,155,186,Penn Station/Madison Sq West,Manhattan,211.5
186,2026-03-07 21:00:00,191,186,Penn Station/Madison Sq West,Manhattan,183.2
186,2026-03-07 22:00:00,120,186,Penn Station/Madison Sq West,Manhattan,213.3
186,2026-03-07 23:00:00,169,186,Penn Station/Madison Sq West,Manhattan,135.7
186,2026-03-08 00:00:00,156,186,Penn Station/Madison Sq West,Manhattan,129.0
186,2026-03-08 01:00:00,83,186,Penn Station/Madison Sq West,Manhattan,89.5
186,2026-03-08 03:00:00,73,186,Penn Station/Madison Sq West,Manhattan,27.0
186,2026-03-08 04:00:00,115,186,Penn Station/Madison Sq West,Manhattan,39.0
186,2026-03-08 05:00:00,62,186,Penn Station/Madison Sq West,Manhattan,83.3
186,2026-03-08 06:00:00,46,186,Penn Station/Madison Sq West,Manhattan,60.9
186,2026-03-08 07:00:00,44,186,Penn Station/Madison Sq West,Manhattan,42.7
186,2026-03-08 08:00:00,85,186,Penn Station/Madison Sq West,Manhattan,51.7
186,2026-03-08 09:00:00,83,186,Penn Station/Madison Sq West,Manhattan,104.7
186,2026-03-08 10:00:00,132,186,Penn Station/Madison Sq West,Manhattan,128.5
186,2026-03-08 11:00:00,189,186,Penn Station/Madison Sq West,Manhattan,185.3
186,2026-03-08 12:00:00,180,186,Penn Station/Madison Sq West,Manhattan,199.0
186,2026-03-08 13:00:00,257,186,Penn Station/Madison Sq West,Manhattan,212.3
186,2026-03-08 14:00:00,209,186,Penn Station/Madison Sq West,Manhattan,238.6
186,2026-03-08 15:00:00,191,186,Penn Station/Madison Sq West,Manhattan,233.9
186,2026-03-08 16:00:00,218,186,Penn Station/Madison Sq West,Manhattan,222.2
186,2026-03-08 17:00:00,216,186,Penn Station/Madison Sq West,Manhattan,236.6
186,2026-03-08 18:00:00,252,186,Penn Station/Madison Sq West,Manhattan,225.7
186,2026-03-08 19:00:00,230,186,Penn Station/Madison Sq West,Manhattan,226.4
186,2026-03-08 20:00:00,145,186,Penn Station/Madison Sq West,Manhattan,193.7
186,2026-03-08 21:00:00,205,186,Penn Station/Madison Sq West,Manhattan,174.4
186,2026-03-08 22:00:00,137,186,Penn Station/Madison Sq West,Manhattan,158.2
186,2026-03-08 23:00:00,124,186,Penn Station/Madison Sq West,Manhattan,77.0
186,2026-03-09 00:00:00,93,186,Penn Station/Madison Sq West,Manhattan,79.3
186,2026-03-09 01:00:00,29,186,Penn Station/Madison Sq West,Manhattan,41.5
186,2026-03-09 02:00:00,5,186,Penn Station/Madison Sq West,Manhattan,19.4
186,2026-03-09 03:00:00,5,186,Penn Station/Madison Sq West,Manhattan,10.2
186,2026-03-09 04:00:00,4,186,Penn Station/Madison Sq West,Manhattan,13.7
186,2026-03-09 05:00:00,44,186,Penn Station/Madison Sq West,Manhattan,48.1
186,2026-03-09 06:00:00,111,186,Penn Station/Madison Sq West,Manhattan,93.9
186,2026-03-09 07:00:00,167,186,Penn Station/Madison Sq West,Manhattan,178.9
186,2026-03-09 08:00:00,174,186,Penn Station/Madison Sq West,Manhattan,202.5
186,2026-03-09 09:00:00,169,186,Penn Station/Madison Sq West,Manhattan,174.3
186,2026-03-09 10:00:00,172,186,Penn Station/Madison Sq West,Manhattan,174.7
186,2026-03-09 11:00:00,221,186,Penn Station/Madison Sq West,Manhattan,192.0
186,2026-03-09 12:00:00,158,186,Penn Station/Madison Sq West,Manhattan,197.5
186,2026-03-09 13:00:00,168,186,Penn Station/Madison Sq West,Manhattan,178.2
186,2026-03-09 14:00:00,144,186,Penn Station/Madison Sq West,Manhattan,162.5
186,2026-03-09 15:00:00,153,186,Penn Station/Madison Sq West,Manhattan,168.6
186,2026-03-09 16:00:00,199,186,Penn Station/Madison Sq West,Manhattan,174.7
186,2026-03-09 17:00:00,158,186,Penn Station/Madison Sq West,Manhattan,205.8
186,2026-03-09 18:00:00,193,186,Penn Station/Madison Sq West,Manhattan,191.0
186,2026-03-09 19:00:00,192,186,Penn Station/Madison Sq West,Manhattan,181.5
186,2026-03-09 20:00:00,142,186,Penn Station/Madison Sq West,Manhattan,188.1
186,2026-03-09 21:00:00,117,186,Penn Station/Madison Sq West,Manhattan,179.5
186,2026-03-09 22:00:00,171,186,Penn Station/Madison Sq West,Manhattan,119.0
186,2026-03-09 23:00:00,95,186,Penn Station/Madison Sq West,Manhattan,118.7
186,2026-03-10 00:00:00,66,186,Penn Station/Madison Sq West,Manhattan,66.4
186,2026-03-10 01:00:00,21,186,Penn Station/Madison Sq West,Manhattan,25.1
186,2026-03-10 02:00:00,10,186,Penn Station/Madison Sq West,Manhattan,10.1
186,2026-03-10 03:00:00,11,186,Penn Station/Madison Sq West,Manhattan,6.6
186,2026-03-10 04:00:00,4,186,Penn Station/Madison Sq West,Manhattan,7.7
186,2026-03-10 05:00:00,53,186,Penn Station/Madison Sq West,Manhattan,35.0
186,2026-03-10 06:00:00,95,186,Penn Station/Madison Sq West,Manhattan,100.5
186,2026-03-10 07:00:00,194,186,Penn Station/Madison Sq West,Manhattan,181.2
186,2026-03-10 08:00:00,257,186,Penn Station/Madison Sq West,Manhattan,223.2
186,2026-03-10 09:00:00,256,186,Penn Station/Madison Sq West,Manhattan,253.9
186,2026-03-10 10:00:00,131,186,Penn Station/Madison Sq West,Manhattan,241.2
186,2026-03-10 11:00:00,240,186,Penn Station/Madison Sq West,Manhattan,173.7
186,2026-03-10 12:00:00,192,186,Penn Station/Madison Sq West,Manhattan,214.4
186,2026-03-10 13:00:00,226,186,Penn Station/Madison Sq West,Manhattan,198.0
186,2026-03-10 14:00:00,169,186,Penn Station/Madison Sq West,Manhattan,198.7
186,2026-03-10 15:00:00,198,186,Penn Station/Madison Sq West,Manhattan,174.4
186,2026-03-10 16:00:00,198,186,Penn Station/Madison Sq West,Manhattan,195.7
186,2026-03-10 17:00:00,193,186,Penn Station/Madison Sq West,Manhattan,202.7
186,2026-03-10 18:00:00,223,186,Penn Station/Madison Sq West,Manhattan,218.2
186,2026-03-10 19:00:00,209,186,Penn Station/Madison Sq West,Manhattan,203.5
186,2026-03-10 20:00:00,195,186,Penn Station/Madison Sq West,Manhattan,203.7
186,2026-03-10 21:00:00,309,186,Penn Station/Madison Sq West,Manhattan,223.2
186,2026-03-10 22:00:00,162,186,Penn Station/Madison Sq West,Manhattan,223.5
186,2026-03-10 23:00:00,139,186,Penn Station/Madison Sq West,Manhattan,101.2
186,2026-03-11 00:00:00,66,186,Penn Station/Madison Sq West,Manhattan,80.4
186,2026-03-11 01:00:00,16,186,Penn Station/Madison Sq West,Manhattan,29.2
186,2026-03-11 02:00:00,11,186,Penn Station/Madison Sq West,Manhattan,9.4
186,2026-03-11 03:00:00,6,186,Penn Station/Madison Sq West,Manhattan,7.3
186,2026-03-11 04:00:00,7,186,Penn Station/Madison Sq West,Manhattan,7.2
186,2026-03-11 05:00:00,62,186,Penn Station/Madison Sq West,Manhattan,44.4
186,2026-03-11 06:00:00,122,186,Penn Station/Madison Sq West,Manhattan,117.4
186,2026-03-11 07:00:00,202,186,Penn Station/Madison Sq West,Manhattan,206.5
186,2026-03-11 08:00:00,223,186,Penn Station/Madison Sq West,Manhattan,241.3
186,2026-03-11 09:00:00,245,186,Penn Station/Madison Sq West,Manhattan,238.7
186,2026-03-11 10:00:00,183,186,Penn Station/Madison Sq West,Manhattan,209.9
186,2026-03-11 11:00:00,265,186,Penn Station/Madison Sq West,Manhattan,204.4
186,2026-03-11 12:00:00,200,186,Penn Station/Madison Sq West,Manhattan,225.6
186,2026-03-11 13:00:00,206,186,Penn Station/Madison Sq West,Manhattan,206.1
186,2026-03-11 14:00:00,218,186,Penn Station/Madison Sq West,Manhattan,190.1
186,2026-03-11 15:00:00,105,186,Penn Station/Madison Sq West,Manhattan,214.0
186,2026-03-11 16:00:00,224,186,Penn Station/Madison Sq West,Manhattan,154.3
186,2026-03-11 17:00:00,142,186,Penn Station/Madison Sq West,Manhattan,214.6
186,2026-03-11 18:00:00,253,186,Penn Station/Madison Sq West,Manhattan,189.2
186,2026-03-11 19:00:00,291,186,Penn Station/Madison Sq West,Manhattan,221.5
186,2026-03-11 20:00:00,282,186,Penn Station/Madison Sq West,Manhattan,239.2
186,2026-03-11 21:00:00,260,186,Penn Station/Madison Sq West,Manhattan,294.5
186,2026-03-11 22:00:00,236,186,Penn Station/Madison Sq West,Manhattan,242.8
186,2026-03-11 23:00:00,224,186,Penn Station/Madison Sq West,Manhattan,168.8
186,2026-03-12 00:00:00,110,186,Penn Station/Madison Sq West,Manhattan,115.3
186,2026-03-12 01:00:00,34,186,Penn Station/Madison Sq West,Manhattan,37.9
186,2026-03-12 02:00:00,7,186,Penn Station/Madison Sq West,Manhattan,13.7
186,2026-03-12 03:00:00,14,186,Penn Station/Madison Sq West,Manhattan,6.7
186,2026-03-12 04:00:00,7,186,Penn Station/Madison Sq West,Manhattan,10.2
186,2026-03-12 05:00:00,90,186,Penn Station/Madison Sq West,Manhattan,48.1
186,2026-03-12 06:00:00,110,186,Penn Station/Madison Sq West,Manhattan,138.2
186,2026-03-12 07:00:00,184,186,Penn Station/Madison Sq West,Manhattan,197.9
186,2026-03-12 08:00:00,180,186,Penn Station/Madison Sq West,Manhattan,214.2
186,2026-03-12 09:00:00,239,186,Penn Station/Madison Sq West,Manhattan,221.5
186,2026-03-12 10:00:00,224,186,Penn Station/Madison Sq West,Manhattan,217.4
186,2026-03-12 11:00:00,211,186,Penn Station/Madison Sq West,Manhattan,234.0
186,2026-03-12 12:00:00,216,186,Penn Station/Madison Sq West,Manhattan,204.9
186,2026-03-12 13:00:00,247,186,Penn Station/Madison Sq West,Manhattan,211.3
186,2026-03-12 14:00:00,282,186,Penn Station/Madison Sq West,Manhattan,223.2
186,2026-03-12 15:00:00,278,186,Penn Station/Madison Sq West,Manhattan,233.1
186,2026-03-12 16:00:00,353,186,Penn Station/Madison Sq West,Manhattan,243.0
186,2026-03-12 17:00:00,278,186,Penn Station/Madison Sq West,Manhattan,294.2
186,2026-03-12 18:00:00,270,186,Penn Station/Madison Sq West,Manhattan,272.6
186,2026-03-12 19:00:00,296,186,Penn Station/Madison Sq West,Manhattan,261.3
186,2026-03-12 20:00:00,247,186,Penn Station/Madison Sq West,Manhattan,257.9
186,2026-03-12 21:00:00,336,186,Penn Station/Madison Sq West,Manhattan,263.9
186,2026-03-12 22:00:00,309,186,Penn Station/Madison Sq West,Manhattan,281.0
186,2026-03-12 23:00:00,448,186,Penn Station/Madison Sq West,Manhattan,218.7
186,2026-03-13 00:00:00,216,186,Penn Station/Madison Sq West,Manhattan,205.5
186,2026-03-13 01:00:00,67,186,Penn Station/Madison Sq West,Manhattan,77.8
186,2026-03-13 02:00:00,27,186,Penn Station/Madison Sq West,Manhattan,23.7
186,2026-03-13 03:00:00,17,186,Penn Station/Madison Sq West,Manhattan,16.0
186,2026-03-13 04:00:00,20,186,Penn Station/Madison Sq West,Manhattan,12.6
186,2026-03-13 05:00:00,52,186,Penn Station/Madison Sq West,Manhattan,54.5
186,2026-03-13 06:00:00,89,186,Penn Station/Madison Sq West,Manhattan,98.2
186,2026-03-13 07:00:00,107,186,Penn Station/Madison Sq West,Manhattan,138.9
186,2026-03-13 08:00:00,125,186,Penn Station/Madison Sq West,Manhattan,140.7
186,2026-03-13 09:00:00,141,186,Penn Station/Madison Sq West,Manhattan,167.3
186,2026-03-13 10:00:00,151,186,Penn Station/Madison Sq West,Manhattan,170.3
186,2026-03-13 11:00:00,198,186,Penn Station/Madison Sq West,Manhattan,195.2
186,2026-03-13 12:00:00,190,186,Penn Station/Madison Sq West,Manhattan,199.9
186,2026-03-13 13:00:00,213,186,Penn Station/Madison Sq West,Manhattan,214.5
186,2026-03-13 14:00:00,252,186,Penn Station/Madison Sq West,Manhattan,220.6
186,2026-03-13 15:00:00,193,186,Penn Station/Madison Sq West,Manhattan,252.0
186,2026-03-13 16:00:00,192,186,Penn Station/Madison Sq West,Manhattan,235.0
186,2026-03-13 17:00:00,240,186,Penn Station/Madison Sq West,Manhattan,224.6
186,2026-03-13 18:00:00,261,186,Penn Station/Madison Sq West,Manhattan,236.1
186,2026-03-13 19:00:00,301,186,Penn Station/Madison Sq West,Manhattan,245.5
186,2026-03-13 20:00:00,255,186,Penn Station/Madison Sq West,Manhattan,237.0
186,2026-03-13 21:00:00,240,186,Penn Station/Madison Sq West,Manhattan,254.5
186,2026-03-13 22:00:00,338,186,Penn Station/Madison Sq West,Manhattan,244.7
186,2026-03-13 23:00:00,207,186,Penn Station/Madison Sq West,Manhattan,295.1
186,2026-03-14 00:00:00,182,186,Penn Station/Madison Sq West,Manhattan,181.7
186,2026-03-14 01:00:00,93,186,Penn Station/Madison Sq West,Manhattan,93.9
186,2026-03-14 02:00:00,61,186,Penn Station/Madison Sq West,Manhattan,55.9
186,2026-03-14 03:00:00,63,186,Penn Station/Madison Sq West,Manhattan,42.9
186,2026-03-14 04:00:00,29,186,Penn Station/Madison Sq West,Manhattan,31.6
186,2026-03-14 05:00:00,45,186,Penn Station/Madison Sq West,Manhattan,40.4
186,2026-03-14 06:00:00,51,186,Penn Station/Madison Sq West,Manhattan,72.3
186,2026-03-14 07:00:00,36,186,Penn Station/Madison Sq West,Manhattan,56.4
186,2026-03-14 08:00:00,64,186,Penn Station/Madison Sq West,Manhattan,62.9
186,2026-03-14 09:00:00,115,186,Penn Station/Madison Sq West,Manhattan,100.4
186,2026-03-14 10:00:00,176,186,Penn Station/Madison Sq West,Manhattan,148.5
186,2026-03-14 11:00:00,243,186,Penn Station/Madison Sq West,Manhattan,225.0
186,2026-03-14 12:00:00,263,186,Penn Station/Madison Sq West,Manhattan,231.9
186,2026-03-14 13:00:00,274,186,Penn Station/Madison Sq West,Manhattan,257.5
186,2026-03-14 14:00:00,210,186,Penn Station/Madison Sq West,Manhattan,257.6
186,2026-03-14 15:00:00,181,186,Penn Station/Madison Sq West,Manhattan,208.5
186,2026-03-14 16:00:00,194,186,Penn Station/Madison Sq West,Manhattan,206.4
186,2026-03-14 17:00:00,207,186,Penn Station/Madison Sq West,Manhattan,238.3
186,2026-03-14 18:00:00,226,186,Penn Station/Madison Sq West,Manhattan,225.9
186,2026-03-14 19:00:00,262,186,Penn Station/Madison Sq West,Manhattan,244.1
186,2026-03-14 20:00:00,302,186,Penn Station/Madison Sq West,Manhattan,221.4
186,2026-03-14 21:00:00,382,186,Penn Station/Madison Sq West,Manhattan,249.9
186,2026-03-14 22:00:00,216,186,Penn Station/Madison Sq West,Manhattan,324.0
186,2026-03-14 23:00:00,228,186,Penn Station/Madison Sq West,Manhattan,224.6
186,2026-03-15 00:00:00,157,186,Penn Station/Madison Sq West,Manhattan,175.7
186,2026-03-15 01:00:00,98,186,Penn Station/Madison Sq West,Manhattan,96.6
186,2026-03-15 02:00:00,53,186,Penn Station/Madison Sq West,Manhattan,33.4
186,2026-03-15 03:00:00,45,186,Penn Station/Madison Sq West,Manhattan,48.4
186,2026-03-15 04:00:00,26,186,Penn Station/Madison Sq West,Manhattan,57.6
186,2026-03-15 05:00:00,28,186,Penn Station/Madison Sq West,Manhattan,49.6
186,2026-03-15 06:00:00,34,186,Penn Station/Madison Sq West,Manhattan,44.8
186,2026-03-15 07:00:00,39,186,Penn Station/Madison Sq West,Manhattan,44.5
186,2026-03-15 08:00:00,39,186,Penn Station/Madison Sq West,Manhattan,68.5
186,2026-03-15 09:00:00,84,186,Penn Station/Madison Sq West,Manhattan,81.6
186,2026-03-15 10:00:00,101,186,Penn Station/Madison Sq West,Manhattan,133.3
186,2026-03-15 11:00:00,175,186,Penn Station/Madison Sq West,Manhattan,164.7
186,2026-03-15 12:00:00,168,186,Penn Station/Madison Sq West,Manhattan,197.5
186,2026-03-15 13:00:00,222,186,Penn Station/Madison Sq West,Manhattan,208.2
186,2026-03-15 14:00:00,244,186,Penn Station/Madison Sq West,Manhattan,219.3
186,2026-03-15 15:00:00,162,186,Penn Station/Madison Sq West,Manhattan,218.8
186,2026-03-15 16:00:00,199,186,Penn Station/Madison Sq West,Manhattan,193.4
186,2026-03-15 17:00:00,182,186,Penn Station/Madison Sq West,Manhattan,219.0
186,2026-03-15 18:00:00,272,186,Penn Station/Madison Sq West,Manhattan,213.1
186,2026-03-15 19:00:00,222,186,Penn Station/Madison Sq West,Manhattan,236.1
186,2026-03-15 20:00:00,169,186,Penn Station/Madison Sq West,Manhattan,202.3
186,2026-03-15 21:00:00,246,186,Penn Station/Madison Sq West,Manhattan,199.8
186,2026-03-15 22:00:00,299,186,Penn Station/Madison Sq West,Manhattan,210.6
186,2026-03-15 23:00:00,188,186,Penn Station/Madison Sq West,Manhattan,193.8
186,2026-03-16 00:00:00,110,186,Penn Station/Madison Sq West,Manhattan,125.2
186,2026-03-16 01:00:00,26,186,Penn Station/Madison Sq West,Manhattan,47.9
186,2026-03-16 02:00:00,14,186,Penn Station/Madison Sq West,Manhattan,15.1
186,2026-03-16 03:00:00,14,186,Penn Station/Madison Sq West,Manhattan,12.5
186,2026-03-16 04:00:00,17,186,Penn Station/Madison Sq West,Manhattan,10.9
186,2026-03-16 05:00:00,61,186,Penn Station/Madison Sq West,Manhattan,39.3
186,2026-03-16 06:00:00,117,186,Penn Station/Madison Sq West,Manhattan,103.3
186,2026-03-16 07:00:00,175,186,Penn Station/Madison Sq West,Manhattan,169.0
186,2026-03-16 08:00:00,268,186,Penn Station/Madison Sq West,Manhattan,197.0
186,2026-03-16 09:00:00,218,186,Penn Station/Madison Sq West,Manhattan,214.7
186,2026-03-16 10:00:00,207,186,Penn Station/Madison Sq West,Manhattan,191.6
186,2026-03-16 11:00:00,202,186,Penn Station/Madison Sq West,Manhattan,206.0
186,2026-03-16 12:00:00,146,186,Penn Station/Madison Sq West,Manhattan,192.3
186,2026-03-16 13:00:00,204,186,Penn Station/Madison Sq West,Manhattan,174.3
186,2026-03-16 14:00:00,150,186,Penn Station/Madison Sq West,Manhattan,195.1
186,2026-03-16 15:00:00,170,186,Penn Station/Madison Sq West,Manhattan,164.0
186,2026-03-16 16:00:00,171,186,Penn Station/Madison Sq West,Manhattan,192.7
186,2026-03-16 17:00:00,216,186,Penn Station/Madison Sq West,Manhattan,185.8
186,2026-03-16 18:00:00,207,186,Penn Station/Madison Sq West,Manhattan,219.9
186,2026-03-16 19:00:00,169,186,Penn Station/Madison Sq West,Manhattan,193.6
186,2026-03-16 20:00:00,241,186,Penn Station/Madison Sq West,Manhattan,167.5
186,2026-03-16 21:00:00,339,186,Penn Station/Madison Sq West,Manhattan,220.9
186,2026-03-16 22:00:00,215,186,Penn Station/Madison Sq West,Manhattan,279.4
186,2026-03-16 23:00:00,69,186,Penn Station/Madison Sq West,Manhattan,164.3
186,2026-03-17 00:00:00,47,186,Penn Station/Madison Sq West,Manhattan,61.5
186,2026-03-17 01:00:00,15,186,Penn Station/Madison Sq West,Manhattan,21.3
186,2026-03-17 02:00:00,27,186,Penn Station/Madison Sq West,Manhattan,9.6
186,2026-03-17 03:00:00,6,186,Penn Station/Madison Sq West,Manhattan,14.7
186,2026-03-17 04:00:00,4,186,Penn Station/Madison Sq West,Manhattan,8.7
186,2026-03-17 05:00:00,54,186,Penn Station/Madison Sq West,Manhattan,44.8
186,2026-03-17 06:00:00,123,186,Penn Station/Madison Sq West,Manhattan,107.9
186,2026-03-17 07:00:00,190,186,Penn Station/Madison Sq West,Manhattan,200.0
186,2026-03-17 08:00:00,256,186,Penn Station/Madison Sq West,Manhattan,259.7
186,2026-03-17 09:00:00,242,186,Penn Station/Madison Sq West,Manhattan,252.4
186,2026-03-17 10:00:00,188,186,Penn Station/Madison Sq West,Manhattan,221.1
186,2026-03-17 11:00:00,217,186,Penn Station/Madison Sq West,Manhattan,209.4
186,2026-03-17 12:00:00,208,186,Penn Station/Madison Sq West,Manhattan,200.1
186,2026-03-17 13:00:00,179,186,Penn Station/Madison Sq West,Manhattan,221.3
186,2026-03-17 14:00:00,156,186,Penn Station/Madison Sq West,Manhattan,176.5
186,2026-03-17 15:00:00,152,186,Penn Station/Madison Sq West,Manhattan,178.2
186,2026-03-17 16:00:00,169,186,Penn Station/Madison Sq West,Manhattan,177.8
186,2026-03-17 17:00:00,219,186,Penn Station/Madison Sq West,Manhattan,201.3
186,2026-03-17 18:00:00,196,186,Penn Station/Madison Sq West,Manhattan,228.1
186,2026-03-17 19:00:00,217,186,Penn Station/Madison Sq West,Manhattan,194.5
186,2026-03-17 20:00:00,181,186,Penn Station/Madison Sq West,Manhattan,200.2
186,2026-03-17 21:00:00,356,186,Penn Station/Madison Sq West,Manhattan,221.6
186,2026-03-17 22:00:00,249,186,Penn Station/Madison Sq West,Manhattan,242.0
186,2026-03-17 23:00:00,87,186,Penn Station/Madison Sq West,Manhattan,138.9
186,2026-03-18 00:00:00,57,186,Penn Station/Madison Sq West,Manhattan,53.0
186,2026-03-18 01:00:00,38,186,Penn Station/Madison Sq West,Manhattan,18.8
186,2026-03-18 02:00:00,17,186,Penn Station/Madison Sq West,Manhattan,15.9
186,2026-03-18 03:00:00,6,186,Penn Station/Madison Sq West,Manhattan,8.8
186,2026-03-18 04:00:00,9,186,Penn Station/Madison Sq West,Manhattan,7.2
186,2026-03-18 05:00:00,51,186,Penn Station/Madison Sq West,Manhattan,49.8
186,2026-03-18 06:00:00,125,186,Penn Station/Madison Sq West,Manhattan,122.3
186,2026-03-18 07:00:00,242,186,Penn Station/Madison Sq West,Manhattan,200.7
186,2026-03-18 08:00:00,289,186,Penn Station/Madison Sq West,Manhattan,254.8
186,2026-03-18 09:00:00,333,186,Penn Station/Madison Sq West,Manhattan,266.0
186,2026-03-18 10:00:00,299,186,Penn Station/Madison Sq West,Manhattan,261.1
186,2026-03-18 11:00:00,301,186,Penn Station/Madison Sq West,Manhattan,263.2
186,2026-03-18 12:00:00,232,186,Penn Station/Madison Sq West,Manhattan,244.9
186,2026-03-18 13:00:00,242,186,Penn Station/Madison Sq West,Manhattan,207.8
186,2026-03-18 14:00:00,162,186,Penn Station/Madison Sq West,Manhattan,212.9
186,2026-03-18 15:00:00,202,186,Penn Station/Madison Sq West,Manhattan,154.5
186,2026-03-18 16:00:00,185,186,Penn Station/Madison Sq West,Manhattan,204.2
186,2026-03-18 17:00:00,227,186,Penn Station/Madison Sq West,Manhattan,196.8
186,2026-03-18 18:00:00,221,186,Penn Station/Madison Sq West,Manhattan,229.4
186,2026-03-18 19:00:00,244,186,Penn Station/Madison Sq West,Manhattan,225.3
186,2026-03-18 20:00:00,273,186,Penn Station/Madison Sq West,Manhattan,230.6
186,2026-03-18 21:00:00,335,186,Penn Station/Madison Sq West,Manhattan,275.0
186,2026-03-18 22:00:00,232,186,Penn Station/Madison Sq West,Manhattan,270.1
186,2026-03-18 23:00:00,139,186,Penn Station/Madison Sq West,Manhattan,162.1
186,2026-03-19 00:00:00,56,186,Penn Station/Madison Sq West,Manhattan,94.6
186,2026-03-19 01:00:00,41,186,Penn Station/Madison Sq West,Manhattan,32.1
186,2026-03-19 02:00:00,8,186,Penn Station/Madison Sq West,Manhattan,15.5
186,2026-03-19 03:00:00,7,186,Penn Station/Madison Sq West,Manhattan,8.3
186,2026-03-19 04:00:00,9,186,Penn Station/Madison Sq West,Manhattan,8.7
186,2026-03-19 05:00:00,55,186,Penn Station/Madison Sq West,Manhattan,66.8
186,2026-03-19 06:00:00,134,186,Penn Station/Madison Sq West,Manhattan,115.0
186,2026-03-19 07:00:00,210,186,Penn Station/Madison Sq West,Manhattan,216.1
186,2026-03-19 08:00:00,278,186,Penn Station/Madison Sq West,Manhattan,236.3
186,2026-03-19 09:00:00,266,186,Penn Station/Madison Sq West,Manhattan,270.3
186,2026-03-19 10:00:00,256,186,Penn Station/Madison Sq West,Manhattan,253.1
186,2026-03-19 11:00:00,240,186,Penn Station/Madison Sq West,Manhattan,247.0
186,2026-03-19 12:00:00,188,186,Penn Station/Madison Sq West,Manhattan,224.3
186,2026-03-19 13:00:00,220,186,Penn Station/Madison Sq West,Manhattan,225.5
186,2026-03-19 14:00:00,200,186,Penn Station/Madison Sq West,Manhattan,223.7
186,2026-03-19 15:00:00,231,186,Penn Station/Madison Sq West,Manhattan,234.7
186,2026-03-19 16:00:00,204,186,Penn Station/Madison Sq West,Manhattan,249.8
186,2026-03-19 17:00:00,249,186,Penn Station/Madison Sq West,Manhattan,248.9
186,2026-03-19 18:00:00,185,186,Penn Station/Madison Sq West,Manhattan,251.6
186,2026-03-19 19:00:00,258,186,Penn Station/Madison Sq West,Manhattan,208.2
186,2026-03-19 20:00:00,213,186,Penn Station/Madison Sq West,Manhattan,238.5
186,2026-03-19 21:00:00,223,186,Penn Station/Madison Sq West,Manhattan,268.4
186,2026-03-19 22:00:00,255,186,Penn Station/Madison Sq West,Manhattan,256.7
186,2026-03-19 23:00:00,266,186,Penn Station/Madison Sq West,Manhattan,229.6
186,2026-03-20 00:00:00,108,186,Penn Station/Madison Sq West,Manhattan,166.0
186,2026-03-20 01:00:00,62,186,Penn Station/Madison Sq West,Manhattan,57.5
186,2026-03-20 02:00:00,27,186,Penn Station/Madison Sq West,Manhattan,27.9
186,2026-03-20 03:00:00,18,186,Penn Station/Madison Sq West,Manhattan,15.3
186,2026-03-20 04:00:00,21,186,Penn Station/Madison Sq West,Manhattan,15.9
186,2026-03-20 05:00:00,56,186,Penn Station/Madison Sq West,Manhattan,47.5
186,2026-03-20 06:00:00,94,186,Penn Station/Madison Sq West,Manhattan,94.2
186,2026-03-20 07:00:00,121,186,Penn Station/Madison Sq West,Manhattan,136.6
186,2026-03-20 08:00:00,151,186,Penn Station/Madison Sq West,Manhattan,153.8
186,2026-03-20 09:00:00,159,186,Penn Station/Madison Sq West,Manhattan,171.5
186,2026-03-20 10:00:00,168,186,Penn Station/Madison Sq West,Manhattan,182.9
186,2026-03-20 11:00:00,206,186,Penn Station/Madison Sq West,Manhattan,205.6
186,2026-03-20 12:00:00,222,186,Penn Station/Madison Sq West,Manhattan,200.5
186,2026-03-20 13:00:00,226,186,Penn Station/Madison Sq West,Manhattan,224.3
186,2026-03-20 14:00:00,181,186,Penn Station/Madison Sq West,Manhattan,232.3
186,2026-03-20 15:00:00,276,186,Penn Station/Madison Sq West,Manhattan,202.0
186,2026-03-20 16:00:00,219,186,Penn Station/Madison Sq West,Manhattan,236.9
186,2026-03-20 17:00:00,214,186,Penn Station/Madison Sq West,Manhattan,245.5
186,2026-03-20 18:00:00,250,186,Penn Station/Madison Sq West,Manhattan,231.8
186,2026-03-20 19:00:00,274,186,Penn Station/Madison Sq West,Manhattan,245.0
186,2026-03-20 20:00:00,205,186,Penn Station/Madison Sq West,Manhattan,242.2
186,2026-03-20 21:00:00,187,186,Penn Station/Madison Sq West,Manhattan,230.8
186,2026-03-20 22:00:00,227,186,Penn Station/Madison Sq West,Manhattan,223.5
186,2026-03-20 23:00:00,228,186,Penn Station/Madison Sq West,Manhattan,218.1
186,2026-03-21 00:00:00,178,186,Penn Station/Madison Sq West,Manhattan,158.0
186,2026-03-21 01:00:00,80,186,Penn Station/Madison Sq West,Manhattan,99.9
186,2026-03-21 02:00:00,70,186,Penn Station/Madison Sq West,Manhattan,50.9
186,2026-03-21 03:00:00,39,186,Penn Station/Madison Sq West,Manhattan,48.0
186,2026-03-21 04:00:00,22,186,Penn Station/Madison Sq West,Manhattan,25.7
186,2026-03-21 05:00:00,38,186,Penn Station/Madison Sq West,Manhattan,42.5
186,2026-03-21 06:00:00,62,186,Penn Station/Madison Sq West,Manhattan,57.6
186,2026-03-21 07:00:00,43,186,Penn Station/Madison Sq West,Manhattan,68.6
186,2026-03-21 08:00:00,52,186,Penn Station/Madison Sq West,Manhattan,68.6
186,2026-03-21 09:00:00,115,186,Penn Station/Madison Sq West,Manhattan,102.4
186,2026-03-21 10:00:00,163,186,Penn Station/Madison Sq West,Manhattan,159.1
186,2026-03-21 11:00:00,212,186,Penn Station/Madison Sq West,Manhattan,221.8
186,2026-03-21 12:00:00,233,186,Penn Station/Madison Sq West,Manhattan,228.7
186,2026-03-21 13:00:00,174,186,Penn Station/Madison Sq West,Manhattan,245.7
186,2026-03-21 14:00:00,191,186,Penn Station/Madison Sq West,Manhattan,195.7
186,2026-03-21 15:00:00,177,186,Penn Station/Madison Sq West,Manhattan,201.7
186,2026-03-21 16:00:00,214,186,Penn Station/Madison Sq West,Manhattan,196.6
186,2026-03-21 17:00:00,233,186,Penn Station/Madison Sq West,Manhattan,224.2
186,2026-03-21 18:00:00,195,186,Penn Station/Madison Sq West,Manhattan,232.0
186,2026-03-21 19:00:00,179,186,Penn Station/Madison Sq West,Manhattan,215.6
186,2026-03-21 20:00:00,165,186,Penn Station/Madison Sq West,Manhattan,193.6
186,2026-03-21 21:00:00,141,186,Penn Station/Madison Sq West,Manhattan,193.2
186,2026-03-21 22:00:00,219,186,Penn Station/Madison Sq West,Manhattan,183.8
186,2026-03-21 23:00:00,269,186,Penn Station/Madison Sq West,Manhattan,220.0
186,2026-03-22 00:00:00,123,186,Penn Station/Madison Sq West,Manhattan,192.2
186,2026-03-22 01:00:00,87,186,Penn Station/Madison Sq West,Manhattan,82.5
186,2026-03-22 02:00:00,66,186,Penn Station/Madison Sq West,Manhattan,56.5
186,2026-03-22 03:00:00,40,186,Penn Station/Madison Sq West,Manhattan,45.0
186,2026-03-22 04:00:00,23,186,Penn Station/Madison Sq West,Manhattan,23.9
186,2026-03-22 05:00:00,27,186,Penn Station/Madison Sq West,Manhattan,26.8
186,2026-03-22 06:00:00,43,186,Penn Station/Madison Sq West,Manhattan,41.9
186,2026-03-22 07:00:00,29,186,Penn Station/Madison Sq West,Manhattan,46.9
186,2026-03-22 08:00:00,43,186,Penn Station/Madison Sq West,Manhattan,42.8
186,2026-03-22 09:00:00,96,186,Penn Station/Madison Sq West,Manhattan,79.1
186,2026-03-22 10:00:00,145,186,Penn Station/Madison Sq West,Manhattan,136.1
186,2026-03-22 11:00:00,228,186,Penn Station/Madison Sq West,Manhattan,190.4
186,2026-03-22 12:00:00,219,186,Penn Station/Madison Sq West,Manhattan,213.9
186,2026-03-22 13:00:00,247,186,Penn Station/Madison Sq West,Manhattan,218.3
186,2026-03-22 14:00:00,249,186,Penn Station/Madison Sq West,Manhattan,236.8
186,2026-03-22 15:00:00,268,186,Penn Station/Madison Sq West,Manhattan,228.7
186,2026-03-22 16:00:00,211,186,Penn Station/Madison Sq West,Manhattan,242.0
186,2026-03-22 17:00:00,223,186,Penn Station/Madison Sq West,Manhattan,221.4
186,2026-03-22 18:00:00,237,186,Penn Station/Madison Sq West,Manhattan,242.8
186,2026-03-22 19:00:00,216,186,Penn Station/Madison Sq West,Manhattan,213.8
186,2026-03-22 20:00:00,306,186,Penn Station/Madison Sq West,Manhattan,185.7
186,2026-03-22 21:00:00,331,186,Penn Station/Madison Sq West,Manhattan,252.3
186,2026-03-22 22:00:00,292,186,Penn Station/Madison Sq West,Manhattan,274.1
186,2026-03-22 23:00:00,109,186,Penn Station/Madison Sq West,Manhattan,214.4
186,2026-03-23 00:00:00,96,186,Penn Station/Madison Sq West,Manhattan,89.7
186,2026-03-23 01:00:00,28,186,Penn Station/Madison Sq West,Manhattan,38.9
186,2026-03-23 02:00:00,8,186,Penn Station/Madison Sq West,Manhattan,16.7
186,2026-03-23 03:00:00,10,186,Penn Station/Madison Sq West,Manhattan,12.1
186,2026-03-23 04:00:00,14,186,Penn Station/Madison Sq West,Manhattan,11.5
186,2026-03-23 05:00:00,66,186,Penn Station/Madison Sq West,Manhattan,44.4
186,2026-03-23 06:00:00,120,186,Penn Station/Madison Sq West,Manhattan,121.3
186,2026-03-23 07:00:00,212,186,Penn Station/Madison Sq West,Manhattan,175.7
186,2026-03-23 08:00:00,292,186,Penn Station/Madison Sq West,Manhattan,246.0
186,2026-03-23 09:00:00,313,186,Penn Station/Madison Sq West,Manhattan,255.4
186,2026-03-23 10:00:00,279,186,Penn Station/Madison Sq West,Manhattan,272.0
186,2026-03-23 11:00:00,280,186,Penn Station/Madison Sq West,Manhattan,250.2
186,2026-03-23 12:00:00,185,186,Penn Station/Madison Sq West,Manhattan,243.0
186,2026-03-23 13:00:00,233,186,Penn Station/Madison Sq West,Manhattan,212.8
186,2026-03-23 14:00:00,182,186,Penn Station/Madison Sq West,Manhattan,211.1
186,2026-03-23 15:00:00,190,186,Penn Station/Madison Sq West,Manhattan,196.3
186,2026-03-23 16:00:00,161,186,Penn Station/Madison Sq West,Manhattan,194.7
186,2026-03-23 17:00:00,206,186,Penn Station/Madison Sq West,Manhattan,205.3
186,2026-03-23 18:00:00,151,186,Penn Station/Madison Sq West,Manhattan,216.6
186,2026-03-23 19:00:00,230,186,Penn Station/Madison Sq West,Manhattan,167.8
186,2026-03-23 20:00:00,163,186,Penn Station/Madison Sq West,Manhattan,214.5
186,2026-03-23 21:00:00,283,186,Penn Station/Madison Sq West,Manhattan,189.6
186,2026-03-23 22:00:00,338,186,Penn Station/Madison Sq West,Manhattan,243.3
186,2026-03-23 23:00:00,96,186,Penn Station/Madison Sq West,Manhattan,153.6
186,2026-03-24 00:00:00,20,186,Penn Station/Madison Sq West,Manhattan,60.0
186,2026-03-24 01:00:00,35,186,Penn Station/Madison Sq West,Manhattan,12.7
186,2026-03-24 02:00:00,7,186,Penn Station/Madison Sq West,Manhattan,19.3
186,2026-03-24 03:00:00,5,186,Penn Station/Madison Sq West,Manhattan,6.5
186,2026-03-24 04:00:00,6,186,Penn Station/Madison Sq West,Manhattan,8.5
186,2026-03-24 05:00:00,54,186,Penn Station/Madison Sq West,Manhattan,50.9
186,2026-03-24 06:00:00,114,186,Penn Station/Madison Sq West,Manhattan,124.7
186,2026-03-24 07:00:00,241,186,Penn Station/Madison Sq West,Manhattan,213.5
186,2026-03-24 08:00:00,305,186,Penn Station/Madison Sq West,Manhattan,272.0
186,2026-03-24 09:00:00,253,186,Penn Station/Madison Sq West,Manhattan,291.7
186,2026-03-24 10:00:00,281,186,Penn Station/Madison Sq West,Manhattan,246.3
186,2026-03-24 11:00:00,267,186,Penn Station/Madison Sq West,Manhattan,249.3
186,2026-03-24 12:00:00,197,186,Penn Station/Madison Sq West,Manhattan,232.0
186,2026-03-24 13:00:00,195,186,Penn Station/Madison Sq West,Manhattan,209.7
186,2026-03-24 14:00:00,175,186,Penn Station/Madison Sq West,Manhattan,193.1
186,2026-03-24 15:00:00,177,186,Penn Station/Madison Sq West,Manhattan,180.9
186,2026-03-24 16:00:00,183,186,Penn Station/Madison Sq West,Manhattan,180.8
186,2026-03-24 17:00:00,165,186,Penn Station/Madison Sq West,Manhattan,214.9
186,2026-03-24 18:00:00,168,186,Penn Station/Madison Sq West,Manhattan,185.0
186,2026-03-24 19:00:00,198,186,Penn Station/Madison Sq West,Manhattan,192.3
186,2026-03-24 20:00:00,187,186,Penn Station/Madison Sq West,Manhattan,187.1
186,2026-03-24 21:00:00,255,186,Penn Station/Madison Sq West,Manhattan,209.8
186,2026-03-24 22:00:00,265,186,Penn Station/Madison Sq West,Manhattan,260.2
186,2026-03-24 23:00:00,96,186,Penn Station/Madison Sq West,Manhattan,137.3
186,2026-03-25 00:00:00,44,186,Penn Station/Madison Sq West,Manhattan,49.0
186,2026-03-25 01:00:00,44,186,Penn Station/Madison Sq West,Manhattan,30.5
186,2026-03-25 02:00:00,13,186,Penn Station/Madison Sq West,Manhattan,16.8
186,2026-03-25 03:00:00,10,186,Penn Station/Madison Sq West,Manhattan,7.6
186,2026-03-25 04:00:00,7,186,Penn Station/Madison Sq West,Manhattan,8.4
186,2026-03-25 05:00:00,48,186,Penn Station/Madison Sq West,Manhattan,41.9
186,2026-03-25 06:00:00,115,186,Penn Station/Madison Sq West,Manhattan,114.8
186,2026-03-25 07:00:00,200,186,Penn Station/Madison Sq West,Manhattan,244.2
186,2026-03-25 08:00:00,298,186,Penn Station/Madison Sq West,Manhattan,280.6
186,2026-03-25 09:00:00,300,186,Penn Station/Madison Sq West,Manhattan,287.6
186,2026-03-25 10:00:00,212,186,Penn Station/Madison Sq West,Manhattan,289.6
186,2026-03-25 11:00:00,271,186,Penn Station/Madison Sq West,Manhattan,250.7
186,2026-03-25 12:00:00,208,186,Penn Station/Madison Sq West,Manhattan,239.4
186,2026-03-25 13:00:00,203,186,Penn Station/Madison Sq West,Manhattan,220.3
186,2026-03-25 14:00:00,166,186,Penn Station/Madison Sq West,Manhattan,190.8
186,2026-03-25 15:00:00,180,186,Penn Station/Madison Sq West,Manhattan,186.8
186,2026-03-25 16:00:00,175,186,Penn Station/Madison Sq West,Manhattan,187.0
186,2026-03-25 17:00:00,207,186,Penn Station/Madison Sq West,Manhattan,199.8
186,2026-03-25 18:00:00,204,186,Penn Station/Madison Sq West,Manhattan,211.2
186,2026-03-25 19:00:00,193,186,Penn Station/Madison Sq West,Manhattan,206.4
186,2026-03-25 20:00:00,149,186,Penn Station/Madison Sq West,Manhattan,208.1
186,2026-03-25 21:00:00,148,186,Penn Station/Madison Sq West,Manhattan,196.4
186,2026-03-25 22:00:00,242,186,Penn Station/Madison Sq West,Manhattan,196.5
186,2026-03-25 23:00:00,173,186,Penn Station/Madison Sq West,Manhattan,152.4
186,2026-03-26 00:00:00,148,186,Penn Station/Madison Sq West,Manhattan,84.1
186,2026-03-26 01:00:00,74,186,Penn Station/Madison Sq West,Manhattan,70.4
186,2026-03-26 02:00:00,13,186,Penn Station/Madison Sq West,Manhattan,25.6
186,2026-03-26 03:00:00,10,186,Penn Station/Madison Sq West,Manhattan,8.6
186,2026-03-26 04:00:00,10,186,Penn Station/Madison Sq West,Manhattan,9.4
186,2026-03-26 05:00:00,56,186,Penn Station/Madison Sq West,Manhattan,45.1
186,2026-03-26 06:00:00,130,186,Penn Station/Madison Sq West,Manhattan,116.1
186,2026-03-26 07:00:00,222,186,Penn Station/Madison Sq West,Manhattan,206.4
186,2026-03-26 08:00:00,263,186,Penn Station/Madison Sq West,Manhattan,279.8
186,2026-03-26 09:00:00,241,186,Penn Station/Madison Sq West,Manhattan,267.6
186,2026-03-26 10:00:00,220,186,Penn Station/Madison Sq West,Manhattan,238.3
186,2026-03-26 11:00:00,253,186,Penn Station/Madison Sq West,Manhattan,235.7
186,2026-03-26 12:00:00,171,186,Penn Station/Madison Sq West,Manhattan,225.8
186,2026-03-26 13:00:00,213,186,Penn Station/Madison Sq West,Manhattan,207.4
186,2026-03-26 14:00:00,173,186,Penn Station/Madison Sq West,Manhattan,198.9
186,2026-03-26 15:00:00,223,186,Penn Station/Madison Sq West,Manhattan,199.5
186,2026-03-26 16:00:00,170,186,Penn Station/Madison Sq West,Manhattan,210.5
186,2026-03-26 17:00:00,221,186,Penn Station/Madison Sq West,Manhattan,218.7
186,2026-03-26 18:00:00,249,186,Penn Station/Madison Sq West,Manhattan,217.9
186,2026-03-26 19:00:00,247,186,Penn Station/Madison Sq West,Manhattan,219.6
186,2026-03-26 20:00:00,157,186,Penn Station/Madison Sq West,Manhattan,213.3
186,2026-03-26 21:00:00,174,186,Penn Station/Madison Sq West,Manhattan,185.5
186,2026-03-26 22:00:00,291,186,Penn Station/Madison Sq West,Manhattan,226.9
186,2026-03-26 23:00:00,282,186,Penn Station/Madison Sq West,Manhattan,210.7
186,2026-03-27 00:00:00,151,186,Penn Station/Madison Sq West,Manhattan,183.8
186,2026-03-27 01:00:00,59,186,Penn Station/Madison Sq West,Manhattan,84.2
186,2026-03-27 02:00:00,26,186,Penn Station/Madison Sq West,Manhattan,27.1
186,2026-03-27 03:00:00,16,186,Penn Station/Madison Sq West,Manhattan,16.3
186,2026-03-27 04:00:00,14,186,Penn Station/Madison Sq West,Manhattan,16.8
186,2026-03-27 05:00:00,46,186,Penn Station/Madison Sq West,Manhattan,50.7
186,2026-03-27 06:00:00,100,186,Penn Station/Madison Sq West,Manhattan,95.9
186,2026-03-27 07:00:00,133,186,Penn Station/Madison Sq West,Manhattan,148.9
186,2026-03-27 08:00:00,148,186,Penn Station/Madison Sq West,Manhattan,170.7
186,2026-03-27 09:00:00,165,186,Penn Station/Madison Sq West,Manhattan,179.8
186,2026-03-27 10:00:00,162,186,Penn Station/Madison Sq West,Manhattan,185.1
186,2026-03-27 11:00:00,196,186,Penn Station/Madison Sq West,Manhattan,202.6
186,2026-03-27 12:00:00,189,186,Penn Station/Madison Sq West,Manhattan,202.3
186,2026-03-27 13:00:00,216,186,Penn Station/Madison Sq West,Manhattan,211.1
186,2026-03-27 14:00:00,181,186,Penn Station/Madison Sq West,Manhattan,201.4
186,2026-03-27 15:00:00,209,186,Penn Station/Madison Sq West,Manhattan,218.4
186,2026-03-27 16:00:00,181,186,Penn Station/Madison Sq West,Manhattan,209.5
186,2026-03-27 17:00:00,216,186,Penn Station/Madison Sq West,Manhattan,216.6
186,2026-03-27 18:00:00,277,186,Penn Station/Madison Sq West,Manhattan,233.5
186,2026-03-27 19:00:00,252,186,Penn Station/Madison Sq West,Manhattan,250.6
186,2026-03-27 20:00:00,169,186,Penn Station/Madison Sq West,Manhattan,214.9
186,2026-03-27 21:00:00,295,186,Penn Station/Madison Sq West,Manhattan,191.5
186,2026-03-27 22:00:00,238,186,Penn Station/Madison Sq West,Manhattan,257.1
186,2026-03-27 23:00:00,144,186,Penn Station/Madison Sq West,Manhattan,219.3
186,2026-03-28 00:00:00,146,186,Penn Station/Madison Sq West,Manhattan,136.8
186,2026-03-28 01:00:00,100,186,Penn Station/Madison Sq West,Manhattan,86.7
186,2026-03-28 02:00:00,56,186,Penn Station/Madison Sq West,Manhattan,57.9
186,2026-03-28 03:00:00,41,186,Penn Station/Madison Sq West,Manhattan,35.2
186,2026-03-28 04:00:00,17,186,Penn Station/Madison Sq West,Manhattan,22.7
186,2026-03-28 05:00:00,30,186,Penn Station/Madison Sq West,Manhattan,36.2
186,2026-03-28 06:00:00,67,186,Penn Station/Madison Sq West,Manhattan,63.3
186,2026-03-28 07:00:00,44,186,Penn Station/Madison Sq West,Manhattan,83.0
186,2026-03-28 08:00:00,59,186,Penn Station/Madison Sq West,Manhattan,65.4
186,2026-03-28 09:00:00,124,186,Penn Station/Madison Sq West,Manhattan,102.1
186,2026-03-28 10:00:00,182,186,Penn Station/Madison Sq West,Manhattan,162.9
186,2026-03-28 11:00:00,255,186,Penn Station/Madison Sq West,Manhattan,219.3
186,2026-03-28 12:00:00,231,186,Penn Station/Madison Sq West,Manhattan,236.4
186,2026-03-28 13:00:00,227,186,Penn Station/Madison Sq West,Manhattan,223.4
186,2026-03-28 14:00:00,175,186,Penn Station/Madison Sq West,Manhattan,212.6
186,2026-03-28 15:00:00,172,186,Penn Station/Madison Sq West,Manhattan,190.4
186,2026-03-28 16:00:00,155,186,Penn Station/Madison Sq West,Manhattan,191.5
186,2026-03-28 17:00:00,193,186,Penn Station/Madison Sq West,Manhattan,197.7
186,2026-03-28 18:00:00,303,186,Penn Station/Madison Sq West,Manhattan,209.6
186,2026-03-28 19:00:00,232,186,Penn Station/Madison Sq West,Manhattan,242.7
186,2026-03-28 20:00:00,182,186,Penn Station/Madison Sq West,Manhattan,195.4
186,2026-03-28 21:00:00,128,186,Penn Station/Madison Sq West,Manhattan,196.7
186,2026-03-28 22:00:00,149,186,Penn Station/Madison Sq West,Manhattan,172.1
186,2026-03-28 23:00:00,156,186,Penn Station/Madison Sq West,Manhattan,156.9
186,2026-03-29 00:00:00,155,186,Penn Station/Madison Sq West,Manhattan,126.2
186,2026-03-29 01:00:00,108,186,Penn Station/Madison Sq West,Manhattan,109.9
186,2026-03-29 02:00:00,65,186,Penn Station/Madison Sq West,Manhattan,62.9
186,2026-03-29 03:00:00,58,186,Penn Station/Madison Sq West,Manhattan,41.4
186,2026-03-29 04:00:00,32,186,Penn Station/Madison Sq West,Manhattan,27.0
186,2026-03-29 05:00:00,18,186,Penn Station/Madison Sq West,Manhattan,26.9
186,2026-03-29 06:00:00,53,186,Penn Station/Madison Sq West,Manhattan,45.1
186,2026-03-29 07:00:00,29,186,Penn Station/Madison Sq West,Manhattan,46.5
186,2026-03-29 08:00:00,44,186,Penn Station/Madison Sq West,Manhattan,44.0
186,2026-03-29 09:00:00,92,186,Penn Station/Madison Sq West,Manhattan,85.1
186,2026-03-29 10:00:00,98,186,Penn Station/Madison Sq West,Manhattan,142.1
186,2026-03-29 11:00:00,288,186,Penn Station/Madison Sq West,Manhattan,156.7
186,2026-03-29 12:00:00,185,186,Penn Station/Madison Sq West,Manhattan,257.7
186,2026-03-29 13:00:00,226,186,Penn Station/Madison Sq West,Manhattan,221.3
186,2026-03-29 14:00:00,223,186,Penn Station/Madison Sq West,Manhattan,222.0
186,2026-03-29 15:00:00,272,186,Penn Station/Madison Sq West,Manhattan,229.9
186,2026-03-29 16:00:00,203,186,Penn Station/Madison Sq West,Manhattan,237.3
186,2026-03-29 17:00:00,221,186,Penn Station/Madison Sq West,Manhattan,223.5
186,2026-03-29 18:00:00,230,186,Penn Station/Madison Sq West,Manhattan,237.9
186,2026-03-29 19:00:00,244,186,Penn Station/Madison Sq West,Manhattan,207.9
186,2026-03-29 20:00:00,213,186,Penn Station/Madison Sq West,Manhattan,235.6
186,2026-03-29 21:00:00,168,186,Penn Station/Madison Sq West,Manhattan,231.1
186,2026-03-29 22:00:00,233,186,Penn Station/Madison Sq West,Manhattan,173.0
186,2026-03-29 23:00:00,100,186,Penn Station/Madison Sq West,Manhattan,158.0
186,2026-03-30 00:00:00,99,186,Penn Station/Madison Sq West,Manhattan,91.1
186,2026-03-30 01:00:00,17,186,Penn Station/Madison Sq West,Manhattan,42.2
186,2026-03-30 02:00:00,11,186,Penn Station/Madison Sq West,Manhattan,13.4
186,2026-03-30 03:00:00,6,186,Penn Station/Madison Sq West,Manhattan,11.6
186,2026-03-30 04:00:00,11,186,Penn Station/Madison Sq West,Manhattan,12.6
186,2026-03-30 05:00:00,37,186,Penn Station/Madison Sq West,Manhattan,42.7
186,2026-03-30 06:00:00,113,186,Penn Station/Madison Sq West,Manhattan,88.0
186,2026-03-30 07:00:00,196,186,Penn Station/Madison Sq West,Manhattan,194.3
186,2026-03-30 08:00:00,216,186,Penn Station/Madison Sq West,Manhattan,249.2
186,2026-03-30 09:00:00,207,186,Penn Station/Madison Sq West,Manhattan,234.6
186,2026-03-30 10:00:00,210,186,Penn Station/Madison Sq West,Manhattan,224.3
186,2026-03-30 11:00:00,237,186,Penn Station/Madison Sq West,Manhattan,251.7
186,2026-03-30 12:00:00,192,186,Penn Station/Madison Sq West,Manhattan,216.8
186,2026-03-30 13:00:00,160,186,Penn Station/Madison Sq West,Manhattan,213.3
186,2026-03-30 14:00:00,152,186,Penn Station/Madison Sq West,Manhattan,184.7
186,2026-03-30 15:00:00,178,186,Penn Station/Madison Sq West,Manhattan,183.3
186,2026-03-30 16:00:00,126,186,Penn Station/Madison Sq West,Manhattan,181.1
186,2026-03-30 17:00:00,181,186,Penn Station/Madison Sq West,Manhattan,177.7
186,2026-03-30 18:00:00,203,186,Penn Station/Madison Sq West,Manhattan,186.5
186,2026-03-30 19:00:00,173,186,Penn Station/Madison Sq West,Manhattan,202.3
186,2026-03-30 20:00:00,161,186,Penn Station/Madison Sq West,Manhattan,174.2
186,2026-03-30 21:00:00,171,186,Penn Station/Madison Sq West,Manhattan,189.6
186,2026-03-30 22:00:00,293,186,Penn Station/Madison Sq West,Manhattan,190.9
186,2026-03-30 23:00:00,135,186,Penn Station/Madison Sq West,Manhattan,138.0
186,2026-03-31 00:00:00,61,186,Penn Station/Madison Sq West,Manhattan,55.5
186,2026-03-31 01:00:00,28,186,Penn Station/Madison Sq West,Manhattan,31.0
186,2026-03-31 02:00:00,19,186,Penn Station/Madison Sq West,Manhattan,11.4
186,2026-03-31 03:00:00,17,186,Penn Station/Madison Sq West,Manhattan,9.3
186,2026-03-31 04:00:00,10,186,Penn Station/Madison Sq West,Manhattan,10.9
186,2026-03-31 05:00:00,55,186,Penn Station/Madison Sq West,Manhattan,41.2
186,2026-03-31 06:00:00,128,186,Penn Station/Madison Sq West,Manhattan,113.4
186,2026-03-31 07:00:00,175,186,Penn Station/Madison Sq West,Manhattan,227.9
186,2026-03-31 08:00:00,245,186,Penn Station/Madison Sq West,Manhattan,245.6
186,2026-03-31 09:00:00,266,186,Penn Station/Madison Sq West,Manhattan,245.9
186,2026-03-31 10:00:00,195,186,Penn Station/Madison Sq West,Manhattan,266.2
186,2026-03-31 11:00:00,196,186,Penn Station/Madison Sq West,Manhattan,225.6
186,2026-03-31 12:00:00,151,186,Penn Station/Madison Sq West,Manhattan,199.8
186,2026-03-31 13:00:00,201,186,Penn Station/Madison Sq West,Manhattan,172.5
186,2026-03-31 14:00:00,150,186,Penn Station/Madison Sq West,Manhattan,191.8
186,2026-03-31 15:00:00,206,186,Penn Station/Madison Sq West,Manhattan,171.5
186,2026-03-31 16:00:00,162,186,Penn Station/Madison Sq West,Manhattan,193.4
186,2026-03-31 17:00:00,169,186,Penn Station/Madison Sq West,Manhattan,183.0
186,2026-03-31 18:00:00,142,186,Penn Station/Madison Sq West,Manhattan,192.6
186,2026-03-31 19:00:00,188,186,Penn Station/Madison Sq West,Manhattan,160.2
186,2026-03-31 20:00:00,188,186,Penn Station/Madison Sq West,Manhattan,179.9
186,2026-03-31 21:00:00,286,186,Penn Station/Madison Sq West,Manhattan,206.9
186,2026-03-31 22:00:00,219,186,Penn Station/Madison Sq West,Manhattan,257.8
186,2026-03-31 23:00:00,92,186,Penn Station/Madison Sq West,Manhattan,142.8
230,2026-03-01 00:00:00,166,230,Times Sq/Theatre District,Manhattan,197.5
230,2026-03-01 01:00:00,120,230,Times Sq/Theatre District,Manhattan,101.4
230,2026-03-01 02:00:00,92,230,Times Sq/Theatre District,Manhattan,59.1
230,2026-03-01 03:00:00,66,230,Times Sq/Theatre District,Manhattan,54.2
230,2026-03-01 04:00:00,65,230,Times Sq/Theatre District,Manhattan,48.0
230,2026-03-01 05:00:00,41,230,Times Sq/Theatre District,Manhattan,47.2
230,2026-03-01 06:00:00,30,230,Times Sq/Theatre District,Manhattan,50.7
230,2026-03-01 07:00:00,47,230,Times Sq/Theatre District,Manhattan,47.5
230,2026-03-01 08:00:00,66,230,Times Sq/Theatre District,Manhattan,71.6
230,2026-03-01 09:00:00,93,230,Times Sq/Theatre District,Manhattan,91.4
230,2026-03-01 10:00:00,142,230,Times Sq/Theatre District,Manhattan,122.5
230,2026-03-01 11:00:00,152,230,Times Sq/Theatre District,Manhattan,148.7
230,2026-03-01 12:00:00,149,230,Times Sq/Theatre District,Manhattan,147.9
230,2026-03-01 13:00:00,116,230,Times Sq/Theatre District,Manhattan,146.4
230,2026-03-01 14:00:00,106,230,Times Sq/Theatre District,Manhattan,119.9
230,2026-03-01 15:00:00,144,230,Times Sq/Theatre District,Manhattan,123.2
230,2026-03-01 16:00:00,195,230,Times Sq/Theatre District,Manhattan,172.3
230,2026-03-01 17:00:00,185,230,Times Sq/Theatre District,Manhattan,189.0
230,2026-03-01 18:00:00,178,230,Times Sq/Theatre District,Manhattan,178.3
230,2026-03-01 19:00:00,137,230,Times Sq/Theatre District,Manhattan,147.9
230,2026-03-01 20:00:00,136,230,Times Sq/Theatre District,Manhattan,103.8
230,2026-03-01 21:00:00,167,230,Times Sq/Theatre District,Manhattan,88.1
230,2026-03-01 22:00:00,95,230,Times Sq/Theatre District,Manhattan,82.6
230,2026-03-01 23:00:00,58,230,Times Sq/Theatre District,Manhattan,36.2
230,2026-03-02 00:00:00,41,230,Times Sq/Theatre District,Manhattan,22.9
230,2026-03-02 01:00:00,14,230,Times Sq/Theatre District,Manhattan,18.1
230,2026-03-02 02:00:00,5,230,Times Sq/Theatre District,Manhattan,12.2
230,2026-03-02 03:00:00,7,230,Times Sq/Theatre District,Manhattan,9.3
230,2026-03-02 04:00:00,18,230,Times Sq/Theatre District,Manhattan,9.2
230,2026-03-02 05:00:00,10,230,Times Sq/Theatre District,Manhattan,19.9
230,2026-03-02 06:00:00,26,230,Times Sq/Theatre District,Manhattan,17.3
230,2026-03-02 07:00:00,40,230,Times Sq/Theatre District,Manhattan,34.6
230,2026-03-02 08:00:00,72,230,Times Sq/Theatre District,Manhattan,52.2
230,2026-03-02 09:00:00,86,230,Times Sq/Theatre District,Manhattan,77.9
230,2026-03-02 10:00:00,107,230,Times Sq/Theatre District,Manhattan,65.8
230,2026-03-02 11:00:00,139,230,Times Sq/Theatre District,Manhattan,72.7
230,2026-03-02 12:00:00,107,230,Times Sq/Theatre District,Manhattan,98.0
230,2026-03-02 13:00:00,113,230,Times Sq/Theatre District,Manhattan,81.6
230,2026-03-02 14:00:00,133,230,Times Sq/Theatre District,Manhattan,83.6
230,2026-03-02 15:00:00,132,230,Times Sq/Theatre District,Manhattan,102.6
230,2026-03-02 16:00:00,161,230,Times Sq/Theatre District,Manhattan,103.0
230,2026-03-02 17:00:00,232,230,Times Sq/Theatre District,Manhattan,128.7
230,2026-03-02 18:00:00,281,230,Times Sq/Theatre District,Manhattan,217.7
230,2026-03-02 19:00:00,259,230,Times Sq/Theatre District,Manhattan,228.4
230,2026-03-02 20:00:00,315,230,Times Sq/Theatre District,Manhattan,230.3
230,2026-03-02 21:00:00,381,230,Times Sq/Theatre District,Manhattan,304.6
230,2026-03-02 22:00:00,194,230,Times Sq/Theatre District,Manhattan,242.1
230,2026-03-02 23:00:00,87,230,Times Sq/Theatre District,Manhattan,95.2
230,2026-03-03 00:00:00,52,230,Times Sq/Theatre District,Manhattan,32.8
230,2026-03-03 01:00:00,22,230,Times Sq/Theatre District,Manhattan,15.3
230,2026-03-03 02:00:00,16,230,Times Sq/Theatre District,Manhattan,9.2
230,2026-03-03 03:00:00,7,230,Times Sq/Theatre District,Manhattan,8.7
230,2026-03-03 04:00:00,14,230,Times Sq/Theatre District,Manhattan,7.8
230,2026-03-03 05:00:00,19,230,Times Sq/Theatre District,Manhattan,13.6
230,2026-03-03 06:00:00,22,230,Times Sq/Theatre District,Manhattan,23.4
230,2026-03-03 07:00:00,45,230,Times Sq/Theatre District,Manhattan,43.2
230,2026-03-03 08:00:00,78,230,Times Sq/Theatre District,Manhattan,76.0
230,2026-03-03 09:00:00,114,230,Times Sq/Theatre District,Manhattan,105.0
230,2026-03-03 10:00:00,103,230,Times Sq/Theatre District,Manhattan,128.8
230,2026-03-03 11:00:00,154,230,Times Sq/Theatre District,Manhattan,129.5
230,2026-03-03 12:00:00,145,230,Times Sq/Theatre District,Manhattan,139.0
230,2026-03-03 13:00:00,160,230,Times Sq/Theatre District,Manhattan,139.0
230,2026-03-03 14:00:00,185,230,Times Sq/Theatre District,Manhattan,154.3
230,2026-03-03 15:00:00,210,230,Times Sq/Theatre District,Manhattan,164.9
230,2026-03-03 16:00:00,210,230,Times Sq/Theatre District,Manhattan,202.4
230,2026-03-03 17:00:00,319,230,Times Sq/Theatre District,Manhattan,232.0
230,2026-03-03 18:00:00,313,230,Times Sq/Theatre District,Manhattan,310.3
230,2026-03-03 19:00:00,318,230,Times Sq/Theatre District,Manhattan,277.3
230,2026-03-03 20:00:00,394,230,Times Sq/Theatre District,Manhattan,336.1
230,2026-03-03 21:00:00,592,230,Times Sq/Theatre District,Manhattan,518.8
230,2026-03-03 22:00:00,372,230,Times Sq/Theatre District,Manhattan,376.3
230,2026-03-03 23:00:00,198,230,Times Sq/Theatre District,Manhattan,185.2
230,2026-03-04 00:00:00,102,230,Times Sq/Theatre District,Manhattan,80.9
230,2026-03-04 01:00:00,29,230,Times Sq/Theatre District,Manhattan,43.4
230,2026-03-04 02:00:00,23,230,Times Sq/Theatre District,Manhattan,18.8
230,2026-03-04 03:00:00,16,230,Times Sq/Theatre District,Manhattan,12.6
230,2026-03-04 04:00:00,8,230,Times Sq/Theatre District,Manhattan,16.3
230,2026-03-04 05:00:00,18,230,Times Sq/Theatre District,Manhattan,16.2
230,2026-03-04 06:00:00,27,230,Times Sq/Theatre District,Manhattan,33.0
230,2026-03-04 07:00:00,62,230,Times Sq/Theatre District,Manhattan,56.1
230,2026-03-04 08:00:00,99,230,Times Sq/Theatre District,Manhattan,97.5
230,2026-03-04 09:00:00,85,230,Times Sq/Theatre District,Manhattan,124.2
230,2026-03-04 10:00:00,122,230,Times Sq/Theatre District,Manhattan,111.0
230,2026-03-04 11:00:00,153,230,Times Sq/Theatre District,Manhattan,137.6
230,2026-03-04 12:00:00,138,230,Times Sq/Theatre District,Manhattan,144.2
230,2026-03-04 13:00:00,141,230,Times Sq/Theatre District,Manhattan,143.5
230,2026-03-04 14:00:00,165,230,Times Sq/Theatre District,Manhattan,150.6
230,2026-03-04 15:00:00,202,230,Times Sq/Theatre District,Manhattan,176.7
230,2026-03-04 16:00:00,252,230,Times Sq/Theatre District,Manhattan,212.1
230,2026-03-04 17:00:00,255,230,Times Sq/Theatre District,Manhattan,275.5
230,2026-03-04 18:00:00,286,230,Times Sq/Theatre District,Manhattan,284.7
230,2026-03-04 19:00:00,291,230,Times Sq/Theatre District,Manhattan,270.2
230,2026-03-04 20:00:00,367,230,Times Sq/Theatre District,Manhattan,345.6
230,2026-03-04 21:00:00,500,230,Times Sq/Theatre District,Manhattan,490.5
230,2026-03-04 22:00:00,391,230,Times Sq/Theatre District,Manhattan,414.9
230,2026-03-04 23:00:00,158,230,Times Sq/Theatre District,Manhattan,222.3
230,2026-03-05 00:00:00,103,230,Times Sq/Theatre District,Manhattan,84.1
230,2026-03-05 01:00:00,40,230,Times Sq/Theatre District,Manhattan,40.7
230,2026-03-05 02:00:00,15,230,Times Sq/Theatre District,Manhattan,17.0
230,2026-03-05 03:00:00,8,230,Times Sq/Theatre District,Manhattan,10.7
230,2026-03-05 04:00:00,18,230,Times Sq/Theatre District,Manhattan,8.4
230,2026-03-05 05:00:00,31,230,Times Sq/Theatre District,Manhattan,22.6
230,2026-03-05 06:00:00,32,230,Times Sq/Theatre District,Manhattan,37.9
230,2026-03-05 07:00:00,80,230,Times Sq/Theatre District,Manhattan,55.3
230,2026-03-05 08:00:00,147,230,Times Sq/Theatre District,Manhattan,106.7
230,2026-03-05 09:00:00,126,230,Times Sq/Theatre District,Manhattan,131.0
230,2026-03-05 10:00:00,144,230,Times Sq/Theatre District,Manhattan,138.6
230,2026-03-05 11:00:00,162,230,Times Sq/Theatre District,Manhattan,146.2
230,2026-03-05 12:00:00,145,230,Times Sq/Theatre District,Manhattan,150.8
230,2026-03-05 13:00:00,150,230,Times Sq/Theatre District,Manhattan,147.1
230,2026-03-05 14:00:00,158,230,Times Sq/Theatre District,Manhattan,155.3
230,2026-03-05 15:00:00,193,230,Times Sq/Theatre District,Manhattan,167.3
230,2026-03-05 16:00:00,197,230,Times Sq/Theatre District,Manhattan,204.2
230,2026-03-05 17:00:00,279,230,Times Sq/Theatre District,Manhattan,222.8
230,2026-03-05 18:00:00,329,230,Times Sq/Theatre District,Manhattan,285.2
230,2026-03-05 19:00:00,326,230,Times Sq/Theatre District,Manhattan,297.3
230,2026-03-05 20:00:00,354,230,Times Sq/Theatre District,Manhattan,354.8
230,2026-03-05 21:00:00,538,230,Times Sq/Theatre District,Manhattan,542.6
230,2026-03-05 22:00:00,473,230,Times Sq/Theatre District,Manhattan,453.5
230,2026-03-05 23:00:00,294,230,Times Sq/Theatre District,Manhattan,248.2
230,2026-03-06 00:00:00,143,230,Times Sq/Theatre District,Manhattan,137.8
230,2026-03-06 01:00:00,62,230,Times Sq/Theatre District,Manhattan,60.3
230,2026-03-06 02:00:00,17,230,Times Sq/Theatre District,Manhattan,33.7
230,2026-03-06 03:00:00,15,230,Times Sq/Theatre District,Manhattan,14.2
230,2026-03-06 04:00:00,26,230,Times Sq/Theatre District,Manhattan,13.4
230,2026-03-06 05:00:00,29,230,Times Sq/Theatre District,Manhattan,27.1
230,2026-03-06 06:00:00,33,230,Times Sq/Theatre District,Manhattan,34.4
230,2026-03-06 07:00:00,47,230,Times Sq/Theatre District,Manhattan,55.6
230,2026-03-06 08:00:00,83,230,Times Sq/Theatre District,Manhattan,77.8
230,2026-03-06 09:00:00,102,230,Times Sq/Theatre District,Manhattan,104.2
230,2026-03-06 10:00:00,134,230,Times Sq/Theatre District,Manhattan,123.9
230,2026-03-06 11:00:00,129,230,Times Sq/Theatre District,Manhattan,145.3
230,2026-03-06 12:00:00,123,230,Times Sq/Theatre District,Manhattan,136.9
230,2026-03-06 13:00:00,147,230,Times Sq/Theatre District,Manhattan,135.3
230,2026-03-06 14:00:00,161,230,Times Sq/Theatre District,Manhattan,150.7
230,2026-03-06 15:00:00,166,230,Times Sq/Theatre District,Manhattan,162.9
230,2026-03-06 16:00:00,172,230,Times Sq/Theatre District,Manhattan,180.0
230,2026-03-06 17:00:00,181,230,Times Sq/Theatre District,Manhattan,202.9
230,2026-03-06 18:00:00,221,230,Times Sq/Theatre District,Manhattan,215.1
230,2026-03-06 19:00:00,174,230,Times Sq/Theatre District,Manhattan,201.0
230,2026-03-06 20:00:00,189,230,Times Sq/Theatre District,Manhattan,193.6
230,2026-03-06 21:00:00,358,230,Times Sq/Theatre District,Manhattan,346.1
230,2026-03-06 22:00:00,403,230,Times Sq/Theatre District,Manhattan,375.5
230,2026-03-06 23:00:00,185,230,Times Sq/Theatre District,Manhattan,254.6
230,2026-03-07 00:00:00,141,230,Times Sq/Theatre District,Manhattan,140.3
230,2026-03-07 01:00:00,63,230,Times Sq/Theatre District,Manhattan,81.1
230,2026-03-07 02:00:00,39,230,Times Sq/Theatre District,Manhattan,37.0
230,2026-03-07 03:00:00,27,230,Times Sq/Theatre District,Manhattan,28.8
230,2026-03-07 04:00:00,27,230,Times Sq/Theatre District,Manhattan,24.3
230,2026-03-07 05:00:00,13,230,Times Sq/Theatre District,Manhattan,23.1
230,2026-03-07 06:00:00,12,230,Times Sq/Theatre District,Manhattan,25.3
230,2026-03-07 07:00:00,25,230,Times Sq/Theatre District,Manhattan,25.5
230,2026-03-07 08:00:00,64,230,Times Sq/Theatre District,Manhattan,60.7
230,2026-03-07 09:00:00,85,230,Times Sq/Theatre District,Manhattan,97.1
230,2026-03-07 10:00:00,118,230,Times Sq/Theatre District,Manhattan,120.4
230,2026-03-07 11:00:00,144,230,Times Sq/Theatre District,Manhattan,137.4
230,2026-03-07 12:00:00,140,230,Times Sq/Theatre District,Manhattan,143.8
230,2026-03-07 13:00:00,138,230,Times Sq/Theatre District,Manhattan,143.5
230,2026-03-07 14:00:00,131,230,Times Sq/Theatre District,Manhattan,145.4
230,2026-03-07 15:00:00,143,230,Times Sq/Theatre District,Manhattan,147.2
230,2026-03-07 16:00:00,260,230,Times Sq/Theatre District,Manhattan,182.1
230,2026-03-07 17:00:00,209,230,Times Sq/Theatre District,Manhattan,226.6
230,2026-03-07 18:00:00,215,230,Times Sq/Theatre District,Manhattan,211.3
230,2026-03-07 19:00:00,157,230,Times Sq/Theatre District,Manhattan,186.1
230,2026-03-07 20:00:00,153,230,Times Sq/Theatre District,Manhattan,156.1
230,2026-03-07 21:00:00,198,230,Times Sq/Theatre District,Manhattan,224.8
230,2026-03-07 22:00:00,405,230,Times Sq/Theatre District,Manhattan,350.8
230,2026-03-07 23:00:00,291,230,Times Sq/Theatre District,Manhattan,240.0
230,2026-03-08 00:00:00,155,230,Times Sq/Theatre District,Manhattan,172.9
230,2026-03-08 01:00:00,104,230,Times Sq/Theatre District,Manhattan,94.9
230,2026-03-08 03:00:00,65,230,Times Sq/Theatre District,Manhattan,30.3
230,2026-03-08 04:00:00,48,230,Times Sq/Theatre District,Manhattan,46.1
230,2026-03-08 05:00:00,36,230,Times Sq/Theatre District,Manhattan,37.7
230,2026-03-08 06:00:00,23,230,Times Sq/Theatre District,Manhattan,33.3
230,2026-03-08 07:00:00,38,230,Times Sq/Theatre District,Manhattan,36.4
230,2026-03-08 08:00:00,58,230,Times Sq/Theatre District,Manhattan,61.9
230,2026-03-08 09:00:00,97,230,Times Sq/Theatre District,Manhattan,86.5
230,2026-03-08 10:00:00,154,230,Times Sq/Theatre District,Manhattan,127.5
230,2026-03-08 11:00:00,184,230,Times Sq/Theatre District,Manhattan,167.3
230,2026-03-08 12:00:00,139,230,Times Sq/Theatre District,Manhattan,172.8
230,2026-03-08 13:00:00,119,230,Times Sq/Theatre District,Manhattan,143.0
230,2026-03-08 14:00:00,148,230,Times Sq/Theatre District,Manhattan,128.1
230,2026-03-08 15:00:00,158,230,Times Sq/Theatre District,Manhattan,154.0
230,2026-03-08 16:00:00,193,230,Times Sq/Theatre District,Manhattan,185.1
230,2026-03-08 17:00:00,198,230,Times Sq/Theatre District,Manhattan,193.3
230,2026-03-08 18:00:00,144,230,Times Sq/Theatre District,Manhattan,192.3
230,2026-03-08 19:00:00,123,230,Times Sq/Theatre District,Manhattan,134.9
230,2026-03-08 20:00:00,167,230,Times Sq/Theatre District,Manhattan,128.0
230,2026-03-08 21:00:00,135,230,Times Sq/Theatre District,Manhattan,161.3
230,2026-03-08 22:00:00,103,230,Times Sq/Theatre District,Manhattan,110.1
230,2026-03-08 23:00:00,55,230,Times Sq/Theatre District,Manhattan,57.1
230,2026-03-09 00:00:00,38,230,Times Sq/Theatre District,Manhattan,36.7
230,2026-03-09 01:00:00,23,230,Times Sq/Theatre District,Manhattan,17.5
230,2026-03-09 02:00:00,11,230,Times Sq/Theatre District,Manhattan,8.3
230,2026-03-09 03:00:00,12,230,Times Sq/Theatre District,Manhattan,10.0
230,2026-03-09 04:00:00,6,230,Times Sq/Theatre District,Manhattan,12.8
230,2026-03-09 05:00:00,17,230,Times Sq/Theatre District,Manhattan,13.3
230,2026-03-09 06:00:00,21,230,Times Sq/Theatre District,Manhattan,26.8
230,2026-03-09 07:00:00,55,230,Times Sq/Theatre District,Manhattan,44.0
230,2026-03-09 08:00:00,100,230,Times Sq/Theatre District,Manhattan,74.9
230,2026-03-09 09:00:00,114,230,Times Sq/Theatre District,Manhattan,118.2
230,2026-03-09 10:00:00,150,230,Times Sq/Theatre District,Manhattan,126.5
230,2026-03-09 11:00:00,154,230,Times Sq/Theatre District,Manhattan,149.4
230,2026-03-09 12:00:00,137,230,Times Sq/Theatre District,Manhattan,146.8
230,2026-03-09 13:00:00,118,230,Times Sq/Theatre District,Manhattan,138.1
230,2026-03-09 14:00:00,110,230,Times Sq/Theatre District,Manhattan,131.5
230,2026-03-09 15:00:00,128,230,Times Sq/Theatre District,Manhattan,126.4
230,2026-03-09 16:00:00,156,230,Times Sq/Theatre District,Manhattan,153.2
230,2026-03-09 17:00:00,200,230,Times Sq/Theatre District,Manhattan,190.7
230,2026-03-09 18:00:00,238,230,Times Sq/Theatre District,Manhattan,219.9
230,2026-03-09 19:00:00,214,230,Times Sq/Theatre District,Manhattan,219.7
230,2026-03-09 20:00:00,255,230,Times Sq/Theatre District,Manhattan,236.4
230,2026-03-09 21:00:00,374,230,Times Sq/Theatre District,Manhattan,337.4
230,2026-03-09 22:00:00,310,230,Times Sq/Theatre District,Manhattan,253.5
230,2026-03-09 23:00:00,105,230,Times Sq/Theatre District,Manhattan,135.4
230,2026-03-10 00:00:00,54,230,Times Sq/Theatre District,Manhattan,52.2
230,2026-03-10 01:00:00,27,230,Times Sq/Theatre District,Manhattan,21.3
230,2026-03-10 02:00:00,18,230,Times Sq/Theatre District,Manhattan,12.7
230,2026-03-10 03:00:00,13,230,Times Sq/Theatre District,Manhattan,9.8
230,2026-03-10 04:00:00,9,230,Times Sq/Theatre District,Manhattan,9.8
230,2026-03-10 05:00:00,10,230,Times Sq/Theatre District,Manhattan,17.7
230,2026-03-10 06:00:00,31,230,Times Sq/Theatre District,Manhattan,24.7
230,2026-03-10 07:00:00,67,230,Times Sq/Theatre District,Manhattan,58.4
230,2026-03-10 08:00:00,143,230,Times Sq/Theatre District,Manhattan,107.7
230,2026-03-10 09:00:00,142,230,Times Sq/Theatre District,Manhattan,156.1
230,2026-03-10 10:00:00,154,230,Times Sq/Theatre District,Manhattan,146.6
230,2026-03-10 11:00:00,147,230,Times Sq/Theatre District,Manhattan,162.0
230,2026-03-10 12:00:00,140,230,Times Sq/Theatre District,Manhattan,155.9
230,2026-03-10 13:00:00,153,230,Times Sq/Theatre District,Manhattan,151.2
230,2026-03-10 14:00:00,158,230,Times Sq/Theatre District,Manhattan,161.3
230,2026-03-10 15:00:00,162,230,Times Sq/Theatre District,Manhattan,172.0
230,2026-03-10 16:00:00,173,230,Times Sq/Theatre District,Manhattan,187.4
230,2026-03-10 17:00:00,270,230,Times Sq/Theatre District,Manhattan,224.9
230,2026-03-10 18:00:00,350,230,Times Sq/Theatre District,Manhattan,292.2
230,2026-03-10 19:00:00,296,230,Times Sq/Theatre District,Manhattan,309.0
230,2026-03-10 20:00:00,382,230,Times Sq/Theatre District,Manhattan,386.4
230,2026-03-10 21:00:00,444,230,Times Sq/Theatre District,Manhattan,544.4
230,2026-03-10 22:00:00,348,230,Times Sq/Theatre District,Manhattan,405.0
230,2026-03-10 23:00:00,209,230,Times Sq/Theatre District,Manhattan,185.5
230,2026-03-11 00:00:00,91,230,Times Sq/Theatre District,Manhattan,100.0
230,2026-03-11 01:00:00,36,230,Times Sq/Theatre District,Manhattan,36.5
230,2026-03-11 02:00:00,16,230,Times Sq/Theatre District,Manhattan,19.1
230,2026-03-11 03:00:00,17,230,Times Sq/Theatre District,Manhattan,11.2
230,2026-03-11 04:00:00,14,230,Times Sq/Theatre District,Manhattan,11.3
230,2026-03-11 05:00:00,17,230,Times Sq/Theatre District,Manhattan,16.6
230,2026-03-11 06:00:00,33,230,Times Sq/Theatre District,Manhattan,31.4
230,2026-03-11 07:00:00,84,230,Times Sq/Theatre District,Manhattan,67.8
230,2026-03-11 08:00:00,133,230,Times Sq/Theatre District,Manhattan,138.2
230,2026-03-11 09:00:00,145,230,Times Sq/Theatre District,Manhattan,142.5
230,2026-03-11 10:00:00,165,230,Times Sq/Theatre District,Manhattan,149.7
230,2026-03-11 11:00:00,166,230,Times Sq/Theatre District,Manhattan,169.3
230,2026-03-11 12:00:00,191,230,Times Sq/Theatre District,Manhattan,163.4
230,2026-03-11 13:00:00,178,230,Times Sq/Theatre District,Manhattan,181.3
230,2026-03-11 14:00:00,166,230,Times Sq/Theatre District,Manhattan,178.4
230,2026-03-11 15:00:00,217,230,Times Sq/Theatre District,Manhattan,187.2
230,2026-03-11 16:00:00,241,230,Times Sq/Theatre District,Manhattan,238.3
230,2026-03-11 17:00:00,289,230,Times Sq/Theatre District,Manhattan,265.5
230,2026-03-11 18:00:00,286,230,Times Sq/Theatre District,Manhattan,317.3
230,2026-03-11 19:00:00,303,230,Times Sq/Theatre District,Manhattan,284.0
230,2026-03-11 20:00:00,343,230,Times Sq/Theatre District,Manhattan,368.9
230,2026-03-11 21:00:00,468,230,Times Sq/Theatre District,Manhattan,482.2
230,2026-03-11 22:00:00,443,230,Times Sq/Theatre District,Manhattan,416.0
230,2026-03-11 23:00:00,218,230,Times Sq/Theatre District,Manhattan,236.2
230,2026-03-12 00:00:00,130,230,Times Sq/Theatre District,Manhattan,107.2
230,2026-03-12 01:00:00,43,230,Times Sq/Theatre District,Manhattan,52.0
230,2026-03-12 02:00:00,19,230,Times Sq/Theatre District,Manhattan,16.7
230,2026-03-12 03:00:00,13,230,Times Sq/Theatre District,Manhattan,11.6
230,2026-03-12 04:00:00,27,230,Times Sq/Theatre District,Manhattan,12.5
230,2026-03-12 05:00:00,29,230,Times Sq/Theatre District,Manhattan,31.1
230,2026-03-12 06:00:00,47,230,Times Sq/Theatre District,Manhattan,38.0
230,2026-03-12 07:00:00,108,230,Times Sq/Theatre District,Manhattan,86.6
230,2026-03-12 08:00:00,158,230,Times Sq/Theatre District,Manhattan,141.1
230,2026-03-12 09:00:00,169,230,Times Sq/Theatre District,Manhattan,159.1
230,2026-03-12 10:00:00,176,230,Times Sq/Theatre District,Manhattan,172.1
230,2026-03-12 11:00:00,193,230,Times Sq/Theatre District,Manhattan,175.1
230,2026-03-12 12:00:00,181,230,Times Sq/Theatre District,Manhattan,187.6
230,2026-03-12 13:00:00,214,230,Times Sq/Theatre District,Manhattan,178.6
230,2026-03-12 14:00:00,222,230,Times Sq/Theatre District,Manhattan,195.9
230,2026-03-12 15:00:00,245,230,Times Sq/Theatre District,Manhattan,215.8
230,2026-03-12 16:00:00,319,230,Times Sq/Theatre District,Manhattan,243.7
230,2026-03-12 17:00:00,382,230,Times Sq/Theatre District,Manhattan,306.6
230,2026-03-12 18:00:00,327,230,Times Sq/Theatre District,Manhattan,338.7
230,2026-03-12 19:00:00,292,230,Times Sq/Theatre District,Manhattan,320.2
230,2026-03-12 20:00:00,431,230,Times Sq/Theatre District,Manhattan,354.7
230,2026-03-12 21:00:00,562,230,Times Sq/Theatre District,Manhattan,521.7
230,2026-03-12 22:00:00,478,230,Times Sq/Theatre District,Manhattan,503.3
230,2026-03-12 23:00:00,288,230,Times Sq/Theatre District,Manhattan,276.8
230,2026-03-13 00:00:00,124,230,Times Sq/Theatre District,Manhattan,152.6
230,2026-03-13 01:00:00,52,230,Times Sq/Theatre District,Manhattan,61.3
230,2026-03-13 02:00:00,18,230,Times Sq/Theatre District,Manhattan,20.3
230,2026-03-13 03:00:00,16,230,Times Sq/Theatre District,Manhattan,12.8
230,2026-03-13 04:00:00,29,230,Times Sq/Theatre District,Manhattan,19.7
230,2026-03-13 05:00:00,35,230,Times Sq/Theatre District,Manhattan,30.1
230,2026-03-13 06:00:00,39,230,Times Sq/Theatre District,Manhattan,42.4
230,2026-03-13 07:00:00,50,230,Times Sq/Theatre District,Manhattan,69.7
230,2026-03-13 08:00:00,84,230,Times Sq/Theatre District,Manhattan,95.3
230,2026-03-13 09:00:00,115,230,Times Sq/Theatre District,Manhattan,127.2
230,2026-03-13 10:00:00,148,230,Times Sq/Theatre District,Manhattan,140.1
230,2026-03-13 11:00:00,138,230,Times Sq/Theatre District,Manhattan,159.0
230,2026-03-13 12:00:00,154,230,Times Sq/Theatre District,Manhattan,152.1
230,2026-03-13 13:00:00,150,230,Times Sq/Theatre District,Manhattan,171.6
230,2026-03-13 14:00:00,210,230,Times Sq/Theatre District,Manhattan,172.7
230,2026-03-13 15:00:00,192,230,Times Sq/Theatre District,Manhattan,210.1
230,2026-03-13 16:00:00,189,230,Times Sq/Theatre District,Manhattan,205.3
230,2026-03-13 17:00:00,225,230,Times Sq/Theatre District,Manhattan,218.0
230,2026-03-13 18:00:00,225,230,Times Sq/Theatre District,Manhattan,236.0
230,2026-03-13 19:00:00,195,230,Times Sq/Theatre District,Manhattan,205.5
230,2026-03-13 20:00:00,221,230,Times Sq/Theatre District,Manhattan,214.5
230,2026-03-13 21:00:00,333,230,Times Sq/Theatre District,Manhattan,376.1
230,2026-03-13 22:00:00,452,230,Times Sq/Theatre District,Manhattan,409.9
230,2026-03-13 23:00:00,260,230,Times Sq/Theatre District,Manhattan,268.7
230,2026-03-14 00:00:00,145,230,Times Sq/Theatre District,Manhattan,158.9
230,2026-03-14 01:00:00,78,230,Times Sq/Theatre District,Manhattan,73.2
230,2026-03-14 02:00:00,32,230,Times Sq/Theatre District,Manhattan,43.7
230,2026-03-14 03:00:00,32,230,Times Sq/Theatre District,Manhattan,23.2
230,2026-03-14 04:00:00,37,230,Times Sq/Theatre District,Manhattan,24.6
230,2026-03-14 05:00:00,14,230,Times Sq/Theatre District,Manhattan,22.6
230,2026-03-14 06:00:00,30,230,Times Sq/Theatre District,Manhattan,20.9
230,2026-03-14 07:00:00,39,230,Times Sq/Theatre District,Manhattan,32.7
230,2026-03-14 08:00:00,57,230,Times Sq/Theatre District,Manhattan,66.1
230,2026-03-14 09:00:00,93,230,Times Sq/Theatre District,Manhattan,90.8
230,2026-03-14 10:00:00,134,230,Times Sq/Theatre District,Manhattan,126.4
230,2026-03-14 11:00:00,160,230,Times Sq/Theatre District,Manhattan,153.2
230,2026-03-14 12:00:00,139,230,Times Sq/Theatre District,Manhattan,160.5
230,2026-03-14 13:00:00,142,230,Times Sq/Theatre District,Manhattan,147.6
230,2026-03-14 14:00:00,126,230,Times Sq/Theatre District,Manhattan,155.8
230,2026-03-14 15:00:00,160,230,Times Sq/Theatre District,Manhattan,156.0
230,2026-03-14 16:00:00,306,230,Times Sq/Theatre District,Manhattan,198.8
230,2026-03-14 17:00:00,252,230,Times Sq/Theatre District,Manhattan,253.6
230,2026-03-14 18:00:00,209,230,Times Sq/Theatre District,Manhattan,238.9
230,2026-03-14 19:00:00,198,230,Times Sq/Theatre District,Manhattan,186.4
230,2026-03-14 20:00:00,165,230,Times Sq/Theatre District,Manhattan,183.4
230,2026-03-14 21:00:00,256,230,Times Sq/Theatre District,Manhattan,232.9
230,2026-03-14 22:00:00,480,230,Times Sq/Theatre District,Manhattan,430.4
230,2026-03-14 23:00:00,317,230,Times Sq/Theatre District,Manhattan,273.3
230,2026-03-15 00:00:00,153,230,Times Sq/Theatre District,Manhattan,179.2
230,2026-03-15 01:00:00,96,230,Times Sq/Theatre District,Manhattan,88.5
230,2026-03-15 02:00:00,40,230,Times Sq/Theatre District,Manhattan,32.7
230,2026-03-15 03:00:00,41,230,Times Sq/Theatre District,Manhattan,41.0
230,2026-03-15 04:00:00,42,230,Times Sq/Theatre District,Manhattan,35.6
230,2026-03-15 05:00:00,39,230,Times Sq/Theatre District,Manhattan,31.0
230,2026-03-15 06:00:00,32,230,Times Sq/Theatre District,Manhattan,34.5
230,2026-03-15 07:00:00,31,230,Times Sq/Theatre District,Manhattan,40.4
230,2026-03-15 08:00:00,61,230,Times Sq/Theatre District,Manhattan,53.0
230,2026-03-15 09:00:00,63,230,Times Sq/Theatre District,Manhattan,94.4
230,2026-03-15 10:00:00,98,230,Times Sq/Theatre District,Manhattan,101.6
230,2026-03-15 11:00:00,95,230,Times Sq/Theatre District,Manhattan,136.3
230,2026-03-15 12:00:00,84,230,Times Sq/Theatre District,Manhattan,125.7
230,2026-03-15 13:00:00,79,230,Times Sq/Theatre District,Manhattan,116.7
230,2026-03-15 14:00:00,102,230,Times Sq/Theatre District,Manhattan,102.1
230,2026-03-15 15:00:00,147,230,Times Sq/Theatre District,Manhattan,138.6
230,2026-03-15 16:00:00,224,230,Times Sq/Theatre District,Manhattan,183.0
230,2026-03-15 17:00:00,250,230,Times Sq/Theatre District,Manhattan,218.4
230,2026-03-15 18:00:00,172,230,Times Sq/Theatre District,Manhattan,222.3
230,2026-03-15 19:00:00,170,230,Times Sq/Theatre District,Manhattan,146.6
230,2026-03-15 20:00:00,133,230,Times Sq/Theatre District,Manhattan,155.9
230,2026-03-15 21:00:00,148,230,Times Sq/Theatre District,Manhattan,140.1
230,2026-03-15 22:00:00,119,230,Times Sq/Theatre District,Manhattan,121.3
230,2026-03-15 23:00:00,65,230,Times Sq/Theatre District,Manhattan,61.0
230,2026-03-16 00:00:00,46,230,Times Sq/Theatre District,Manhattan,41.3
230,2026-03-16 01:00:00,24,230,Times Sq/Theatre District,Manhattan,23.2
230,2026-03-16 02:00:00,14,230,Times Sq/Theatre District,Manhattan,13.4
230,2026-03-16 03:00:00,17,230,Times Sq/Theatre District,Manhattan,11.8
230,2026-03-16 04:00:00,29,230,Times Sq/Theatre District,Manhattan,13.4
230,2026-03-16 05:00:00,23,230,Times Sq/Theatre District,Manhattan,23.1
230,2026-03-16 06:00:00,24,230,Times Sq/Theatre District,Manhattan,29.2
230,2026-03-16 07:00:00,63,230,Times Sq/Theatre District,Manhattan,44.5
230,2026-03-16 08:00:00,79,230,Times Sq/Theatre District,Manhattan,92.6
230,2026-03-16 09:00:00,104,230,Times Sq/Theatre District,Manhattan,100.6
230,2026-03-16 10:00:00,156,230,Times Sq/Theatre District,Manhattan,126.8
230,2026-03-16 11:00:00,135,230,Times Sq/Theatre District,Manhattan,152.4
230,2026-03-16 12:00:00,117,230,Times Sq/Theatre District,Manhattan,130.2
230,2026-03-16 13:00:00,118,230,Times Sq/Theatre District,Manhattan,115.2
230,2026-03-16 14:00:00,140,230,Times Sq/Theatre District,Manhattan,121.9
230,2026-03-16 15:00:00,140,230,Times Sq/Theatre District,Manhattan,141.7
230,2026-03-16 16:00:00,192,230,Times Sq/Theatre District,Manhattan,159.4
230,2026-03-16 17:00:00,340,230,Times Sq/Theatre District,Manhattan,212.5
230,2026-03-16 18:00:00,258,230,Times Sq/Theatre District,Manhattan,297.5
230,2026-03-16 19:00:00,249,230,Times Sq/Theatre District,Manhattan,225.9
230,2026-03-16 20:00:00,259,230,Times Sq/Theatre District,Manhattan,269.7
230,2026-03-16 21:00:00,394,230,Times Sq/Theatre District,Manhattan,341.2
230,2026-03-16 22:00:00,283,230,Times Sq/Theatre District,Manhattan,299.5
230,2026-03-16 23:00:00,78,230,Times Sq/Theatre District,Manhattan,137.9
230,2026-03-17 00:00:00,40,230,Times Sq/Theatre District,Manhattan,50.2
230,2026-03-17 01:00:00,18,230,Times Sq/Theatre District,Manhattan,20.7
230,2026-03-17 02:00:00,20,230,Times Sq/Theatre District,Manhattan,11.7
230,2026-03-17 03:00:00,11,230,Times Sq/Theatre District,Manhattan,11.9
230,2026-03-17 04:00:00,14,230,Times Sq/Theatre District,Manhattan,10.7
230,2026-03-17 05:00:00,15,230,Times Sq/Theatre District,Manhattan,16.1
230,2026-03-17 06:00:00,26,230,Times Sq/Theatre District,Manhattan,31.1
230,2026-03-17 07:00:00,72,230,Times Sq/Theatre District,Manhattan,62.5
230,2026-03-17 08:00:00,107,230,Times Sq/Theatre District,Manhattan,119.1
230,2026-03-17 09:00:00,121,230,Times Sq/Theatre District,Manhattan,140.8
230,2026-03-17 10:00:00,123,230,Times Sq/Theatre District,Manhattan,147.9
230,2026-03-17 11:00:00,119,230,Times Sq/Theatre District,Manhattan,141.1
230,2026-03-17 12:00:00,134,230,Times Sq/Theatre District,Manhattan,133.7
230,2026-03-17 13:00:00,127,230,Times Sq/Theatre District,Manhattan,146.4
230,2026-03-17 14:00:00,168,230,Times Sq/Theatre District,Manhattan,149.3
230,2026-03-17 15:00:00,185,230,Times Sq/Theatre District,Manhattan,168.1
230,2026-03-17 16:00:00,188,230,Times Sq/Theatre District,Manhattan,192.6
230,2026-03-17 17:00:00,290,230,Times Sq/Theatre District,Manhattan,245.7
230,2026-03-17 18:00:00,308,230,Times Sq/Theatre District,Manhattan,298.7
230,2026-03-17 19:00:00,295,230,Times Sq/Theatre District,Manhattan,287.3
230,2026-03-17 20:00:00,377,230,Times Sq/Theatre District,Manhattan,374.1
230,2026-03-17 21:00:00,490,230,Times Sq/Theatre District,Manhattan,492.2
230,2026-03-17 22:00:00,443,230,Times Sq/Theatre District,Manhattan,392.1
230,2026-03-17 23:00:00,239,230,Times Sq/Theatre District,Manhattan,207.7
230,2026-03-18 00:00:00,130,230,Times Sq/Theatre District,Manhattan,108.2
230,2026-03-18 01:00:00,51,230,Times Sq/Theatre District,Manhattan,48.0
230,2026-03-18 02:00:00,39,230,Times Sq/Theatre District,Manhattan,18.7
230,2026-03-18 03:00:00,14,230,Times Sq/Theatre District,Manhattan,16.2
230,2026-03-18 04:00:00,25,230,Times Sq/Theatre District,Manhattan,11.7
230,2026-03-18 05:00:00,21,230,Times Sq/Theatre District,Manhattan,20.8
230,2026-03-18 06:00:00,35,230,Times Sq/Theatre District,Manhattan,34.2
230,2026-03-18 07:00:00,66,230,Times Sq/Theatre District,Manhattan,77.8
230,2026-03-18 08:00:00,178,230,Times Sq/Theatre District,Manhattan,115.8
230,2026-03-18 09:00:00,197,230,Times Sq/Theatre District,Manhattan,179.8
230,2026-03-18 10:00:00,222,230,Times Sq/Theatre District,Manhattan,191.9
230,2026-03-18 11:00:00,213,230,Times Sq/Theatre District,Manhattan,193.9
230,2026-03-18 12:00:00,216,230,Times Sq/Theatre District,Manhattan,203.1
230,2026-03-18 13:00:00,198,230,Times Sq/Theatre District,Manhattan,198.8
230,2026-03-18 14:00:00,177,230,Times Sq/Theatre District,Manhattan,196.0
230,2026-03-18 15:00:00,194,230,Times Sq/Theatre District,Manhattan,200.7
230,2026-03-18 16:00:00,325,230,Times Sq/Theatre District,Manhattan,232.4
230,2026-03-18 17:00:00,302,230,Times Sq/Theatre District,Manhattan,314.5
230,2026-03-18 18:00:00,320,230,Times Sq/Theatre District,Manhattan,310.8
230,2026-03-18 19:00:00,304,230,Times Sq/Theatre District,Manhattan,307.2
230,2026-03-18 20:00:00,455,230,Times Sq/Theatre District,Manhattan,351.0
230,2026-03-18 21:00:00,521,230,Times Sq/Theatre District,Manhattan,515.4
230,2026-03-18 22:00:00,522,230,Times Sq/Theatre District,Manhattan,481.3
230,2026-03-18 23:00:00,244,230,Times Sq/Theatre District,Manhattan,266.0
230,2026-03-19 00:00:00,82,230,Times Sq/Theatre District,Manhattan,130.5
230,2026-03-19 01:00:00,25,230,Times Sq/Theatre District,Manhattan,43.5
230,2026-03-19 02:00:00,17,230,Times Sq/Theatre District,Manhattan,19.3
230,2026-03-19 03:00:00,12,230,Times Sq/Theatre District,Manhattan,11.3
230,2026-03-19 04:00:00,16,230,Times Sq/Theatre District,Manhattan,17.6
230,2026-03-19 05:00:00,21,230,Times Sq/Theatre District,Manhattan,25.6
230,2026-03-19 06:00:00,38,230,Times Sq/Theatre District,Manhattan,43.5
230,2026-03-19 07:00:00,76,230,Times Sq/Theatre District,Manhattan,84.8
230,2026-03-19 08:00:00,104,230,Times Sq/Theatre District,Manhattan,125.2
230,2026-03-19 09:00:00,136,230,Times Sq/Theatre District,Manhattan,152.8
230,2026-03-19 10:00:00,144,230,Times Sq/Theatre District,Manhattan,174.0
230,2026-03-19 11:00:00,177,230,Times Sq/Theatre District,Manhattan,179.1
230,2026-03-19 12:00:00,132,230,Times Sq/Theatre District,Manhattan,194.0
230,2026-03-19 13:00:00,169,230,Times Sq/Theatre District,Manhattan,172.1
230,2026-03-19 14:00:00,194,230,Times Sq/Theatre District,Manhattan,189.6
230,2026-03-19 15:00:00,205,230,Times Sq/Theatre District,Manhattan,216.9
230,2026-03-19 16:00:00,206,230,Times Sq/Theatre District,Manhattan,267.5
230,2026-03-19 17:00:00,284,230,Times Sq/Theatre District,Manhattan,264.2
230,2026-03-19 18:00:00,307,230,Times Sq/Theatre District,Manhattan,308.3
230,2026-03-19 19:00:00,298,230,Times Sq/Theatre District,Manhattan,290.2
230,2026-03-19 20:00:00,405,230,Times Sq/Theatre District,Manhattan,401.5
230,2026-03-19 21:00:00,501,230,Times Sq/Theatre District,Manhattan,528.0
230,2026-03-19 22:00:00,507,230,Times Sq/Theatre District,Manhattan,527.4
230,2026-03-19 23:00:00,262,230,Times Sq/Theatre District,Manhattan,280.5
230,2026-03-20 00:00:00,155,230,Times Sq/Theatre District,Manhattan,124.5
230,2026-03-20 01:00:00,83,230,Times Sq/Theatre District,Manhattan,59.0
230,2026-03-20 02:00:00,26,230,Times Sq/Theatre District,Manhattan,31.1
230,2026-03-20 03:00:00,35,230,Times Sq/Theatre District,Manhattan,16.1
230,2026-03-20 04:00:00,40,230,Times Sq/Theatre District,Manhattan,25.2
230,2026-03-20 05:00:00,20,230,Times Sq/Theatre District,Manhattan,35.0
230,2026-03-20 06:00:00,27,230,Times Sq/Theatre District,Manhattan,38.0
230,2026-03-20 07:00:00,39,230,Times Sq/Theatre District,Manhattan,57.1
230,2026-03-20 08:00:00,80,230,Times Sq/Theatre District,Manhattan,81.8
230,2026-03-20 09:00:00,105,230,Times Sq/Theatre District,Manhattan,114.7
230,2026-03-20 10:00:00,144,230,Times Sq/Theatre District,Manhattan,138.3
230,2026-03-20 11:00:00,146,230,Times Sq/Theatre District,Manhattan,151.9
230,2026-03-20 12:00:00,141,230,Times Sq/Theatre District,Manhattan,154.8
230,2026-03-20 13:00:00,138,230,Times Sq/Theatre District,Manhattan,156.2
230,2026-03-20 14:00:00,159,230,Times Sq/Theatre District,Manhattan,172.3
230,2026-03-20 15:00:00,145,230,Times Sq/Theatre District,Manhattan,183.5
230,2026-03-20 16:00:00,172,230,Times Sq/Theatre District,Manhattan,177.7
230,2026-03-20 17:00:00,204,230,Times Sq/Theatre District,Manhattan,213.0
230,2026-03-20 18:00:00,243,230,Times Sq/Theatre District,Manhattan,230.7
230,2026-03-20 19:00:00,198,230,Times Sq/Theatre District,Manhattan,214.3
230,2026-03-20 20:00:00,214,230,Times Sq/Theatre District,Manhattan,233.5
230,2026-03-20 21:00:00,364,230,Times Sq/Theatre District,Manhattan,354.0
230,2026-03-20 22:00:00,330,230,Times Sq/Theatre District,Manhattan,451.8
230,2026-03-20 23:00:00,215,230,Times Sq/Theatre District,Manhattan,240.1
230,2026-03-21 00:00:00,172,230,Times Sq/Theatre District,Manhattan,156.9
230,2026-03-21 01:00:00,98,230,Times Sq/Theatre District,Manhattan,98.6
230,2026-03-21 02:00:00,53,230,Times Sq/Theatre District,Manhattan,41.8
230,2026-03-21 03:00:00,44,230,Times Sq/Theatre District,Manhattan,31.3
230,2026-03-21 04:00:00,50,230,Times Sq/Theatre District,Manhattan,34.5
230,2026-03-21 05:00:00,18,230,Times Sq/Theatre District,Manhattan,22.4
230,2026-03-21 06:00:00,28,230,Times Sq/Theatre District,Manhattan,28.3
230,2026-03-21 07:00:00,20,230,Times Sq/Theatre District,Manhattan,37.8
230,2026-03-21 08:00:00,45,230,Times Sq/Theatre District,Manhattan,53.2
230,2026-03-21 09:00:00,106,230,Times Sq/Theatre District,Manhattan,86.7
230,2026-03-21 10:00:00,127,230,Times Sq/Theatre District,Manhattan,137.7
230,2026-03-21 11:00:00,140,230,Times Sq/Theatre District,Manhattan,155.1
230,2026-03-21 12:00:00,144,230,Times Sq/Theatre District,Manhattan,147.7
230,2026-03-21 13:00:00,129,230,Times Sq/Theatre District,Manhattan,150.7
230,2026-03-21 14:00:00,129,230,Times Sq/Theatre District,Manhattan,143.7
230,2026-03-21 15:00:00,138,230,Times Sq/Theatre District,Manhattan,150.4
230,2026-03-21 16:00:00,305,230,Times Sq/Theatre District,Manhattan,181.6
230,2026-03-21 17:00:00,222,230,Times Sq/Theatre District,Manhattan,262.2
230,2026-03-21 18:00:00,204,230,Times Sq/Theatre District,Manhattan,217.6
230,2026-03-21 19:00:00,177,230,Times Sq/Theatre District,Manhattan,193.0
230,2026-03-21 20:00:00,176,230,Times Sq/Theatre District,Manhattan,171.8
230,2026-03-21 21:00:00,249,230,Times Sq/Theatre District,Manhattan,272.4
230,2026-03-21 22:00:00,451,230,Times Sq/Theatre District,Manhattan,433.0
230,2026-03-21 23:00:00,280,230,Times Sq/Theatre District,Manhattan,272.7
230,2026-03-22 00:00:00,175,230,Times Sq/Theatre District,Manhattan,184.1
230,2026-03-22 01:00:00,110,230,Times Sq/Theatre District,Manhattan,104.5
230,2026-03-22 02:00:00,82,230,Times Sq/Theatre District,Manhattan,52.7
230,2026-03-22 03:00:00,49,230,Times Sq/Theatre District,Manhattan,48.4
230,2026-03-22 04:00:00,36,230,Times Sq/Theatre District,Manhattan,37.4
230,2026-03-22 05:00:00,22,230,Times Sq/Theatre District,Manhattan,33.4
230,2026-03-22 06:00:00,27,230,Times Sq/Theatre District,Manhattan,31.4
230,2026-03-22 07:00:00,45,230,Times Sq/Theatre District,Manhattan,31.7
230,2026-03-22 08:00:00,53,230,Times Sq/Theatre District,Manhattan,60.4
230,2026-03-22 09:00:00,105,230,Times Sq/Theatre District,Manhattan,77.0
230,2026-03-22 10:00:00,144,230,Times Sq/Theatre District,Manhattan,128.7
230,2026-03-22 11:00:00,153,230,Times Sq/Theatre District,Manhattan,149.9
230,2026-03-22 12:00:00,154,230,Times Sq/Theatre District,Manhattan,144.7
230,2026-03-22 13:00:00,114,230,Times Sq/Theatre District,Manhattan,141.6
230,2026-03-22 14:00:00,115,230,Times Sq/Theatre District,Manhattan,127.4
230,2026-03-22 15:00:00,135,230,Times Sq/Theatre District,Manhattan,137.6
230,2026-03-22 16:00:00,183,230,Times Sq/Theatre District,Manhattan,177.2
230,2026-03-22 17:00:00,218,230,Times Sq/Theatre District,Manhattan,214.3
230,2026-03-22 18:00:00,198,230,Times Sq/Theatre District,Manhattan,201.1
230,2026-03-22 19:00:00,127,230,Times Sq/Theatre District,Manhattan,164.7
230,2026-03-22 20:00:00,137,230,Times Sq/Theatre District,Manhattan,131.5
230,2026-03-22 21:00:00,193,230,Times Sq/Theatre District,Manhattan,148.1
230,2026-03-22 22:00:00,145,230,Times Sq/Theatre District,Manhattan,158.9
230,2026-03-22 23:00:00,70,230,Times Sq/Theatre District,Manhattan,74.3
230,2026-03-23 00:00:00,43,230,Times Sq/Theatre District,Manhattan,46.5
230,2026-03-23 01:00:00,24,230,Times Sq/Theatre District,Manhattan,22.9
230,2026-03-23 02:00:00,17,230,Times Sq/Theatre District,Manhattan,14.0
230,2026-03-23 03:00:00,5,230,Times Sq/Theatre District,Manhattan,14.3
230,2026-03-23 04:00:00,15,230,Times Sq/Theatre District,Manhattan,16.4
230,2026-03-23 05:00:00,9,230,Times Sq/Theatre District,Manhattan,19.1
230,2026-03-23 06:00:00,20,230,Times Sq/Theatre District,Manhattan,23.2
230,2026-03-23 07:00:00,45,230,Times Sq/Theatre District,Manhattan,51.1
230,2026-03-23 08:00:00,85,230,Times Sq/Theatre District,Manhattan,76.1
230,2026-03-23 09:00:00,122,230,Times Sq/Theatre District,Manhattan,116.0
230,2026-03-23 10:00:00,122,230,Times Sq/Theatre District,Manhattan,147.3
230,2026-03-23 11:00:00,139,230,Times Sq/Theatre District,Manhattan,135.3
230,2026-03-23 12:00:00,158,230,Times Sq/Theatre District,Manhattan,138.9
230,2026-03-23 13:00:00,125,230,Times Sq/Theatre District,Manhattan,145.4
230,2026-03-23 14:00:00,140,230,Times Sq/Theatre District,Manhattan,133.6
230,2026-03-23 15:00:00,146,230,Times Sq/Theatre District,Manhattan,142.1
230,2026-03-23 16:00:00,162,230,Times Sq/Theatre District,Manhattan,168.9
230,2026-03-23 17:00:00,265,230,Times Sq/Theatre District,Manhattan,201.4
230,2026-03-23 18:00:00,227,230,Times Sq/Theatre District,Manhattan,260.1
230,2026-03-23 19:00:00,209,230,Times Sq/Theatre District,Manhattan,207.6
230,2026-03-23 20:00:00,226,230,Times Sq/Theatre District,Manhattan,238.3
230,2026-03-23 21:00:00,451,230,Times Sq/Theatre District,Manhattan,321.1
230,2026-03-23 22:00:00,307,230,Times Sq/Theatre District,Manhattan,297.1
230,2026-03-23 23:00:00,125,230,Times Sq/Theatre District,Manhattan,138.8
230,2026-03-24 00:00:00,91,230,Times Sq/Theatre District,Manhattan,56.0
230,2026-03-24 01:00:00,40,230,Times Sq/Theatre District,Manhattan,29.9
230,2026-03-24 02:00:00,23,230,Times Sq/Theatre District,Manhattan,19.2
230,2026-03-24 03:00:00,14,230,Times Sq/Theatre District,Manhattan,11.8
230,2026-03-24 04:00:00,16,230,Times Sq/Theatre District,Manhattan,11.3
230,2026-03-24 05:00:00,21,230,Times Sq/Theatre District,Manhattan,17.0
230,2026-03-24 06:00:00,37,230,Times Sq/Theatre District,Manhattan,31.0
230,2026-03-24 07:00:00,55,230,Times Sq/Theatre District,Manhattan,65.0
230,2026-03-24 08:00:00,105,230,Times Sq/Theatre District,Manhattan,93.2
230,2026-03-24 09:00:00,101,230,Times Sq/Theatre District,Manhattan,130.7
230,2026-03-24 10:00:00,142,230,Times Sq/Theatre District,Manhattan,126.7
230,2026-03-24 11:00:00,163,230,Times Sq/Theatre District,Manhattan,145.6
230,2026-03-24 12:00:00,143,230,Times Sq/Theatre District,Manhattan,159.8
230,2026-03-24 13:00:00,151,230,Times Sq/Theatre District,Manhattan,146.7
230,2026-03-24 14:00:00,162,230,Times Sq/Theatre District,Manhattan,160.5
230,2026-03-24 15:00:00,141,230,Times Sq/Theatre District,Manhattan,173.8
230,2026-03-24 16:00:00,172,230,Times Sq/Theatre District,Manhattan,173.4
230,2026-03-24 17:00:00,256,230,Times Sq/Theatre District,Manhattan,227.9
230,2026-03-24 18:00:00,308,230,Times Sq/Theatre District,Manhattan,273.0
230,2026-03-24 19:00:00,248,230,Times Sq/Theatre District,Manhattan,279.6
230,2026-03-24 20:00:00,321,230,Times Sq/Theatre District,Manhattan,326.3
230,2026-03-24 21:00:00,488,230,Times Sq/Theatre District,Manhattan,492.4
230,2026-03-24 22:00:00,390,230,Times Sq/Theatre District,Manhattan,452.8
230,2026-03-24 23:00:00,203,230,Times Sq/Theatre District,Manhattan,215.8
230,2026-03-25 00:00:00,75,230,Times Sq/Theatre District,Manhattan,104.7
230,2026-03-25 01:00:00,34,230,Times Sq/Theatre District,Manhattan,42.3
230,2026-03-25 02:00:00,21,230,Times Sq/Theatre District,Manhattan,25.7
230,2026-03-25 03:00:00,25,230,Times Sq/Theatre District,Manhattan,12.6
230,2026-03-25 04:00:00,20,230,Times Sq/Theatre District,Manhattan,21.3
230,2026-03-25 05:00:00,25,230,Times Sq/Theatre District,Manhattan,22.7
230,2026-03-25 06:00:00,46,230,Times Sq/Theatre District,Manhattan,39.4
230,2026-03-25 07:00:00,84,230,Times Sq/Theatre District,Manhattan,73.9
230,2026-03-25 08:00:00,117,230,Times Sq/Theatre District,Manhattan,125.9
230,2026-03-25 09:00:00,143,230,Times Sq/Theatre District,Manhattan,148.3
230,2026-03-25 10:00:00,131,230,Times Sq/Theatre District,Manhattan,166.2
230,2026-03-25 11:00:00,153,230,Times Sq/Theatre District,Manhattan,159.5
230,2026-03-25 12:00:00,148,230,Times Sq/Theatre District,Manhattan,170.4
230,2026-03-25 13:00:00,155,230,Times Sq/Theatre District,Manhattan,172.3
230,2026-03-25 14:00:00,159,230,Times Sq/Theatre District,Manhattan,170.1
230,2026-03-25 15:00:00,212,230,Times Sq/Theatre District,Manhattan,172.3
230,2026-03-25 16:00:00,291,230,Times Sq/Theatre District,Manhattan,251.4
230,2026-03-25 17:00:00,276,230,Times Sq/Theatre District,Manhattan,301.1
230,2026-03-25 18:00:00,259,230,Times Sq/Theatre District,Manhattan,310.9
230,2026-03-25 19:00:00,253,230,Times Sq/Theatre District,Manhattan,263.3
230,2026-03-25 20:00:00,364,230,Times Sq/Theatre District,Manhattan,337.3
230,2026-03-25 21:00:00,514,230,Times Sq/Theatre District,Manhattan,519.9
230,2026-03-25 22:00:00,542,230,Times Sq/Theatre District,Manhattan,480.1
230,2026-03-25 23:00:00,183,230,Times Sq/Theatre District,Manhattan,273.4
230,2026-03-26 00:00:00,101,230,Times Sq/Theatre District,Manhattan,84.2
230,2026-03-26 01:00:00,37,230,Times Sq/Theatre District,Manhattan,38.5
230,2026-03-26 02:00:00,27,230,Times Sq/Theatre District,Manhattan,15.7
230,2026-03-26 03:00:00,18,230,Times Sq/Theatre District,Manhattan,15.6
230,2026-03-26 04:00:00,27,230,Times Sq/Theatre District,Manhattan,13.9
230,2026-03-26 05:00:00,23,230,Times Sq/Theatre District,Manhattan,27.2
230,2026-03-26 06:00:00,30,230,Times Sq/Theatre District,Manhattan,43.6
230,2026-03-26 07:00:00,81,230,Times Sq/Theatre District,Manhattan,72.3
230,2026-03-26 08:00:00,124,230,Times Sq/Theatre District,Manhattan,115.9
230,2026-03-26 09:00:00,140,230,Times Sq/Theatre District,Manhattan,147.1
230,2026-03-26 10:00:00,143,230,Times Sq/Theatre District,Manhattan,149.3
230,2026-03-26 11:00:00,142,230,Times Sq/Theatre District,Manhattan,156.4
230,2026-03-26 12:00:00,143,230,Times Sq/Theatre District,Manhattan,145.9
230,2026-03-26 13:00:00,136,230,Times Sq/Theatre District,Manhattan,157.7
230,2026-03-26 14:00:00,159,230,Times Sq/Theatre District,Manhattan,161.5
230,2026-03-26 15:00:00,160,230,Times Sq/Theatre District,Manhattan,193.2
230,2026-03-26 16:00:00,164,230,Times Sq/Theatre District,Manhattan,200.3
230,2026-03-26 17:00:00,234,230,Times Sq/Theatre District,Manhattan,212.0
230,2026-03-26 18:00:00,225,230,Times Sq/Theatre District,Manhattan,257.6
230,2026-03-26 19:00:00,215,230,Times Sq/Theatre District,Manhattan,237.2
230,2026-03-26 20:00:00,305,230,Times Sq/Theatre District,Manhattan,276.3
230,2026-03-26 21:00:00,484,230,Times Sq/Theatre District,Manhattan,505.5
230,2026-03-26 22:00:00,529,230,Times Sq/Theatre District,Manhattan,506.0
230,2026-03-26 23:00:00,283,230,Times Sq/Theatre District,Manhattan,244.4
230,2026-03-27 00:00:00,163,230,Times Sq/Theatre District,Manhattan,137.5
230,2026-03-27 01:00:00,64,230,Times Sq/Theatre District,Manhattan,75.2
230,2026-03-27 02:00:00,35,230,Times Sq/Theatre District,Manhattan,30.7
230,2026-03-27 03:00:00,26,230,Times Sq/Theatre District,Manhattan,28.2
230,2026-03-27 04:00:00,22,230,Times Sq/Theatre District,Manhattan,30.5
230,2026-03-27 05:00:00,25,230,Times Sq/Theatre District,Manhattan,22.7
230,2026-03-27 06:00:00,36,230,Times Sq/Theatre District,Manhattan,31.9
230,2026-03-27 07:00:00,50,230,Times Sq/Theatre District,Manhattan,56.6
230,2026-03-27 08:00:00,79,230,Times Sq/Theatre District,Manhattan,91.4
230,2026-03-27 09:00:00,106,230,Times Sq/Theatre District,Manhattan,114.1
230,2026-03-27 10:00:00,127,230,Times Sq/Theatre District,Manhattan,135.6
230,2026-03-27 11:00:00,144,230,Times Sq/Theatre District,Manhattan,145.9
230,2026-03-27 12:00:00,147,230,Times Sq/Theatre District,Manhattan,146.9
230,2026-03-27 13:00:00,131,230,Times Sq/Theatre District,Manhattan,150.6
230,2026-03-27 14:00:00,127,230,Times Sq/Theatre District,Manhattan,150.6
230,2026-03-27 15:00:00,169,230,Times Sq/Theatre District,Manhattan,149.4
230,2026-03-27 16:00:00,190,230,Times Sq/Theatre District,Manhattan,176.7
230,2026-03-27 17:00:00,197,230,Times Sq/Theatre District,Manhattan,210.7
230,2026-03-27 18:00:00,223,230,Times Sq/Theatre District,Manhattan,221.6
230,2026-03-27 19:00:00,156,230,Times Sq/Theatre District,Manhattan,197.6
230,2026-03-27 20:00:00,167,230,Times Sq/Theatre District,Manhattan,191.2
230,2026-03-27 21:00:00,334,230,Times Sq/Theatre District,Manhattan,317.7
230,2026-03-27 22:00:00,379,230,Times Sq/Theatre District,Manhattan,397.3
230,2026-03-27 23:00:00,286,230,Times Sq/Theatre District,Manhattan,247.9
230,2026-03-28 00:00:00,184,230,Times Sq/Theatre District,Manhattan,203.3
230,2026-03-28 01:00:00,94,230,Times Sq/Theatre District,Manhattan,100.0
230,2026-03-28 02:00:00,54,230,Times Sq/Theatre District,Manhattan,54.7
230,2026-03-28 03:00:00,31,230,Times Sq/Theatre District,Manhattan,35.9
230,2026-03-28 04:00:00,42,230,Times Sq/Theatre District,Manhattan,31.6
230,2026-03-28 05:00:00,9,230,Times Sq/Theatre District,Manhattan,22.7
230,2026-03-28 06:00:00,28,230,Times Sq/Theatre District,Manhattan,25.4
230,2026-03-28 07:00:00,34,230,Times Sq/Theatre District,Manhattan,29.1
230,2026-03-28 08:00:00,50,230,Times Sq/Theatre District,Manhattan,56.5
230,2026-03-28 09:00:00,107,230,Times Sq/Theatre District,Manhattan,92.9
230,2026-03-28 10:00:00,169,230,Times Sq/Theatre District,Manhattan,133.2
230,2026-03-28 11:00:00,122,230,Times Sq/Theatre District,Manhattan,173.9
230,2026-03-28 12:00:00,127,230,Times Sq/Theatre District,Manhattan,144.0
230,2026-03-28 13:00:00,85,230,Times Sq/Theatre District,Manhattan,139.1
230,2026-03-28 14:00:00,49,230,Times Sq/Theatre District,Manhattan,113.6
230,2026-03-28 15:00:00,56,230,Times Sq/Theatre District,Manhattan,80.8
230,2026-03-28 16:00:00,117,230,Times Sq/Theatre District,Manhattan,89.8
230,2026-03-28 17:00:00,216,230,Times Sq/Theatre District,Manhattan,158.6
230,2026-03-28 18:00:00,206,230,Times Sq/Theatre District,Manhattan,212.0
230,2026-03-28 19:00:00,194,230,Times Sq/Theatre District,Manhattan,177.3
230,2026-03-28 20:00:00,155,230,Times Sq/Theatre District,Manhattan,174.2
230,2026-03-28 21:00:00,297,230,Times Sq/Theatre District,Manhattan,238.7
230,2026-03-28 22:00:00,572,230,Times Sq/Theatre District,Manhattan,438.4
230,2026-03-28 23:00:00,390,230,Times Sq/Theatre District,Manhattan,306.2
230,2026-03-29 00:00:00,200,230,Times Sq/Theatre District,Manhattan,216.6
230,2026-03-29 01:00:00,107,230,Times Sq/Theatre District,Manhattan,100.4
230,2026-03-29 02:00:00,54,230,Times Sq/Theatre District,Manhattan,64.6
230,2026-03-29 03:00:00,46,230,Times Sq/Theatre District,Manhattan,35.9
230,2026-03-29 04:00:00,46,230,Times Sq/Theatre District,Manhattan,33.2
230,2026-03-29 05:00:00,16,230,Times Sq/Theatre District,Manhattan,23.7
230,2026-03-29 06:00:00,21,230,Times Sq/Theatre District,Manhattan,26.5
230,2026-03-29 07:00:00,38,230,Times Sq/Theatre District,Manhattan,37.2
230,2026-03-29 08:00:00,60,230,Times Sq/Theatre District,Manhattan,51.8
230,2026-03-29 09:00:00,113,230,Times Sq/Theatre District,Manhattan,98.6
230,2026-03-29 10:00:00,123,230,Times Sq/Theatre District,Manhattan,145.2
230,2026-03-29 11:00:00,163,230,Times Sq/Theatre District,Manhattan,142.9
230,2026-03-29 12:00:00,135,230,Times Sq/Theatre District,Manhattan,158.3
230,2026-03-29 13:00:00,128,230,Times Sq/Theatre District,Manhattan,133.3
230,2026-03-29 14:00:00,117,230,Times Sq/Theatre District,Manhattan,127.4
230,2026-03-29 15:00:00,138,230,Times Sq/Theatre District,Manhattan,119.3
230,2026-03-29 16:00:00,175,230,Times Sq/Theatre District,Manhattan,154.7
230,2026-03-29 17:00:00,234,230,Times Sq/Theatre District,Manhattan,206.7
230,2026-03-29 18:00:00,201,230,Times Sq/Theatre District,Manhattan,214.2
230,2026-03-29 19:00:00,131,230,Times Sq/Theatre District,Manhattan,164.8
230,2026-03-29 20:00:00,138,230,Times Sq/Theatre District,Manhattan,132.1
230,2026-03-29 21:00:00,134,230,Times Sq/Theatre District,Manhattan,162.2
230,2026-03-29 22:00:00,108,230,Times Sq/Theatre District,Manhattan,127.3
230,2026-03-29 23:00:00,63,230,Times Sq/Theatre District,Manhattan,56.2
230,2026-03-30 00:00:00,42,230,Times Sq/Theatre District,Manhattan,42.7
230,2026-03-30 01:00:00,21,230,Times Sq/Theatre District,Manhattan,22.3
230,2026-03-30 02:00:00,17,230,Times Sq/Theatre District,Manhattan,14.0
230,2026-03-30 03:00:00,13,230,Times Sq/Theatre District,Manhattan,12.5
230,2026-03-30 04:00:00,11,230,Times Sq/Theatre District,Manhattan,12.4
230,2026-03-30 05:00:00,17,230,Times Sq/Theatre District,Manhattan,11.8
230,2026-03-30 06:00:00,24,230,Times Sq/Theatre District,Manhattan,24.1
230,2026-03-30 07:00:00,48,230,Times Sq/Theatre District,Manhattan,44.7
230,2026-03-30 08:00:00,73,230,Times Sq/Theatre District,Manhattan,73.1
230,2026-03-30 09:00:00,94,230,Times Sq/Theatre District,Manhattan,104.7
230,2026-03-30 10:00:00,120,230,Times Sq/Theatre District,Manhattan,115.7
230,2026-03-30 11:00:00,122,230,Times Sq/Theatre District,Manhattan,136.4
230,2026-03-30 12:00:00,93,230,Times Sq/Theatre District,Manhattan,136.0
230,2026-03-30 13:00:00,131,230,Times Sq/Theatre District,Manhattan,110.9
230,2026-03-30 14:00:00,154,230,Times Sq/Theatre District,Manhattan,136.0
230,2026-03-30 15:00:00,146,230,Times Sq/Theatre District,Manhattan,153.8
230,2026-03-30 16:00:00,138,230,Times Sq/Theatre District,Manhattan,161.2
230,2026-03-30 17:00:00,193,230,Times Sq/Theatre District,Manhattan,175.0
230,2026-03-30 18:00:00,251,230,Times Sq/Theatre District,Manhattan,211.5
230,2026-03-30 19:00:00,190,230,Times Sq/Theatre District,Manhattan,208.3
230,2026-03-30 20:00:00,173,230,Times Sq/Theatre District,Manhattan,201.3
230,2026-03-30 21:00:00,394,230,Times Sq/Theatre District,Manhattan,267.3
230,2026-03-30 22:00:00,247,230,Times Sq/Theatre District,Manhattan,281.7
230,2026-03-30 23:00:00,125,230,Times Sq/Theatre District,Manhattan,128.1
230,2026-03-31 00:00:00,69,230,Times Sq/Theatre District,Manhattan,77.8
230,2026-03-31 01:00:00,22,230,Times Sq/Theatre District,Manhattan,33.6
230,2026-03-31 02:00:00,17,230,Times Sq/Theatre District,Manhattan,15.9
230,2026-03-31 03:00:00,12,230,Times Sq/Theatre District,Manhattan,11.0
230,2026-03-31 04:00:00,11,230,Times Sq/Theatre District,Manhattan,9.6
230,2026-03-31 05:00:00,15,230,Times Sq/Theatre District,Manhattan,18.3
230,2026-03-31 06:00:00,27,230,Times Sq/Theatre District,Manhattan,32.8
230,2026-03-31 07:00:00,55,230,Times Sq/Theatre District,Manhattan,56.4
230,2026-03-31 08:00:00,81,230,Times Sq/Theatre District,Manhattan,90.0
230,2026-03-31 09:00:00,130,230,Times Sq/Theatre District,Manhattan,108.1
230,2026-03-31 10:00:00,125,230,Times Sq/Theatre District,Manhattan,145.9
230,2026-03-31 11:00:00,121,230,Times Sq/Theatre District,Manhattan,141.9
230,2026-03-31 12:00:00,138,230,Times Sq/Theatre District,Manhattan,132.9
230,2026-03-31 13:00:00,133,230,Times Sq/Theatre District,Manhattan,145.8
230,2026-03-31 14:00:00,161,230,Times Sq/Theatre District,Manhattan,152.5
230,2026-03-31 15:00:00,168,230,Times Sq/Theatre District,Manhattan,161.6
230,2026-03-31 16:00:00,183,230,Times Sq/Theatre District,Manhattan,174.7
230,2026-03-31 17:00:00,213,230,Times Sq/Theatre District,Manhattan,221.0
230,2026-03-31 18:00:00,257,230,Times Sq/Theatre District,Manhattan,254.4
230,2026-03-31 19:00:00,230,230,Times Sq/Theatre District,Manhattan,235.2
230,2026-03-31 20:00:00,275,230,Times Sq/Theatre District,Manhattan,259.6
230,2026-03-31 21:00:00,530,230,Times Sq/Theatre District,Manhattan,477.6
230,2026-03-31 22:00:00,366,230,Times Sq/Theatre District,Manhattan,385.8
230,2026-03-31 23:00:00,205,230,Times Sq/Theatre District,Manhattan,174.5
234,2026-03-01 00:00:00,265,234,Union Sq,Manhattan,274.5
234,2026-03-01 01:00:00,171,234,Union Sq,Manhattan,208.1
234,2026-03-01 02:00:00,109,234,Union Sq,Manhattan,124.3
234,2026-03-01 03:00:00,76,234,Union Sq,Manhattan,75.2
234,2026-03-01 04:00:00,48,234,Union Sq,Manhattan,46.9
234,2026-03-01 05:00:00,17,234,Union Sq,Manhattan,25.7
234,2026-03-01 06:00:00,10,234,Union Sq,Manhattan,19.7
234,2026-03-01 07:00:00,9,234,Union Sq,Manhattan,17.7
234,2026-03-01 08:00:00,20,234,Union Sq,Manhattan,30.5
234,2026-03-01 09:00:00,52,234,Union Sq,Manhattan,42.4
234,2026-03-01 10:00:00,68,234,Union Sq,Manhattan,78.5
234,2026-03-01 11:00:00,93,234,Union Sq,Manhattan,93.9
234,2026-03-01 12:00:00,108,234,Union Sq,Manhattan,116.2
234,2026-03-01 13:00:00,148,234,Union Sq,Manhattan,134.4
234,2026-03-01 14:00:00,140,234,Union Sq,Manhattan,154.0
234,2026-03-01 15:00:00,155,234,Union Sq,Manhattan,136.8
234,2026-03-01 16:00:00,159,234,Union Sq,Manhattan,135.1
234,2026-03-01 17:00:00,130,234,Union Sq,Manhattan,150.6
234,2026-03-01 18:00:00,146,234,Union Sq,Manhattan,118.3
234,2026-03-01 19:00:00,117,234,Union Sq,Manhattan,120.3
234,2026-03-01 20:00:00,102,234,Union Sq,Manhattan,85.6
234,2026-03-01 21:00:00,127,234,Union Sq,Manhattan,66.0
234,2026-03-01 22:00:00,76,234,Union Sq,Manhattan,57.7
234,2026-03-01 23:00:00,40,234,Union Sq,Manhattan,28.4
234,2026-03-02 00:00:00,13,234,Union Sq,Manhattan,15.9
234,2026-03-02 01:00:00,11,234,Union Sq,Manhattan,9.4
234,2026-03-02 02:00:00,5,234,Union Sq,Manhattan,10.3
234,2026-03-02 03:00:00,1,234,Union Sq,Manhattan,8.3
234,2026-03-02 04:00:00,6,234,Union Sq,Manhattan,8.2
234,2026-03-02 05:00:00,13,234,Union Sq,Manhattan,9.6
234,2026-03-02 06:00:00,36,234,Union Sq,Manhattan,18.6
234,2026-03-02 07:00:00,50,234,Union Sq,Manhattan,41.7
234,2026-03-02 08:00:00,84,234,Union Sq,Manhattan,52.0
234,2026-03-02 09:00:00,88,234,Union Sq,Manhattan,68.9
234,2026-03-02 10:00:00,91,234,Union Sq,Manhattan,54.9
234,2026-03-02 11:00:00,119,234,Union Sq,Manhattan,60.3
234,2026-03-02 12:00:00,117,234,Union Sq,Manhattan,72.3
234,2026-03-02 13:00:00,145,234,Union Sq,Manhattan,71.4
234,2026-03-02 14:00:00,126,234,Union Sq,Manhattan,86.6
234,2026-03-02 15:00:00,147,234,Union Sq,Manhattan,80.0
234,2026-03-02 16:00:00,152,234,Union Sq,Manhattan,96.3
234,2026-03-02 17:00:00,196,234,Union Sq,Manhattan,117.2
234,2026-03-02 18:00:00,254,234,Union Sq,Manhattan,182.9
234,2026-03-02 19:00:00,195,234,Union Sq,Manhattan,205.8
234,2026-03-02 20:00:00,236,234,Union Sq,Manhattan,155.2
234,2026-03-02 21:00:00,252,234,Union Sq,Manhattan,223.9
234,2026-03-02 22:00:00,133,234,Union Sq,Manhattan,168.1
234,2026-03-02 23:00:00,57,234,Union Sq,Manhattan,61.9
234,2026-03-03 00:00:00,28,234,Union Sq,Manhattan,18.3
234,2026-03-03 01:00:00,9,234,Union Sq,Manhattan,10.3
234,2026-03-03 02:00:00,4,234,Union Sq,Manhattan,5.3
234,2026-03-03 03:00:00,2,234,Union Sq,Manhattan,4.9
234,2026-03-03 04:00:00,9,234,Union Sq,Manhattan,5.1
234,2026-03-03 05:00:00,7,234,Union Sq,Manhattan,10.9
234,2026-03-03 06:00:00,19,234,Union Sq,Manhattan,22.5
234,2026-03-03 07:00:00,46,234,Union Sq,Manhattan,42.3
234,2026-03-03 08:00:00,105,234,Union Sq,Manhattan,85.6
234,2026-03-03 09:00:00,122,234,Union Sq,Manhattan,110.6
234,2026-03-03 10:00:00,119,234,Union Sq,Manhattan,103.1
234,2026-03-03 11:00:00,129,234,Union Sq,Manhattan,124.8
234,2026-03-03 12:00:00,134,234,Union Sq,Manhattan,124.6
234,2026-03-03 13:00:00,210,234,Union Sq,Manhattan,145.5
234,2026-03-03 14:00:00,183,234,Union Sq,Manhattan,189.3
234,2026-03-03 15:00:00,224,234,Union Sq,Manhattan,182.5
234,2026-03-03 16:00:00,235,234,Union Sq,Manhattan,210.5
234,2026-03-03 17:00:00,293,234,Union Sq,Manhattan,244.4
234,2026-03-03 18:00:00,294,234,Union Sq,Manhattan,308.0
234,2026-03-03 19:00:00,345,234,Union Sq,Manhattan,264.9
234,2026-03-03 20:00:00,384,234,Union Sq,Manhattan,330.6
234,2026-03-03 21:00:00,401,234,Union Sq,Manhattan,354.6
234,2026-03-03 22:00:00,265,234,Union Sq,Manhattan,277.6
234,2026-03-03 23:00:00,140,234,Union Sq,Manhattan,139.8
234,2026-03-04 00:00:00,73,234,Union Sq,Manhattan,51.1
234,2026-03-04 01:00:00,17,234,Union Sq,Manhattan,24.3
234,2026-03-04 02:00:00,3,234,Union Sq,Manhattan,8.0
234,2026-03-04 03:00:00,5,234,Union Sq,Manhattan,5.0
234,2026-03-04 04:00:00,3,234,Union Sq,Manhattan,6.7
234,2026-03-04 05:00:00,6,234,Union Sq,Manhattan,11.5
234,2026-03-04 06:00:00,25,234,Union Sq,Manhattan,24.9
234,2026-03-04 07:00:00,49,234,Union Sq,Manhattan,62.6
234,2026-03-04 08:00:00,101,234,Union Sq,Manhattan,99.8
234,2026-03-04 09:00:00,102,234,Union Sq,Manhattan,129.3
234,2026-03-04 10:00:00,114,234,Union Sq,Manhattan,118.1
234,2026-03-04 11:00:00,128,234,Union Sq,Manhattan,125.6
234,2026-03-04 12:00:00,135,234,Union Sq,Manhattan,140.5
234,2026-03-04 13:00:00,182,234,Union Sq,Manhattan,153.6
234,2026-03-04 14:00:00,172,234,Union Sq,Manhattan,182.2
234,2026-03-04 15:00:00,175,234,Union Sq,Manhattan,181.8
234,2026-03-04 16:00:00,199,234,Union Sq,Manhattan,201.5
234,2026-03-04 17:00:00,267,234,Union Sq,Manhattan,238.1
234,2026-03-04 18:00:00,283,234,Union Sq,Manhattan,275.1
234,2026-03-04 19:00:00,297,234,Union Sq,Manhattan,292.6
234,2026-03-04 20:00:00,371,234,Union Sq,Manhattan,324.0
234,2026-03-04 21:00:00,381,234,Union Sq,Manhattan,376.6
234,2026-03-04 22:00:00,306,234,Union Sq,Manhattan,310.7
234,2026-03-04 23:00:00,144,234,Union Sq,Manhattan,178.5
234,2026-03-05 00:00:00,61,234,Union Sq,Manhattan,65.5
234,2026-03-05 01:00:00,14,234,Union Sq,Manhattan,24.3
234,2026-03-05 02:00:00,7,234,Union Sq,Manhattan,7.0
234,2026-03-05 03:00:00,5,234,Union Sq,Manhattan,5.4
234,2026-03-05 04:00:00,4,234,Union Sq,Manhattan,5.7
234,2026-03-05 05:00:00,8,234,Union Sq,Manhattan,11.3
234,2026-03-05 06:00:00,30,234,Union Sq,Manhattan,27.3
234,2026-03-05 07:00:00,62,234,Union Sq,Manhattan,58.3
234,2026-03-05 08:00:00,127,234,Union Sq,Manhattan,103.0
234,2026-03-05 09:00:00,130,234,Union Sq,Manhattan,126.9
234,2026-03-05 10:00:00,113,234,Union Sq,Manhattan,134.5
234,2026-03-05 11:00:00,132,234,Union Sq,Manhattan,130.7
234,2026-03-05 12:00:00,153,234,Union Sq,Manhattan,142.9
234,2026-03-05 13:00:00,157,234,Union Sq,Manhattan,159.3
234,2026-03-05 14:00:00,192,234,Union Sq,Manhattan,167.7
234,2026-03-05 15:00:00,191,234,Union Sq,Manhattan,189.9
234,2026-03-05 16:00:00,237,234,Union Sq,Manhattan,205.2
234,2026-03-05 17:00:00,307,234,Union Sq,Manhattan,259.4
234,2026-03-05 18:00:00,325,234,Union Sq,Manhattan,307.6
234,2026-03-05 19:00:00,366,234,Union Sq,Manhattan,311.0
234,2026-03-05 20:00:00,423,234,Union Sq,Manhattan,355.3
234,2026-03-05 21:00:00,406,234,Union Sq,Manhattan,396.1
234,2026-03-05 22:00:00,400,234,Union Sq,Manhattan,338.8
234,2026-03-05 23:00:00,237,234,Union Sq,Manhattan,265.9
234,2026-03-06 00:00:00,114,234,Union Sq,Manhattan,138.5
234,2026-03-06 01:00:00,46,234,Union Sq,Manhattan,48.2
234,2026-03-06 02:00:00,25,234,Union Sq,Manhattan,22.4
234,2026-03-06 03:00:00,12,234,Union Sq,Manhattan,11.4
234,2026-03-06 04:00:00,12,234,Union Sq,Manhattan,9.5
234,2026-03-06 05:00:00,14,234,Union Sq,Manhattan,13.9
234,2026-03-06 06:00:00,27,234,Union Sq,Manhattan,28.2
234,2026-03-06 07:00:00,40,234,Union Sq,Manhattan,53.0
234,2026-03-06 08:00:00,66,234,Union Sq,Manhattan,76.8
234,2026-03-06 09:00:00,81,234,Union Sq,Manhattan,98.7
234,2026-03-06 10:00:00,101,234,Union Sq,Manhattan,95.8
234,2026-03-06 11:00:00,118,234,Union Sq,Manhattan,126.3
234,2026-03-06 12:00:00,128,234,Union Sq,Manhattan,136.7
234,2026-03-06 13:00:00,158,234,Union Sq,Manhattan,149.2
234,2026-03-06 14:00:00,163,234,Union Sq,Manhattan,178.0
234,2026-03-06 15:00:00,193,234,Union Sq,Manhattan,186.1
234,2026-03-06 16:00:00,203,234,Union Sq,Manhattan,206.9
234,2026-03-06 17:00:00,209,234,Union Sq,Manhattan,232.9
234,2026-03-06 18:00:00,250,234,Union Sq,Manhattan,264.2
234,2026-03-06 19:00:00,260,234,Union Sq,Manhattan,260.7
234,2026-03-06 20:00:00,235,234,Union Sq,Manhattan,263.7
234,2026-03-06 21:00:00,213,234,Union Sq,Manhattan,281.6
234,2026-03-06 22:00:00,265,234,Union Sq,Manhattan,276.0
234,2026-03-06 23:00:00,259,234,Union Sq,Manhattan,271.4
234,2026-03-07 00:00:00,193,234,Union Sq,Manhattan,207.7
234,2026-03-07 01:00:00,128,234,Union Sq,Manhattan,116.3
234,2026-03-07 02:00:00,90,234,Union Sq,Manhattan,90.3
234,2026-03-07 03:00:00,56,234,Union Sq,Manhattan,54.8
234,2026-03-07 04:00:00,35,234,Union Sq,Manhattan,29.4
234,2026-03-07 05:00:00,12,234,Union Sq,Manhattan,25.0
234,2026-03-07 06:00:00,7,234,Union Sq,Manhattan,18.1
234,2026-03-07 07:00:00,10,234,Union Sq,Manhattan,18.8
234,2026-03-07 08:00:00,32,234,Union Sq,Manhattan,30.5
234,2026-03-07 09:00:00,50,234,Union Sq,Manhattan,58.8
234,2026-03-07 10:00:00,101,234,Union Sq,Manhattan,89.8
234,2026-03-07 11:00:00,134,234,Union Sq,Manhattan,129.2
234,2026-03-07 12:00:00,186,234,Union Sq,Manhattan,153.7
234,2026-03-07 13:00:00,205,234,Union Sq,Manhattan,182.7
234,2026-03-07 14:00:00,181,234,Union Sq,Manhattan,197.5
234,2026-03-07 15:00:00,197,234,Union Sq,Manhattan,195.0
234,2026-03-07 16:00:00,210,234,Union Sq,Manhattan,213.7
234,2026-03-07 17:00:00,203,234,Union Sq,Manhattan,216.5
234,2026-03-07 18:00:00,242,234,Union Sq,Manhattan,224.2
234,2026-03-07 19:00:00,267,234,Union Sq,Manhattan,233.8
234,2026-03-07 20:00:00,227,234,Union Sq,Manhattan,233.3
234,2026-03-07 21:00:00,233,234,Union Sq,Manhattan,233.0
234,2026-03-07 22:00:00,266,234,Union Sq,Manhattan,277.2
234,2026-03-07 23:00:00,254,234,Union Sq,Manhattan,279.9
234,2026-03-08 00:00:00,243,234,Union Sq,Manhattan,224.2
234,2026-03-08 01:00:00,159,234,Union Sq,Manhattan,171.6
234,2026-03-08 03:00:00,106,234,Union Sq,Manhattan,37.5
234,2026-03-08 04:00:00,80,234,Union Sq,Manhattan,57.4
234,2026-03-08 05:00:00,32,234,Union Sq,Manhattan,49.1
234,2026-03-08 06:00:00,14,234,Union Sq,Manhattan,22.1
234,2026-03-08 07:00:00,13,234,Union Sq,Manhattan,16.0
234,2026-03-08 08:00:00,24,234,Union Sq,Manhattan,22.7
234,2026-03-08 09:00:00,44,234,Union Sq,Manhattan,43.4
234,2026-03-08 10:00:00,74,234,Union Sq,Manhattan,73.5
234,2026-03-08 11:00:00,89,234,Union Sq,Manhattan,101.3
234,2026-03-08 12:00:00,119,234,Union Sq,Manhattan,122.2
234,2026-03-08 13:00:00,145,234,Union Sq,Manhattan,150.2
234,2026-03-08 14:00:00,156,234,Union Sq,Manhattan,155.1
234,2026-03-08 15:00:00,153,234,Union Sq,Manhattan,166.8
234,2026-03-08 16:00:00,147,234,Union Sq,Manhattan,167.6
234,2026-03-08 17:00:00,173,234,Union Sq,Manhattan,153.4
234,2026-03-08 18:00:00,132,234,Union Sq,Manhattan,177.0
234,2026-03-08 19:00:00,131,234,Union Sq,Manhattan,127.9
234,2026-03-08 20:00:00,116,234,Union Sq,Manhattan,122.6
234,2026-03-08 21:00:00,117,234,Union Sq,Manhattan,113.7
234,2026-03-08 22:00:00,88,234,Union Sq,Manhattan,80.6
234,2026-03-08 23:00:00,49,234,Union Sq,Manhattan,46.8
234,2026-03-09 00:00:00,27,234,Union Sq,Manhattan,18.2
234,2026-03-09 01:00:00,15,234,Union Sq,Manhattan,14.6
234,2026-03-09 02:00:00,4,234,Union Sq,Manhattan,5.6
234,2026-03-09 03:00:00,3,234,Union Sq,Manhattan,9.5
234,2026-03-09 04:00:00,3,234,Union Sq,Manhattan,7.8
234,2026-03-09 05:00:00,12,234,Union Sq,Manhattan,12.8
234,2026-03-09 06:00:00,26,234,Union Sq,Manhattan,30.0
234,2026-03-09 07:00:00,42,234,Union Sq,Manhattan,47.2
234,2026-03-09 08:00:00,60,234,Union Sq,Manhattan,67.6
234,2026-03-09 09:00:00,62,234,Union Sq,Manhattan,75.8
234,2026-03-09 10:00:00,89,234,Union Sq,Manhattan,76.2
234,2026-03-09 11:00:00,82,234,Union Sq,Manhattan,100.7
234,2026-03-09 12:00:00,95,234,Union Sq,Manhattan,106.2
234,2026-03-09 13:00:00,105,234,Union Sq,Manhattan,122.1
234,2026-03-09 14:00:00,151,234,Union Sq,Manhattan,124.2
234,2026-03-09 15:00:00,134,234,Union Sq,Manhattan,154.5
234,2026-03-09 16:00:00,150,234,Union Sq,Manhattan,149.0
234,2026-03-09 17:00:00,178,234,Union Sq,Manhattan,175.6
234,2026-03-09 18:00:00,188,234,Union Sq,Manhattan,195.2
234,2026-03-09 19:00:00,168,234,Union Sq,Manhattan,174.8
234,2026-03-09 20:00:00,229,234,Union Sq,Manhattan,178.9
234,2026-03-09 21:00:00,243,234,Union Sq,Manhattan,229.8
234,2026-03-09 22:00:00,150,234,Union Sq,Manhattan,173.2
234,2026-03-09 23:00:00,55,234,Union Sq,Manhattan,73.3
234,2026-03-10 00:00:00,27,234,Union Sq,Manhattan,25.1
234,2026-03-10 01:00:00,15,234,Union Sq,Manhattan,11.7
234,2026-03-10 02:00:00,4,234,Union Sq,Manhattan,7.4
234,2026-03-10 03:00:00,1,234,Union Sq,Manhattan,5.3
234,2026-03-10 04:00:00,1,234,Union Sq,Manhattan,5.6
234,2026-03-10 05:00:00,7,234,Union Sq,Manhattan,10.3
234,2026-03-10 06:00:00,22,234,Union Sq,Manhattan,22.7
234,2026-03-10 07:00:00,45,234,Union Sq,Manhattan,51.2
234,2026-03-10 08:00:00,97,234,Union Sq,Manhattan,87.5
234,2026-03-10 09:00:00,111,234,Union Sq,Manhattan,116.1
234,2026-03-10 10:00:00,128,234,Union Sq,Manhattan,117.4
234,2026-03-10 11:00:00,118,234,Union Sq,Manhattan,129.5
234,2026-03-10 12:00:00,131,234,Union Sq,Manhattan,127.2
234,2026-03-10 13:00:00,137,234,Union Sq,Manhattan,147.8
234,2026-03-10 14:00:00,142,234,Union Sq,Manhattan,157.0
234,2026-03-10 15:00:00,158,234,Union Sq,Manhattan,157.5
234,2026-03-10 16:00:00,180,234,Union Sq,Manhattan,172.7
234,2026-03-10 17:00:00,273,234,Union Sq,Manhattan,214.7
234,2026-03-10 18:00:00,285,234,Union Sq,Manhattan,292.1
234,2026-03-10 19:00:00,321,234,Union Sq,Manhattan,273.1
234,2026-03-10 20:00:00,336,234,Union Sq,Manhattan,341.3
234,2026-03-10 21:00:00,375,234,Union Sq,Manhattan,363.7
234,2026-03-10 22:00:00,286,234,Union Sq,Manhattan,275.7
234,2026-03-10 23:00:00,180,234,Union Sq,Manhattan,142.9
234,2026-03-11 00:00:00,67,234,Union Sq,Manhattan,72.1
234,2026-03-11 01:00:00,17,234,Union Sq,Manhattan,23.8
234,2026-03-11 02:00:00,9,234,Union Sq,Manhattan,8.0
234,2026-03-11 03:00:00,4,234,Union Sq,Manhattan,5.5
234,2026-03-11 04:00:00,3,234,Union Sq,Manhattan,5.5
234,2026-03-11 05:00:00,15,234,Union Sq,Manhattan,10.8
234,2026-03-11 06:00:00,32,234,Union Sq,Manhattan,30.5
234,2026-03-11 07:00:00,57,234,Union Sq,Manhattan,59.6
234,2026-03-11 08:00:00,120,234,Union Sq,Manhattan,94.9
234,2026-03-11 09:00:00,106,234,Union Sq,Manhattan,133.7
234,2026-03-11 10:00:00,103,234,Union Sq,Manhattan,127.8
234,2026-03-11 11:00:00,129,234,Union Sq,Manhattan,127.0
234,2026-03-11 12:00:00,124,234,Union Sq,Manhattan,142.1
234,2026-03-11 13:00:00,157,234,Union Sq,Manhattan,150.7
234,2026-03-11 14:00:00,191,234,Union Sq,Manhattan,168.8
234,2026-03-11 15:00:00,175,234,Union Sq,Manhattan,188.7
234,2026-03-11 16:00:00,203,234,Union Sq,Manhattan,193.1
234,2026-03-11 17:00:00,193,234,Union Sq,Manhattan,253.6
234,2026-03-11 18:00:00,232,234,Union Sq,Manhattan,241.9
234,2026-03-11 19:00:00,298,234,Union Sq,Manhattan,264.8
234,2026-03-11 20:00:00,393,234,Union Sq,Manhattan,320.6
234,2026-03-11 21:00:00,439,234,Union Sq,Manhattan,373.3
234,2026-03-11 22:00:00,310,234,Union Sq,Manhattan,352.2
234,2026-03-11 23:00:00,153,234,Union Sq,Manhattan,203.9
234,2026-03-12 00:00:00,123,234,Union Sq,Manhattan,73.8
234,2026-03-12 01:00:00,39,234,Union Sq,Manhattan,40.2
234,2026-03-12 02:00:00,8,234,Union Sq,Manhattan,12.4
234,2026-03-12 03:00:00,7,234,Union Sq,Manhattan,5.5
234,2026-03-12 04:00:00,5,234,Union Sq,Manhattan,5.8
234,2026-03-12 05:00:00,10,234,Union Sq,Manhattan,12.5
234,2026-03-12 06:00:00,42,234,Union Sq,Manhattan,29.7
234,2026-03-12 07:00:00,75,234,Union Sq,Manhattan,74.4
234,2026-03-12 08:00:00,122,234,Union Sq,Manhattan,113.9
234,2026-03-12 09:00:00,116,234,Union Sq,Manhattan,134.3
234,2026-03-12 10:00:00,130,234,Union Sq,Manhattan,125.1
234,2026-03-12 11:00:00,176,234,Union Sq,Manhattan,141.0
234,2026-03-12 12:00:00,165,234,Union Sq,Manhattan,171.1
234,2026-03-12 13:00:00,218,234,Union Sq,Manhattan,174.2
234,2026-03-12 14:00:00,227,234,Union Sq,Manhattan,208.9
234,2026-03-12 15:00:00,215,234,Union Sq,Manhattan,217.3
234,2026-03-12 16:00:00,319,234,Union Sq,Manhattan,233.8
234,2026-03-12 17:00:00,360,234,Union Sq,Manhattan,310.1
234,2026-03-12 18:00:00,357,234,Union Sq,Manhattan,328.1
234,2026-03-12 19:00:00,325,234,Union Sq,Manhattan,334.1
234,2026-03-12 20:00:00,391,234,Union Sq,Manhattan,378.8
234,2026-03-12 21:00:00,410,234,Union Sq,Manhattan,411.9
234,2026-03-12 22:00:00,357,234,Union Sq,Manhattan,361.2
234,2026-03-12 23:00:00,235,234,Union Sq,Manhattan,247.7
234,2026-03-13 00:00:00,90,234,Union Sq,Manhattan,158.6
234,2026-03-13 01:00:00,28,234,Union Sq,Manhattan,50.7
234,2026-03-13 02:00:00,19,234,Union Sq,Manhattan,18.8
234,2026-03-13 03:00:00,15,234,Union Sq,Manhattan,10.6
234,2026-03-13 04:00:00,20,234,Union Sq,Manhattan,10.2
234,2026-03-13 05:00:00,22,234,Union Sq,Manhattan,16.8
234,2026-03-13 06:00:00,38,234,Union Sq,Manhattan,32.8
234,2026-03-13 07:00:00,73,234,Union Sq,Manhattan,62.4
234,2026-03-13 08:00:00,82,234,Union Sq,Manhattan,96.8
234,2026-03-13 09:00:00,93,234,Union Sq,Manhattan,105.5
234,2026-03-13 10:00:00,99,234,Union Sq,Manhattan,115.8
234,2026-03-13 11:00:00,134,234,Union Sq,Manhattan,127.8
234,2026-03-13 12:00:00,164,234,Union Sq,Manhattan,150.6
234,2026-03-13 13:00:00,144,234,Union Sq,Manhattan,180.5
234,2026-03-13 14:00:00,193,234,Union Sq,Manhattan,170.5
234,2026-03-13 15:00:00,210,234,Union Sq,Manhattan,204.2
234,2026-03-13 16:00:00,226,234,Union Sq,Manhattan,227.4
234,2026-03-13 17:00:00,239,234,Union Sq,Manhattan,247.5
234,2026-03-13 18:00:00,256,234,Union Sq,Manhattan,257.6
234,2026-03-13 19:00:00,257,234,Union Sq,Manhattan,245.9
234,2026-03-13 20:00:00,256,234,Union Sq,Manhattan,243.2
234,2026-03-13 21:00:00,257,234,Union Sq,Manhattan,291.6
234,2026-03-13 22:00:00,313,234,Union Sq,Manhattan,281.9
234,2026-03-13 23:00:00,299,234,Union Sq,Manhattan,276.4
234,2026-03-14 00:00:00,215,234,Union Sq,Manhattan,220.5
234,2026-03-14 01:00:00,127,234,Union Sq,Manhattan,124.7
234,2026-03-14 02:00:00,76,234,Union Sq,Manhattan,78.9
234,2026-03-14 03:00:00,56,234,Union Sq,Manhattan,51.1
234,2026-03-14 04:00:00,38,234,Union Sq,Manhattan,33.2
234,2026-03-14 05:00:00,12,234,Union Sq,Manhattan,20.2
234,2026-03-14 06:00:00,6,234,Union Sq,Manhattan,19.5
234,2026-03-14 07:00:00,13,234,Union Sq,Manhattan,18.5
234,2026-03-14 08:00:00,32,234,Union Sq,Manhattan,33.0
234,2026-03-14 09:00:00,55,234,Union Sq,Manhattan,56.0
234,2026-03-14 10:00:00,104,234,Union Sq,Manhattan,91.9
234,2026-03-14 11:00:00,128,234,Union Sq,Manhattan,133.5
234,2026-03-14 12:00:00,151,234,Union Sq,Manhattan,161.9
234,2026-03-14 13:00:00,168,234,Union Sq,Manhattan,173.0
234,2026-03-14 14:00:00,198,234,Union Sq,Manhattan,185.5
234,2026-03-14 15:00:00,213,234,Union Sq,Manhattan,208.5
234,2026-03-14 16:00:00,221,234,Union Sq,Manhattan,217.8
234,2026-03-14 17:00:00,195,234,Union Sq,Manhattan,225.3
234,2026-03-14 18:00:00,198,234,Union Sq,Manhattan,227.7
234,2026-03-14 19:00:00,258,234,Union Sq,Manhattan,217.9
234,2026-03-14 20:00:00,228,234,Union Sq,Manhattan,228.7
234,2026-03-14 21:00:00,299,234,Union Sq,Manhattan,238.6
234,2026-03-14 22:00:00,302,234,Union Sq,Manhattan,295.6
234,2026-03-14 23:00:00,277,234,Union Sq,Manhattan,286.9
234,2026-03-15 00:00:00,237,234,Union Sq,Manhattan,236.5
234,2026-03-15 01:00:00,155,234,Union Sq,Manhattan,162.6
234,2026-03-15 02:00:00,107,234,Union Sq,Manhattan,56.6
234,2026-03-15 03:00:00,65,234,Union Sq,Manhattan,73.1
234,2026-03-15 04:00:00,53,234,Union Sq,Manhattan,52.4
234,2026-03-15 05:00:00,23,234,Union Sq,Manhattan,28.1
234,2026-03-15 06:00:00,14,234,Union Sq,Manhattan,20.5
234,2026-03-15 07:00:00,19,234,Union Sq,Manhattan,17.2
234,2026-03-15 08:00:00,19,234,Union Sq,Manhattan,26.8
234,2026-03-15 09:00:00,53,234,Union Sq,Manhattan,42.1
234,2026-03-15 10:00:00,67,234,Union Sq,Manhattan,79.5
234,2026-03-15 11:00:00,111,234,Union Sq,Manhattan,98.0
234,2026-03-15 12:00:00,117,234,Union Sq,Manhattan,131.3
234,2026-03-15 13:00:00,141,234,Union Sq,Manhattan,141.1
234,2026-03-15 14:00:00,157,234,Union Sq,Manhattan,161.9
234,2026-03-15 15:00:00,159,234,Union Sq,Manhattan,167.9
234,2026-03-15 16:00:00,156,234,Union Sq,Manhattan,168.5
234,2026-03-15 17:00:00,151,234,Union Sq,Manhattan,171.7
234,2026-03-15 18:00:00,135,234,Union Sq,Manhattan,153.8
234,2026-03-15 19:00:00,132,234,Union Sq,Manhattan,131.9
234,2026-03-15 20:00:00,122,234,Union Sq,Manhattan,128.3
234,2026-03-15 21:00:00,114,234,Union Sq,Manhattan,121.8
234,2026-03-15 22:00:00,99,234,Union Sq,Manhattan,86.4
234,2026-03-15 23:00:00,56,234,Union Sq,Manhattan,52.0
234,2026-03-16 00:00:00,17,234,Union Sq,Manhattan,26.3
234,2026-03-16 01:00:00,9,234,Union Sq,Manhattan,13.3
234,2026-03-16 02:00:00,5,234,Union Sq,Manhattan,10.0
234,2026-03-16 03:00:00,3,234,Union Sq,Manhattan,8.0
234,2026-03-16 04:00:00,8,234,Union Sq,Manhattan,8.3
234,2026-03-16 05:00:00,9,234,Union Sq,Manhattan,11.1
234,2026-03-16 06:00:00,24,234,Union Sq,Manhattan,22.7
234,2026-03-16 07:00:00,54,234,Union Sq,Manhattan,39.4
234,2026-03-16 08:00:00,67,234,Union Sq,Manhattan,65.9
234,2026-03-16 09:00:00,94,234,Union Sq,Manhattan,77.6
234,2026-03-16 10:00:00,101,234,Union Sq,Manhattan,89.0
234,2026-03-16 11:00:00,98,234,Union Sq,Manhattan,106.8
234,2026-03-16 12:00:00,121,234,Union Sq,Manhattan,107.8
234,2026-03-16 13:00:00,110,234,Union Sq,Manhattan,129.2
234,2026-03-16 14:00:00,113,234,Union Sq,Manhattan,134.2
234,2026-03-16 15:00:00,149,234,Union Sq,Manhattan,129.4
234,2026-03-16 16:00:00,213,234,Union Sq,Manhattan,155.0
234,2026-03-16 17:00:00,249,234,Union Sq,Manhattan,209.7
234,2026-03-16 18:00:00,252,234,Union Sq,Manhattan,240.6
234,2026-03-16 19:00:00,238,234,Union Sq,Manhattan,216.2
234,2026-03-16 20:00:00,179,234,Union Sq,Manhattan,236.0
234,2026-03-16 21:00:00,240,234,Union Sq,Manhattan,200.9
234,2026-03-16 22:00:00,132,234,Union Sq,Manhattan,178.9
234,2026-03-16 23:00:00,32,234,Union Sq,Manhattan,65.9
234,2026-03-17 00:00:00,14,234,Union Sq,Manhattan,19.0
234,2026-03-17 01:00:00,9,234,Union Sq,Manhattan,8.5
234,2026-03-17 02:00:00,4,234,Union Sq,Manhattan,5.1
234,2026-03-17 03:00:00,1,234,Union Sq,Manhattan,4.7
234,2026-03-17 04:00:00,2,234,Union Sq,Manhattan,5.3
234,2026-03-17 05:00:00,3,234,Union Sq,Manhattan,10.4
234,2026-03-17 06:00:00,19,234,Union Sq,Manhattan,23.4
234,2026-03-17 07:00:00,53,234,Union Sq,Manhattan,51.5
234,2026-03-17 08:00:00,111,234,Union Sq,Manhattan,89.1
234,2026-03-17 09:00:00,99,234,Union Sq,Manhattan,125.8
234,2026-03-17 10:00:00,119,234,Union Sq,Manhattan,117.9
234,2026-03-17 11:00:00,124,234,Union Sq,Manhattan,128.6
234,2026-03-17 12:00:00,121,234,Union Sq,Manhattan,135.7
234,2026-03-17 13:00:00,134,234,Union Sq,Manhattan,134.1
234,2026-03-17 14:00:00,160,234,Union Sq,Manhattan,145.9
234,2026-03-17 15:00:00,170,234,Union Sq,Manhattan,168.1
234,2026-03-17 16:00:00,173,234,Union Sq,Manhattan,193.0
234,2026-03-17 17:00:00,244,234,Union Sq,Manhattan,226.5
234,2026-03-17 18:00:00,329,234,Union Sq,Manhattan,264.5
234,2026-03-17 19:00:00,248,234,Union Sq,Manhattan,307.0
234,2026-03-17 20:00:00,329,234,Union Sq,Manhattan,274.5
234,2026-03-17 21:00:00,341,234,Union Sq,Manhattan,345.8
234,2026-03-17 22:00:00,278,234,Union Sq,Manhattan,273.0
234,2026-03-17 23:00:00,121,234,Union Sq,Manhattan,154.9
234,2026-03-18 00:00:00,41,234,Union Sq,Manhattan,55.6
234,2026-03-18 01:00:00,17,234,Union Sq,Manhattan,14.1
234,2026-03-18 02:00:00,8,234,Union Sq,Manhattan,8.1
234,2026-03-18 03:00:00,4,234,Union Sq,Manhattan,5.3
234,2026-03-18 04:00:00,8,234,Union Sq,Manhattan,5.3
234,2026-03-18 05:00:00,13,234,Union Sq,Manhattan,12.3
234,2026-03-18 06:00:00,22,234,Union Sq,Manhattan,31.5
234,2026-03-18 07:00:00,63,234,Union Sq,Manhattan,56.1
234,2026-03-18 08:00:00,106,234,Union Sq,Manhattan,107.3
234,2026-03-18 09:00:00,128,234,Union Sq,Manhattan,128.1
234,2026-03-18 10:00:00,136,234,Union Sq,Manhattan,134.6
234,2026-03-18 11:00:00,139,234,Union Sq,Manhattan,145.1
234,2026-03-18 12:00:00,170,234,Union Sq,Manhattan,145.7
234,2026-03-18 13:00:00,186,234,Union Sq,Manhattan,170.9
234,2026-03-18 14:00:00,202,234,Union Sq,Manhattan,191.0
234,2026-03-18 15:00:00,197,234,Union Sq,Manhattan,197.9
234,2026-03-18 16:00:00,236,234,Union Sq,Manhattan,205.1
234,2026-03-18 17:00:00,308,234,Union Sq,Manhattan,245.9
234,2026-03-18 18:00:00,340,234,Union Sq,Manhattan,307.2
234,2026-03-18 19:00:00,334,234,Union Sq,Manhattan,309.9
234,2026-03-18 20:00:00,391,234,Union Sq,Manhattan,351.5
234,2026-03-18 21:00:00,460,234,Union Sq,Manhattan,405.2
234,2026-03-18 22:00:00,330,234,Union Sq,Manhattan,347.9
234,2026-03-18 23:00:00,165,234,Union Sq,Manhattan,179.6
234,2026-03-19 00:00:00,60,234,Union Sq,Manhattan,91.3
234,2026-03-19 01:00:00,26,234,Union Sq,Manhattan,34.3
234,2026-03-19 02:00:00,10,234,Union Sq,Manhattan,11.7
234,2026-03-19 03:00:00,6,234,Union Sq,Manhattan,6.4
234,2026-03-19 04:00:00,2,234,Union Sq,Manhattan,6.6
234,2026-03-19 05:00:00,8,234,Union Sq,Manhattan,13.1
234,2026-03-19 06:00:00,31,234,Union Sq,Manhattan,33.2
234,2026-03-19 07:00:00,49,234,Union Sq,Manhattan,68.9
234,2026-03-19 08:00:00,111,234,Union Sq,Manhattan,98.7
234,2026-03-19 09:00:00,133,234,Union Sq,Manhattan,133.1
234,2026-03-19 10:00:00,131,234,Union Sq,Manhattan,143.9
234,2026-03-19 11:00:00,151,234,Union Sq,Manhattan,153.4
234,2026-03-19 12:00:00,170,234,Union Sq,Manhattan,166.9
234,2026-03-19 13:00:00,164,234,Union Sq,Manhattan,194.7
234,2026-03-19 14:00:00,203,234,Union Sq,Manhattan,199.9
234,2026-03-19 15:00:00,232,234,Union Sq,Manhattan,215.1
234,2026-03-19 16:00:00,240,234,Union Sq,Manhattan,257.7
234,2026-03-19 17:00:00,271,234,Union Sq,Manhattan,293.9
234,2026-03-19 18:00:00,283,234,Union Sq,Manhattan,320.0
234,2026-03-19 19:00:00,320,234,Union Sq,Manhattan,297.8
234,2026-03-19 20:00:00,385,234,Union Sq,Manhattan,351.4
234,2026-03-19 21:00:00,386,234,Union Sq,Manhattan,403.6
234,2026-03-19 22:00:00,324,234,Union Sq,Manhattan,351.1
234,2026-03-19 23:00:00,240,234,Union Sq,Manhattan,244.9
234,2026-03-20 00:00:00,135,234,Union Sq,Manhattan,134.2
234,2026-03-20 01:00:00,65,234,Union Sq,Manhattan,49.2
234,2026-03-20 02:00:00,25,234,Union Sq,Manhattan,24.9
234,2026-03-20 03:00:00,13,234,Union Sq,Manhattan,13.1
234,2026-03-20 04:00:00,12,234,Union Sq,Manhattan,12.4
234,2026-03-20 05:00:00,15,234,Union Sq,Manhattan,17.5
234,2026-03-20 06:00:00,31,234,Union Sq,Manhattan,35.3
234,2026-03-20 07:00:00,58,234,Union Sq,Manhattan,60.0
234,2026-03-20 08:00:00,53,234,Union Sq,Manhattan,92.8
234,2026-03-20 09:00:00,86,234,Union Sq,Manhattan,90.7
234,2026-03-20 10:00:00,117,234,Union Sq,Manhattan,112.7
234,2026-03-20 11:00:00,124,234,Union Sq,Manhattan,133.3
234,2026-03-20 12:00:00,110,234,Union Sq,Manhattan,153.7
234,2026-03-20 13:00:00,149,234,Union Sq,Manhattan,140.6
234,2026-03-20 14:00:00,195,234,Union Sq,Manhattan,181.5
234,2026-03-20 15:00:00,176,234,Union Sq,Manhattan,214.7
234,2026-03-20 16:00:00,188,234,Union Sq,Manhattan,211.1
234,2026-03-20 17:00:00,214,234,Union Sq,Manhattan,223.0
234,2026-03-20 18:00:00,278,234,Union Sq,Manhattan,236.9
234,2026-03-20 19:00:00,351,234,Union Sq,Manhattan,257.4
234,2026-03-20 20:00:00,305,234,Union Sq,Manhattan,307.1
234,2026-03-20 21:00:00,320,234,Union Sq,Manhattan,315.1
234,2026-03-20 22:00:00,279,234,Union Sq,Manhattan,328.0
234,2026-03-20 23:00:00,281,234,Union Sq,Manhattan,278.6
234,2026-03-21 00:00:00,253,234,Union Sq,Manhattan,208.4
234,2026-03-21 01:00:00,168,234,Union Sq,Manhattan,141.5
234,2026-03-21 02:00:00,112,234,Union Sq,Manhattan,78.8
234,2026-03-21 03:00:00,77,234,Union Sq,Manhattan,60.3
234,2026-03-21 04:00:00,48,234,Union Sq,Manhattan,43.0
234,2026-03-21 05:00:00,17,234,Union Sq,Manhattan,20.5
234,2026-03-21 06:00:00,11,234,Union Sq,Manhattan,20.1
234,2026-03-21 07:00:00,17,234,Union Sq,Manhattan,20.0
234,2026-03-21 08:00:00,32,234,Union Sq,Manhattan,32.9
234,2026-03-21 09:00:00,54,234,Union Sq,Manhattan,60.5
234,2026-03-21 10:00:00,85,234,Union Sq,Manhattan,93.7
234,2026-03-21 11:00:00,136,234,Union Sq,Manhattan,119.6
234,2026-03-21 12:00:00,147,234,Union Sq,Manhattan,150.6
234,2026-03-21 13:00:00,167,234,Union Sq,Manhattan,166.1
234,2026-03-21 14:00:00,160,234,Union Sq,Manhattan,191.8
234,2026-03-21 15:00:00,174,234,Union Sq,Manhattan,187.1
234,2026-03-21 16:00:00,220,234,Union Sq,Manhattan,198.9
234,2026-03-21 17:00:00,189,234,Union Sq,Manhattan,215.9
234,2026-03-21 18:00:00,221,234,Union Sq,Manhattan,212.7
234,2026-03-21 19:00:00,218,234,Union Sq,Manhattan,234.7
234,2026-03-21 20:00:00,234,234,Union Sq,Manhattan,212.0
234,2026-03-21 21:00:00,246,234,Union Sq,Manhattan,275.0
234,2026-03-21 22:00:00,274,234,Union Sq,Manhattan,285.5
234,2026-03-21 23:00:00,285,234,Union Sq,Manhattan,284.5
234,2026-03-22 00:00:00,238,234,Union Sq,Manhattan,247.3
234,2026-03-22 01:00:00,167,234,Union Sq,Manhattan,184.5
234,2026-03-22 02:00:00,121,234,Union Sq,Manhattan,107.7
234,2026-03-22 03:00:00,68,234,Union Sq,Manhattan,77.9
234,2026-03-22 04:00:00,47,234,Union Sq,Manhattan,47.5
234,2026-03-22 05:00:00,17,234,Union Sq,Manhattan,24.5
234,2026-03-22 06:00:00,5,234,Union Sq,Manhattan,19.5
234,2026-03-22 07:00:00,14,234,Union Sq,Manhattan,19.2
234,2026-03-22 08:00:00,16,234,Union Sq,Manhattan,22.9
234,2026-03-22 09:00:00,47,234,Union Sq,Manhattan,44.2
234,2026-03-22 10:00:00,80,234,Union Sq,Manhattan,70.6
234,2026-03-22 11:00:00,104,234,Union Sq,Manhattan,111.2
234,2026-03-22 12:00:00,140,234,Union Sq,Manhattan,128.7
234,2026-03-22 13:00:00,150,234,Union Sq,Manhattan,154.3
234,2026-03-22 14:00:00,152,234,Union Sq,Manhattan,162.4
234,2026-03-22 15:00:00,148,234,Union Sq,Manhattan,162.5
234,2026-03-22 16:00:00,149,234,Union Sq,Manhattan,166.2
234,2026-03-22 17:00:00,103,234,Union Sq,Manhattan,160.5
234,2026-03-22 18:00:00,161,234,Union Sq,Manhattan,131.9
234,2026-03-22 19:00:00,152,234,Union Sq,Manhattan,140.9
234,2026-03-22 20:00:00,145,234,Union Sq,Manhattan,135.5
234,2026-03-22 21:00:00,131,234,Union Sq,Manhattan,133.7
234,2026-03-22 22:00:00,109,234,Union Sq,Manhattan,105.9
234,2026-03-22 23:00:00,42,234,Union Sq,Manhattan,61.5
234,2026-03-23 00:00:00,23,234,Union Sq,Manhattan,16.5
234,2026-03-23 01:00:00,16,234,Union Sq,Manhattan,12.8
234,2026-03-23 02:00:00,6,234,Union Sq,Manhattan,11.9
234,2026-03-23 03:00:00,4,234,Union Sq,Manhattan,7.9
234,2026-03-23 04:00:00,3,234,Union Sq,Manhattan,8.7
234,2026-03-23 05:00:00,7,234,Union Sq,Manhattan,10.0
234,2026-03-23 06:00:00,23,234,Union Sq,Manhattan,20.7
234,2026-03-23 07:00:00,52,234,Union Sq,Manhattan,46.2
234,2026-03-23 08:00:00,74,234,Union Sq,Manhattan,68.4
234,2026-03-23 09:00:00,84,234,Union Sq,Manhattan,87.5
234,2026-03-23 10:00:00,96,234,Union Sq,Manhattan,96.7
234,2026-03-23 11:00:00,114,234,Union Sq,Manhattan,108.4
234,2026-03-23 12:00:00,131,234,Union Sq,Manhattan,128.5
234,2026-03-23 13:00:00,132,234,Union Sq,Manhattan,135.1
234,2026-03-23 14:00:00,139,234,Union Sq,Manhattan,137.0
234,2026-03-23 15:00:00,149,234,Union Sq,Manhattan,147.1
234,2026-03-23 16:00:00,139,234,Union Sq,Manhattan,165.9
234,2026-03-23 17:00:00,212,234,Union Sq,Manhattan,160.8
234,2026-03-23 18:00:00,193,234,Union Sq,Manhattan,222.9
234,2026-03-23 19:00:00,196,234,Union Sq,Manhattan,194.7
234,2026-03-23 20:00:00,181,234,Union Sq,Manhattan,190.6
234,2026-03-23 21:00:00,228,234,Union Sq,Manhattan,196.3
234,2026-03-23 22:00:00,134,234,Union Sq,Manhattan,168.5
234,2026-03-23 23:00:00,48,234,Union Sq,Manhattan,60.3
234,2026-03-24 00:00:00,20,234,Union Sq,Manhattan,18.3
234,2026-03-24 01:00:00,20,234,Union Sq,Manhattan,10.5
234,2026-03-24 02:00:00,2,234,Union Sq,Manhattan,8.5
234,2026-03-24 03:00:00,1,234,Union Sq,Manhattan,5.3
234,2026-03-24 04:00:00,1,234,Union Sq,Manhattan,5.0
234,2026-03-24 05:00:00,2,234,Union Sq,Manhattan,9.6
234,2026-03-24 06:00:00,27,234,Union Sq,Manhattan,22.4
234,2026-03-24 07:00:00,40,234,Union Sq,Manhattan,59.0
234,2026-03-24 08:00:00,88,234,Union Sq,Manhattan,77.9
234,2026-03-24 09:00:00,137,234,Union Sq,Manhattan,104.1
234,2026-03-24 10:00:00,106,234,Union Sq,Manhattan,138.9
234,2026-03-24 11:00:00,124,234,Union Sq,Manhattan,123.0
234,2026-03-24 12:00:00,159,234,Union Sq,Manhattan,134.6
234,2026-03-24 13:00:00,156,234,Union Sq,Manhattan,154.6
234,2026-03-24 14:00:00,185,234,Union Sq,Manhattan,164.4
234,2026-03-24 15:00:00,173,234,Union Sq,Manhattan,184.6
234,2026-03-24 16:00:00,217,234,Union Sq,Manhattan,174.8
234,2026-03-24 17:00:00,224,234,Union Sq,Manhattan,246.9
234,2026-03-24 18:00:00,241,234,Union Sq,Manhattan,259.0
234,2026-03-24 19:00:00,243,234,Union Sq,Manhattan,228.7
234,2026-03-24 20:00:00,283,234,Union Sq,Manhattan,267.2
234,2026-03-24 21:00:00,314,234,Union Sq,Manhattan,309.7
234,2026-03-24 22:00:00,250,234,Union Sq,Manhattan,270.0
234,2026-03-24 23:00:00,137,234,Union Sq,Manhattan,141.0
234,2026-03-25 00:00:00,53,234,Union Sq,Manhattan,56.9
234,2026-03-25 01:00:00,20,234,Union Sq,Manhattan,17.7
234,2026-03-25 02:00:00,10,234,Union Sq,Manhattan,8.7
234,2026-03-25 03:00:00,2,234,Union Sq,Manhattan,5.8
234,2026-03-25 04:00:00,2,234,Union Sq,Manhattan,6.2
234,2026-03-25 05:00:00,5,234,Union Sq,Manhattan,11.5
234,2026-03-25 06:00:00,23,234,Union Sq,Manhattan,24.1
234,2026-03-25 07:00:00,51,234,Union Sq,Manhattan,59.0
234,2026-03-25 08:00:00,101,234,Union Sq,Manhattan,95.9
234,2026-03-25 09:00:00,99,234,Union Sq,Manhattan,135.7
234,2026-03-25 10:00:00,111,234,Union Sq,Manhattan,123.0
234,2026-03-25 11:00:00,142,234,Union Sq,Manhattan,130.9
234,2026-03-25 12:00:00,168,234,Union Sq,Manhattan,160.9
234,2026-03-25 13:00:00,181,234,Union Sq,Manhattan,177.3
234,2026-03-25 14:00:00,187,234,Union Sq,Manhattan,193.5
234,2026-03-25 15:00:00,177,234,Union Sq,Manhattan,194.5
234,2026-03-25 16:00:00,190,234,Union Sq,Manhattan,214.5
234,2026-03-25 17:00:00,218,234,Union Sq,Manhattan,229.2
234,2026-03-25 18:00:00,272,234,Union Sq,Manhattan,246.8
234,2026-03-25 19:00:00,282,234,Union Sq,Manhattan,268.7
234,2026-03-25 20:00:00,314,234,Union Sq,Manhattan,292.5
234,2026-03-25 21:00:00,329,234,Union Sq,Manhattan,344.1
234,2026-03-25 22:00:00,299,234,Union Sq,Manhattan,314.6
234,2026-03-25 23:00:00,140,234,Union Sq,Manhattan,185.4
234,2026-03-26 00:00:00,75,234,Union Sq,Manhattan,67.8
234,2026-03-26 01:00:00,32,234,Union Sq,Manhattan,31.8
234,2026-03-26 02:00:00,2,234,Union Sq,Manhattan,12.6
234,2026-03-26 03:00:00,6,234,Union Sq,Manhattan,5.1
234,2026-03-26 04:00:00,6,234,Union Sq,Manhattan,5.7
234,2026-03-26 05:00:00,6,234,Union Sq,Manhattan,11.3
234,2026-03-26 06:00:00,30,234,Union Sq,Manhattan,26.9
234,2026-03-26 07:00:00,51,234,Union Sq,Manhattan,55.8
234,2026-03-26 08:00:00,81,234,Union Sq,Manhattan,97.2
234,2026-03-26 09:00:00,108,234,Union Sq,Manhattan,109.1
234,2026-03-26 10:00:00,99,234,Union Sq,Manhattan,124.8
234,2026-03-26 11:00:00,144,234,Union Sq,Manhattan,131.8
234,2026-03-26 12:00:00,134,234,Union Sq,Manhattan,161.9
234,2026-03-26 13:00:00,168,234,Union Sq,Manhattan,161.2
234,2026-03-26 14:00:00,184,234,Union Sq,Manhattan,184.9
234,2026-03-26 15:00:00,207,234,Union Sq,Manhattan,196.8
234,2026-03-26 16:00:00,192,234,Union Sq,Manhattan,211.3
234,2026-03-26 17:00:00,222,234,Union Sq,Manhattan,228.6
234,2026-03-26 18:00:00,286,234,Union Sq,Manhattan,253.6
234,2026-03-26 19:00:00,251,234,Union Sq,Manhattan,279.6
234,2026-03-26 20:00:00,297,234,Union Sq,Manhattan,269.2
234,2026-03-26 21:00:00,360,234,Union Sq,Manhattan,324.1
234,2026-03-26 22:00:00,356,234,Union Sq,Manhattan,328.2
234,2026-03-26 23:00:00,228,234,Union Sq,Manhattan,234.8
234,2026-03-27 00:00:00,119,234,Union Sq,Manhattan,134.2
234,2026-03-27 01:00:00,56,234,Union Sq,Manhattan,62.8
234,2026-03-27 02:00:00,25,234,Union Sq,Manhattan,23.8
234,2026-03-27 03:00:00,8,234,Union Sq,Manhattan,12.1
234,2026-03-27 04:00:00,10,234,Union Sq,Manhattan,7.6
234,2026-03-27 05:00:00,9,234,Union Sq,Manhattan,12.7
234,2026-03-27 06:00:00,22,234,Union Sq,Manhattan,27.8
234,2026-03-27 07:00:00,45,234,Union Sq,Manhattan,51.9
234,2026-03-27 08:00:00,67,234,Union Sq,Manhattan,73.8
234,2026-03-27 09:00:00,95,234,Union Sq,Manhattan,95.6
234,2026-03-27 10:00:00,106,234,Union Sq,Manhattan,115.6
234,2026-03-27 11:00:00,98,234,Union Sq,Manhattan,128.0
234,2026-03-27 12:00:00,118,234,Union Sq,Manhattan,120.9
234,2026-03-27 13:00:00,149,234,Union Sq,Manhattan,145.8
234,2026-03-27 14:00:00,162,234,Union Sq,Manhattan,171.5
234,2026-03-27 15:00:00,205,234,Union Sq,Manhattan,177.9
234,2026-03-27 16:00:00,164,234,Union Sq,Manhattan,197.2
234,2026-03-27 17:00:00,180,234,Union Sq,Manhattan,196.2
234,2026-03-27 18:00:00,208,234,Union Sq,Manhattan,210.1
234,2026-03-27 19:00:00,202,234,Union Sq,Manhattan,211.6
234,2026-03-27 20:00:00,226,234,Union Sq,Manhattan,226.3
234,2026-03-27 21:00:00,252,234,Union Sq,Manhattan,273.2
234,2026-03-27 22:00:00,260,234,Union Sq,Manhattan,287.3
234,2026-03-27 23:00:00,253,234,Union Sq,Manhattan,263.6
234,2026-03-28 00:00:00,234,234,Union Sq,Manhattan,217.5
234,2026-03-28 01:00:00,143,234,Union Sq,Manhattan,159.4
234,2026-03-28 02:00:00,103,234,Union Sq,Manhattan,92.3
234,2026-03-28 03:00:00,60,234,Union Sq,Manhattan,60.5
234,2026-03-28 04:00:00,48,234,Union Sq,Manhattan,37.1
234,2026-03-28 05:00:00,15,234,Union Sq,Manhattan,19.4
234,2026-03-28 06:00:00,9,234,Union Sq,Manhattan,18.8
234,2026-03-28 07:00:00,11,234,Union Sq,Manhattan,19.2
234,2026-03-28 08:00:00,28,234,Union Sq,Manhattan,30.5
234,2026-03-28 09:00:00,66,234,Union Sq,Manhattan,60.7
234,2026-03-28 10:00:00,117,234,Union Sq,Manhattan,100.7
234,2026-03-28 11:00:00,139,234,Union Sq,Manhattan,135.5
234,2026-03-28 12:00:00,162,234,Union Sq,Manhattan,150.5
234,2026-03-28 13:00:00,204,234,Union Sq,Manhattan,171.8
234,2026-03-28 14:00:00,191,234,Union Sq,Manhattan,194.5
234,2026-03-28 15:00:00,196,234,Union Sq,Manhattan,195.2
234,2026-03-28 16:00:00,220,234,Union Sq,Manhattan,202.9
234,2026-03-28 17:00:00,194,234,Union Sq,Manhattan,208.4
234,2026-03-28 18:00:00,245,234,Union Sq,Manhattan,217.5
234,2026-03-28 19:00:00,243,234,Union Sq,Manhattan,225.4
234,2026-03-28 20:00:00,214,234,Union Sq,Manhattan,226.6
234,2026-03-28 21:00:00,249,234,Union Sq,Manhattan,238.1
234,2026-03-28 22:00:00,246,234,Union Sq,Manhattan,278.9
234,2026-03-28 23:00:00,304,234,Union Sq,Manhattan,264.0
234,2026-03-29 00:00:00,220,234,Union Sq,Manhattan,258.6
234,2026-03-29 01:00:00,148,234,Union Sq,Manhattan,160.5
234,2026-03-29 02:00:00,98,234,Union Sq,Manhattan,107.3
234,2026-03-29 03:00:00,69,234,Union Sq,Manhattan,62.0
234,2026-03-29 04:00:00,47,234,Union Sq,Manhattan,46.6
234,2026-03-29 05:00:00,7,234,Union Sq,Manhattan,20.3
234,2026-03-29 06:00:00,14,234,Union Sq,Manhattan,14.8
234,2026-03-29 07:00:00,12,234,Union Sq,Manhattan,17.0
234,2026-03-29 08:00:00,21,234,Union Sq,Manhattan,19.2
234,2026-03-29 09:00:00,47,234,Union Sq,Manhattan,45.5
234,2026-03-29 10:00:00,70,234,Union Sq,Manhattan,84.4
234,2026-03-29 11:00:00,112,234,Union Sq,Manhattan,97.3
234,2026-03-29 12:00:00,128,234,Union Sq,Manhattan,137.6
234,2026-03-29 13:00:00,139,234,Union Sq,Manhattan,157.9
234,2026-03-29 14:00:00,136,234,Union Sq,Manhattan,158.3
234,2026-03-29 15:00:00,129,234,Union Sq,Manhattan,156.1
234,2026-03-29 16:00:00,132,234,Union Sq,Manhattan,153.1
234,2026-03-29 17:00:00,128,234,Union Sq,Manhattan,139.3
234,2026-03-29 18:00:00,148,234,Union Sq,Manhattan,155.1
234,2026-03-29 19:00:00,114,234,Union Sq,Manhattan,142.6
234,2026-03-29 20:00:00,119,234,Union Sq,Manhattan,120.3
234,2026-03-29 21:00:00,129,234,Union Sq,Manhattan,121.9
234,2026-03-29 22:00:00,99,234,Union Sq,Manhattan,110.8
234,2026-03-29 23:00:00,33,234,Union Sq,Manhattan,45.6
234,2026-03-30 00:00:00,24,234,Union Sq,Manhattan,19.5
234,2026-03-30 01:00:00,9,234,Union Sq,Manhattan,14.2
234,2026-03-30 02:00:00,10,234,Union Sq,Manhattan,9.9
234,2026-03-30 03:00:00,10,234,Union Sq,Manhattan,8.8
234,2026-03-30 04:00:00,13,234,Union Sq,Manhattan,9.0
234,2026-03-30 05:00:00,7,234,Union Sq,Manhattan,10.4
234,2026-03-30 06:00:00,11,234,Union Sq,Manhattan,20.0
234,2026-03-30 07:00:00,32,234,Union Sq,Manhattan,34.1
234,2026-03-30 08:00:00,77,234,Union Sq,Manhattan,55.2
234,2026-03-30 09:00:00,93,234,Union Sq,Manhattan,96.1
234,2026-03-30 10:00:00,97,234,Union Sq,Manhattan,94.2
234,2026-03-30 11:00:00,97,234,Union Sq,Manhattan,113.0
234,2026-03-30 12:00:00,115,234,Union Sq,Manhattan,117.7
234,2026-03-30 13:00:00,150,234,Union Sq,Manhattan,130.0
234,2026-03-30 14:00:00,146,234,Union Sq,Manhattan,150.3
234,2026-03-30 15:00:00,132,234,Union Sq,Manhattan,153.3
234,2026-03-30 16:00:00,147,234,Union Sq,Manhattan,139.2
234,2026-03-30 17:00:00,235,234,Union Sq,Manhattan,169.8
234,2026-03-30 18:00:00,224,234,Union Sq,Manhattan,228.8
234,2026-03-30 19:00:00,207,234,Union Sq,Manhattan,206.9
234,2026-03-30 20:00:00,187,234,Union Sq,Manhattan,197.0
234,2026-03-30 21:00:00,189,234,Union Sq,Manhattan,201.8
234,2026-03-30 22:00:00,131,234,Union Sq,Manhattan,150.1
234,2026-03-30 23:00:00,74,234,Union Sq,Manhattan,59.8
234,2026-03-31 00:00:00,39,234,Union Sq,Manhattan,29.4
234,2026-03-31 01:00:00,5,234,Union Sq,Manhattan,16.5
234,2026-03-31 02:00:00,2,234,Union Sq,Manhattan,5.4
234,2026-03-31 03:00:00,2,234,Union Sq,Manhattan,5.4
234,2026-03-31 05:00:00,6,234,Union Sq,Manhattan,9.6
234,2026-03-31 06:00:00,18,234,Union Sq,Manhattan,24.2
234,2026-03-31 07:00:00,44,234,Union Sq,Manhattan,44.2
234,2026-03-31 08:00:00,84,234,Union Sq,Manhattan,86.9
234,2026-03-31 09:00:00,107,234,Union Sq,Manhattan,115.7
234,2026-03-31 10:00:00,90,234,Union Sq,Manhattan,114.4
234,2026-03-31 11:00:00,105,234,Union Sq,Manhattan,107.3
234,2026-03-31 12:00:00,132,234,Union Sq,Manhattan,129.4
234,2026-03-31 13:00:00,146,234,Union Sq,Manhattan,150.3
234,2026-03-31 14:00:00,200,234,Union Sq,Manhattan,163.2
234,2026-03-31 15:00:00,195,234,Union Sq,Manhattan,192.5
234,2026-03-31 16:00:00,180,234,Union Sq,Manhattan,204.4
234,2026-03-31 17:00:00,239,234,Union Sq,Manhattan,228.2
234,2026-03-31 18:00:00,244,234,Union Sq,Manhattan,256.2
234,2026-03-31 19:00:00,217,234,Union Sq,Manhattan,233.7
234,2026-03-31 20:00:00,258,234,Union Sq,Manhattan,236.8
234,2026-03-31 21:00:00,265,234,Union Sq,Manhattan,289.0
234,2026-03-31 22:00:00,203,234,Union Sq,Manhattan,229.2
234,2026-03-31 23:00:00,108,234,Union Sq,Manhattan,120.2
236,2026-03-01 00:00:00,58,236,Upper East Side North,Manhattan,50.8
236,2026-03-01 01:00:00,30,236,Upper East Side North,Manhattan,19.0
236,2026-03-01 02:00:00,9,236,Upper East Side North,Manhattan,13.0
236,2026-03-01 03:00:00,7,236,Upper East Side North,Manhattan,6.5
236,2026-03-01 04:00:00,7,236,Upper East Side North,Manhattan,10.9
236,2026-03-01 05:00:00,8,236,Upper East Side North,Manhattan,10.4
236,2026-03-01 06:00:00,18,236,Upper East Side North,Manhattan,23.8
236,2026-03-01 07:00:00,55,236,Upper East Side North,Manhattan,44.1
236,2026-03-01 08:00:00,96,236,Upper East Side North,Manhattan,104.0
236,2026-03-01 09:00:00,149,236,Upper East Side North,Manhattan,161.5
236,2026-03-01 10:00:00,199,236,Upper East Side North,Manhattan,196.9
236,2026-03-01 11:00:00,269,236,Upper East Side North,Manhattan,222.9
236,2026-03-01 12:00:00,334,236,Upper East Side North,Manhattan,275.1
236,2026-03-01 13:00:00,322,236,Upper East Side North,Manhattan,312.2
236,2026-03-01 14:00:00,251,236,Upper East Side North,Manhattan,293.4
236,2026-03-01 15:00:00,251,236,Upper East Side North,Manhattan,242.1
236,2026-03-01 16:00:00,245,236,Upper East Side North,Manhattan,244.6
236,2026-03-01 17:00:00,295,236,Upper East Side North,Manhattan,236.0
236,2026-03-01 18:00:00,230,236,Upper East Side North,Manhattan,261.0
236,2026-03-01 19:00:00,161,236,Upper East Side North,Manhattan,179.6
236,2026-03-01 20:00:00,149,236,Upper East Side North,Manhattan,99.8
236,2026-03-01 21:00:00,154,236,Upper East Side North,Manhattan,71.9
236,2026-03-01 22:00:00,37,236,Upper East Side North,Manhattan,64.4
236,2026-03-01 23:00:00,29,236,Upper East Side North,Manhattan,16.2
236,2026-03-02 00:00:00,6,236,Upper East Side North,Manhattan,13.4
236,2026-03-02 01:00:00,5,236,Upper East Side North,Manhattan,7.0
236,2026-03-02 03:00:00,1,236,Upper East Side North,Manhattan,4.2
236,2026-03-02 04:00:00,11,236,Upper East Side North,Manhattan,5.9
236,2026-03-02 05:00:00,26,236,Upper East Side North,Manhattan,14.1
236,2026-03-02 06:00:00,119,236,Upper East Side North,Manhattan,41.7
236,2026-03-02 07:00:00,282,236,Upper East Side North,Manhattan,171.8
236,2026-03-02 08:00:00,438,236,Upper East Side North,Manhattan,321.8
236,2026-03-02 09:00:00,352,236,Upper East Side North,Manhattan,352.5
236,2026-03-02 10:00:00,324,236,Upper East Side North,Manhattan,314.7
236,2026-03-02 11:00:00,320,236,Upper East Side North,Manhattan,325.5
236,2026-03-02 12:00:00,340,236,Upper East Side North,Manhattan,332.4
236,2026-03-02 13:00:00,341,236,Upper East Side North,Manhattan,348.1
236,2026-03-02 14:00:00,373,236,Upper East Side North,Manhattan,319.1
236,2026-03-02 15:00:00,511,236,Upper East Side North,Manhattan,343.7
236,2026-03-02 16:00:00,361,236,Upper East Side North,Manhattan,348.1
236,2026-03-02 17:00:00,393,236,Upper East Side North,Manhattan,377.7
236,2026-03-02 18:00:00,366,236,Upper East Side North,Manhattan,351.8
236,2026-03-02 19:00:00,310,236,Upper East Side North,Manhattan,266.6
236,2026-03-02 20:00:00,241,236,Upper East Side North,Manhattan,239.0
236,2026-03-02 21:00:00,220,236,Upper East Side North,Manhattan,186.5
236,2026-03-02 22:00:00,70,236,Upper East Side North,Manhattan,106.2
236,2026-03-02 23:00:00,17,236,Upper East Side North,Manhattan,24.7
236,2026-03-03 00:00:00,3,236,Upper East Side North,Manhattan,8.1
236,2026-03-03 01:00:00,4,236,Upper East Side North,Manhattan,4.6
236,2026-03-03 04:00:00,2,236,Upper East Side North,Manhattan,6.5
236,2026-03-03 05:00:00,20,236,Upper East Side North,Manhattan,16.1
236,2026-03-03 06:00:00,99,236,Upper East Side North,Manhattan,99.0
236,2026-03-03 07:00:00,313,236,Upper East Side North,Manhattan,314.9
236,2026-03-03 08:00:00,485,236,Upper East Side North,Manhattan,404.7
236,2026-03-03 09:00:00,448,236,Upper East Side North,Manhattan,399.9
236,2026-03-03 10:00:00,373,236,Upper East Side North,Manhattan,387.4
236,2026-03-03 11:00:00,391,236,Upper East Side North,Manhattan,369.5
236,2026-03-03 12:00:00,432,236,Upper East Side North,Manhattan,386.0
236,2026-03-03 13:00:00,408,236,Upper East Side North,Manhattan,393.1
236,2026-03-03 14:00:00,465,236,Upper East Side North,Manhattan,426.3
236,2026-03-03 15:00:00,603,236,Upper East Side North,Manhattan,534.7
236,2026-03-03 16:00:00,448,236,Upper East Side North,Manhattan,467.9
236,2026-03-03 17:00:00,473,236,Upper East Side North,Manhattan,470.5
236,2026-03-03 18:00:00,450,236,Upper East Side North,Manhattan,469.1
236,2026-03-03 19:00:00,323,236,Upper East Side North,Manhattan,328.0
236,2026-03-03 20:00:00,306,236,Upper East Side North,Manhattan,264.5
236,2026-03-03 21:00:00,211,236,Upper East Side North,Manhattan,237.4
236,2026-03-03 22:00:00,75,236,Upper East Side North,Manhattan,107.1
236,2026-03-03 23:00:00,29,236,Upper East Side North,Manhattan,31.4
236,2026-03-04 00:00:00,13,236,Upper East Side North,Manhattan,10.1
236,2026-03-04 01:00:00,3,236,Upper East Side North,Manhattan,6.2
236,2026-03-04 02:00:00,1,236,Upper East Side North,Manhattan,4.6
236,2026-03-04 04:00:00,10,236,Upper East Side North,Manhattan,5.6
236,2026-03-04 05:00:00,22,236,Upper East Side North,Manhattan,23.8
236,2026-03-04 06:00:00,99,236,Upper East Side North,Manhattan,100.1
236,2026-03-04 07:00:00,351,236,Upper East Side North,Manhattan,301.8
236,2026-03-04 08:00:00,421,236,Upper East Side North,Manhattan,440.6
236,2026-03-04 09:00:00,404,236,Upper East Side North,Manhattan,412.7
236,2026-03-04 10:00:00,357,236,Upper East Side North,Manhattan,384.2
236,2026-03-04 11:00:00,329,236,Upper East Side North,Manhattan,376.2
236,2026-03-04 12:00:00,365,236,Upper East Side North,Manhattan,379.3
236,2026-03-04 13:00:00,348,236,Upper East Side North,Manhattan,375.0
236,2026-03-04 14:00:00,358,236,Upper East Side North,Manhattan,401.4
236,2026-03-04 15:00:00,477,236,Upper East Side North,Manhattan,453.0
236,2026-03-04 16:00:00,374,236,Upper East Side North,Manhattan,424.3
236,2026-03-04 17:00:00,396,236,Upper East Side North,Manhattan,423.4
236,2026-03-04 18:00:00,447,236,Upper East Side North,Manhattan,405.0
236,2026-03-04 19:00:00,363,236,Upper East Side North,Manhattan,327.5
236,2026-03-04 20:00:00,269,236,Upper East Side North,Manhattan,296.3
236,2026-03-04 21:00:00,195,236,Upper East Side North,Manhattan,217.2
236,2026-03-04 22:00:00,100,236,Upper East Side North,Manhattan,98.9
236,2026-03-04 23:00:00,36,236,Upper East Side North,Manhattan,47.7
236,2026-03-05 00:00:00,15,236,Upper East Side North,Manhattan,12.3
236,2026-03-05 01:00:00,6,236,Upper East Side North,Manhattan,6.9
236,2026-03-05 03:00:00,1,236,Upper East Side North,Manhattan,4.8
236,2026-03-05 05:00:00,32,236,Upper East Side North,Manhattan,23.1
236,2026-03-05 06:00:00,101,236,Upper East Side North,Manhattan,101.9
236,2026-03-05 07:00:00,307,236,Upper East Side North,Manhattan,319.6
236,2026-03-05 08:00:00,472,236,Upper East Side North,Manhattan,401.5
236,2026-03-05 09:00:00,427,236,Upper East Side North,Manhattan,413.0
236,2026-03-05 10:00:00,392,236,Upper East Side North,Manhattan,377.7
236,2026-03-05 11:00:00,394,236,Upper East Side North,Manhattan,388.2
236,2026-03-05 12:00:00,396,236,Upper East Side North,Manhattan,395.4
236,2026-03-05 13:00:00,355,236,Upper East Side North,Manhattan,370.4
236,2026-03-05 14:00:00,433,236,Upper East Side North,Manhattan,393.9
236,2026-03-05 15:00:00,545,236,Upper East Side North,Manhattan,505.8
236,2026-03-05 16:00:00,396,236,Upper East Side North,Manhattan,443.2
236,2026-03-05 17:00:00,479,236,Upper East Side North,Manhattan,440.9
236,2026-03-05 18:00:00,519,236,Upper East Side North,Manhattan,481.3
236,2026-03-05 19:00:00,355,236,Upper East Side North,Manhattan,369.1
236,2026-03-05 20:00:00,297,236,Upper East Side North,Manhattan,279.5
236,2026-03-05 21:00:00,280,236,Upper East Side North,Manhattan,228.4
236,2026-03-05 22:00:00,133,236,Upper East Side North,Manhattan,156.3
236,2026-03-05 23:00:00,67,236,Upper East Side North,Manhattan,50.1
236,2026-03-06 00:00:00,12,236,Upper East Side North,Manhattan,22.7
236,2026-03-06 01:00:00,3,236,Upper East Side North,Manhattan,7.0
236,2026-03-06 02:00:00,1,236,Upper East Side North,Manhattan,5.3
236,2026-03-06 03:00:00,2,236,Upper East Side North,Manhattan,5.3
236,2026-03-06 04:00:00,10,236,Upper East Side North,Manhattan,6.0
236,2026-03-06 05:00:00,27,236,Upper East Side North,Manhattan,22.8
236,2026-03-06 06:00:00,86,236,Upper East Side North,Manhattan,90.5
236,2026-03-06 07:00:00,304,236,Upper East Side North,Manhattan,270.6
236,2026-03-06 08:00:00,357,236,Upper East Side North,Manhattan,404.4
236,2026-03-06 09:00:00,348,236,Upper East Side North,Manhattan,359.0
236,2026-03-06 10:00:00,304,236,Upper East Side North,Manhattan,358.7
236,2026-03-06 11:00:00,355,236,Upper East Side North,Manhattan,337.7
236,2026-03-06 12:00:00,391,236,Upper East Side North,Manhattan,386.1
236,2026-03-06 13:00:00,433,236,Upper East Side North,Manhattan,375.3
236,2026-03-06 14:00:00,425,236,Upper East Side North,Manhattan,430.3
236,2026-03-06 15:00:00,528,236,Upper East Side North,Manhattan,487.6
236,2026-03-06 16:00:00,394,236,Upper East Side North,Manhattan,417.7
236,2026-03-06 17:00:00,401,236,Upper East Side North,Manhattan,431.3
236,2026-03-06 18:00:00,435,236,Upper East Side North,Manhattan,436.5
236,2026-03-06 19:00:00,296,236,Upper East Side North,Manhattan,326.2
236,2026-03-06 20:00:00,248,236,Upper East Side North,Manhattan,265.1
236,2026-03-06 21:00:00,229,236,Upper East Side North,Manhattan,218.3
236,2026-03-06 22:00:00,123,236,Upper East Side North,Manhattan,151.0
236,2026-03-06 23:00:00,89,236,Upper East Side North,Manhattan,76.3
236,2026-03-07 00:00:00,39,236,Upper East Side North,Manhattan,44.8
236,2026-03-07 01:00:00,20,236,Upper East Side North,Manhattan,18.8
236,2026-03-07 02:00:00,5,236,Upper East Side North,Manhattan,10.0
236,2026-03-07 03:00:00,3,236,Upper East Side North,Manhattan,5.6
236,2026-03-07 04:00:00,5,236,Upper East Side North,Manhattan,6.9
236,2026-03-07 05:00:00,11,236,Upper East Side North,Manhattan,11.7
236,2026-03-07 06:00:00,24,236,Upper East Side North,Manhattan,25.1
236,2026-03-07 07:00:00,61,236,Upper East Side North,Manhattan,59.7
236,2026-03-07 08:00:00,107,236,Upper East Side North,Manhattan,122.0
236,2026-03-07 09:00:00,204,236,Upper East Side North,Manhattan,181.3
236,2026-03-07 10:00:00,217,236,Upper East Side North,Manhattan,256.9
236,2026-03-07 11:00:00,256,236,Upper East Side North,Manhattan,277.3
236,2026-03-07 12:00:00,328,236,Upper East Side North,Manhattan,317.6
236,2026-03-07 13:00:00,336,236,Upper East Side North,Manhattan,344.6
236,2026-03-07 14:00:00,295,236,Upper East Side North,Manhattan,345.2
236,2026-03-07 15:00:00,300,236,Upper East Side North,Manhattan,304.5
236,2026-03-07 16:00:00,292,236,Upper East Side North,Manhattan,302.2
236,2026-03-07 17:00:00,382,236,Upper East Side North,Manhattan,315.0
236,2026-03-07 18:00:00,417,236,Upper East Side North,Manhattan,354.6
236,2026-03-07 19:00:00,312,236,Upper East Side North,Manhattan,294.1
236,2026-03-07 20:00:00,213,236,Upper East Side North,Manhattan,221.1
236,2026-03-07 21:00:00,182,236,Upper East Side North,Manhattan,187.6
236,2026-03-07 22:00:00,147,236,Upper East Side North,Manhattan,130.8
236,2026-03-07 23:00:00,106,236,Upper East Side North,Manhattan,95.5
236,2026-03-08 00:00:00,76,236,Upper East Side North,Manhattan,51.2
236,2026-03-08 01:00:00,31,236,Upper East Side North,Manhattan,33.8
236,2026-03-08 03:00:00,15,236,Upper East Side North,Manhattan,5.3
236,2026-03-08 04:00:00,11,236,Upper East Side North,Manhattan,8.4
236,2026-03-08 05:00:00,11,236,Upper East Side North,Manhattan,10.7
236,2026-03-08 06:00:00,16,236,Upper East Side North,Manhattan,19.4
236,2026-03-08 07:00:00,33,236,Upper East Side North,Manhattan,44.3
236,2026-03-08 08:00:00,82,236,Upper East Side North,Manhattan,78.7
236,2026-03-08 09:00:00,150,236,Upper East Side North,Manhattan,153.2
236,2026-03-08 10:00:00,193,236,Upper East Side North,Manhattan,205.0
236,2026-03-08 11:00:00,236,236,Upper East Side North,Manhattan,237.3
236,2026-03-08 12:00:00,300,236,Upper East Side North,Manhattan,290.3
236,2026-03-08 13:00:00,264,236,Upper East Side North,Manhattan,304.9
236,2026-03-08 14:00:00,274,236,Upper East Side North,Manhattan,260.4
236,2026-03-08 15:00:00,249,236,Upper East Side North,Manhattan,265.1
236,2026-03-08 16:00:00,296,236,Upper East Side North,Manhattan,249.2
236,2026-03-08 17:00:00,276,236,Upper East Side North,Manhattan,297.2
236,2026-03-08 18:00:00,192,236,Upper East Side North,Manhattan,246.0
236,2026-03-08 19:00:00,189,236,Upper East Side North,Manhattan,146.7
236,2026-03-08 20:00:00,145,236,Upper East Side North,Manhattan,148.8
236,2026-03-08 21:00:00,102,236,Upper East Side North,Manhattan,136.1
236,2026-03-08 22:00:00,48,236,Upper East Side North,Manhattan,52.6
236,2026-03-08 23:00:00,17,236,Upper East Side North,Manhattan,24.7
236,2026-03-09 00:00:00,8,236,Upper East Side North,Manhattan,11.0
236,2026-03-09 01:00:00,1,236,Upper East Side North,Manhattan,6.9
236,2026-03-09 02:00:00,3,236,Upper East Side North,Manhattan,3.7
236,2026-03-09 03:00:00,2,236,Upper East Side North,Manhattan,4.8
236,2026-03-09 04:00:00,6,236,Upper East Side North,Manhattan,6.8
236,2026-03-09 05:00:00,25,236,Upper East Side North,Manhattan,19.4
236,2026-03-09 06:00:00,83,236,Upper East Side North,Manhattan,77.2
236,2026-03-09 07:00:00,305,236,Upper East Side North,Manhattan,248.9
236,2026-03-09 08:00:00,375,236,Upper East Side North,Manhattan,390.3
236,2026-03-09 09:00:00,323,236,Upper East Side North,Manhattan,350.0
236,2026-03-09 10:00:00,271,236,Upper East Side North,Manhattan,318.8
236,2026-03-09 11:00:00,291,236,Upper East Side North,Manhattan,298.1
236,2026-03-09 12:00:00,368,236,Upper East Side North,Manhattan,327.5
236,2026-03-09 13:00:00,278,236,Upper East Side North,Manhattan,355.0
236,2026-03-09 14:00:00,308,236,Upper East Side North,Manhattan,316.2
236,2026-03-09 15:00:00,460,236,Upper East Side North,Manhattan,359.7
236,2026-03-09 16:00:00,367,236,Upper East Side North,Manhattan,391.8
236,2026-03-09 17:00:00,357,236,Upper East Side North,Manhattan,392.1
236,2026-03-09 18:00:00,375,236,Upper East Side North,Manhattan,346.0
236,2026-03-09 19:00:00,234,236,Upper East Side North,Manhattan,287.1
236,2026-03-09 20:00:00,197,236,Upper East Side North,Manhattan,202.1
236,2026-03-09 21:00:00,163,236,Upper East Side North,Manhattan,175.8
236,2026-03-09 22:00:00,76,236,Upper East Side North,Manhattan,69.6
236,2026-03-09 23:00:00,13,236,Upper East Side North,Manhattan,24.6
236,2026-03-10 00:00:00,9,236,Upper East Side North,Manhattan,6.7
236,2026-03-10 01:00:00,4,236,Upper East Side North,Manhattan,4.8
236,2026-03-10 02:00:00,1,236,Upper East Side North,Manhattan,4.5
236,2026-03-10 03:00:00,3,236,Upper East Side North,Manhattan,4.6
236,2026-03-10 04:00:00,2,236,Upper East Side North,Manhattan,6.1
236,2026-03-10 05:00:00,22,236,Upper East Side North,Manhattan,20.0
236,2026-03-10 06:00:00,93,236,Upper East Side North,Manhattan,92.7
236,2026-03-10 07:00:00,298,236,Upper East Side North,Manhattan,315.5
236,2026-03-10 08:00:00,438,236,Upper East Side North,Manhattan,422.2
236,2026-03-10 09:00:00,359,236,Upper East Side North,Manhattan,412.2
236,2026-03-10 10:00:00,324,236,Upper East Side North,Manhattan,348.2
236,2026-03-10 11:00:00,307,236,Upper East Side North,Manhattan,352.6
236,2026-03-10 12:00:00,371,236,Upper East Side North,Manhattan,377.2
236,2026-03-10 13:00:00,305,236,Upper East Side North,Manhattan,371.6
236,2026-03-10 14:00:00,384,236,Upper East Side North,Manhattan,353.0
236,2026-03-10 15:00:00,455,236,Upper East Side North,Manhattan,459.5
236,2026-03-10 16:00:00,373,236,Upper East Side North,Manhattan,424.7
236,2026-03-10 17:00:00,406,236,Upper East Side North,Manhattan,425.0
236,2026-03-10 18:00:00,405,236,Upper East Side North,Manhattan,422.5
236,2026-03-10 19:00:00,304,236,Upper East Side North,Manhattan,296.9
236,2026-03-10 20:00:00,240,236,Upper East Side North,Manhattan,274.8
236,2026-03-10 21:00:00,162,236,Upper East Side North,Manhattan,200.9
236,2026-03-10 22:00:00,95,236,Upper East Side North,Manhattan,81.4
236,2026-03-10 23:00:00,29,236,Upper East Side North,Manhattan,33.1
236,2026-03-11 00:00:00,12,236,Upper East Side North,Manhattan,11.3
236,2026-03-11 01:00:00,3,236,Upper East Side North,Manhattan,6.0
236,2026-03-11 02:00:00,3,236,Upper East Side North,Manhattan,4.8
236,2026-03-11 03:00:00,5,236,Upper East Side North,Manhattan,4.9
236,2026-03-11 04:00:00,6,236,Upper East Side North,Manhattan,6.4
236,2026-03-11 05:00:00,19,236,Upper East Side North,Manhattan,20.8
236,2026-03-11 06:00:00,88,236,Upper East Side North,Manhattan,93.1
236,2026-03-11 07:00:00,323,236,Upper East Side North,Manhattan,301.5
236,2026-03-11 08:00:00,402,236,Upper East Side North,Manhattan,421.9
236,2026-03-11 09:00:00,402,236,Upper East Side North,Manhattan,382.6
236,2026-03-11 10:00:00,352,236,Upper East Side North,Manhattan,368.1
236,2026-03-11 11:00:00,336,236,Upper East Side North,Manhattan,349.5
236,2026-03-11 12:00:00,392,236,Upper East Side North,Manhattan,377.1
236,2026-03-11 13:00:00,315,236,Upper East Side North,Manhattan,348.3
236,2026-03-11 14:00:00,379,236,Upper East Side North,Manhattan,364.0
236,2026-03-11 15:00:00,436,236,Upper East Side North,Manhattan,449.7
236,2026-03-11 16:00:00,404,236,Upper East Side North,Manhattan,381.6
236,2026-03-11 17:00:00,413,236,Upper East Side North,Manhattan,411.4
236,2026-03-11 18:00:00,409,236,Upper East Side North,Manhattan,411.1
236,2026-03-11 19:00:00,285,236,Upper East Side North,Manhattan,314.2
236,2026-03-11 20:00:00,255,236,Upper East Side North,Manhattan,250.7
236,2026-03-11 21:00:00,222,236,Upper East Side North,Manhattan,202.4
236,2026-03-11 22:00:00,91,236,Upper East Side North,Manhattan,122.7
236,2026-03-11 23:00:00,30,236,Upper East Side North,Manhattan,38.9
236,2026-03-12 00:00:00,15,236,Upper East Side North,Manhattan,13.5
236,2026-03-12 01:00:00,4,236,Upper East Side North,Manhattan,6.8
236,2026-03-12 02:00:00,2,236,Upper East Side North,Manhattan,4.9
236,2026-03-12 03:00:00,1,236,Upper East Side North,Manhattan,5.0
236,2026-03-12 04:00:00,12,236,Upper East Side North,Manhattan,6.1
236,2026-03-12 05:00:00,29,236,Upper East Side North,Manhattan,29.2
236,2026-03-12 06:00:00,92,236,Upper East Side North,Manhattan,92.7
236,2026-03-12 07:00:00,304,236,Upper East Side North,Manhattan,267.6
236,2026-03-12 08:00:00,448,236,Upper East Side North,Manhattan,413.2
236,2026-03-12 09:00:00,435,236,Upper East Side North,Manhattan,391.4
236,2026-03-12 10:00:00,380,236,Upper East Side North,Manhattan,384.1
236,2026-03-12 11:00:00,429,236,Upper East Side North,Manhattan,382.5
236,2026-03-12 12:00:00,451,236,Upper East Side North,Manhattan,417.6
236,2026-03-12 13:00:00,475,236,Upper East Side North,Manhattan,388.5
236,2026-03-12 14:00:00,496,236,Upper East Side North,Manhattan,453.7
236,2026-03-12 15:00:00,619,236,Upper East Side North,Manhattan,541.7
236,2026-03-12 16:00:00,548,236,Upper East Side North,Manhattan,498.1
236,2026-03-12 17:00:00,516,236,Upper East Side North,Manhattan,490.0
236,2026-03-12 18:00:00,446,236,Upper East Side North,Manhattan,486.6
236,2026-03-12 19:00:00,314,236,Upper East Side North,Manhattan,343.4
236,2026-03-12 20:00:00,223,236,Upper East Side North,Manhattan,271.4
236,2026-03-12 21:00:00,257,236,Upper East Side North,Manhattan,217.5
236,2026-03-12 22:00:00,111,236,Upper East Side North,Manhattan,147.1
236,2026-03-12 23:00:00,30,236,Upper East Side North,Manhattan,53.3
236,2026-03-13 00:00:00,17,236,Upper East Side North,Manhattan,14.4
236,2026-03-13 01:00:00,6,236,Upper East Side North,Manhattan,8.3
236,2026-03-13 02:00:00,4,236,Upper East Side North,Manhattan,5.6
236,2026-03-13 03:00:00,6,236,Upper East Side North,Manhattan,5.6
236,2026-03-13 04:00:00,7,236,Upper East Side North,Manhattan,8.5
236,2026-03-13 05:00:00,19,236,Upper East Side North,Manhattan,21.9
236,2026-03-13 06:00:00,91,236,Upper East Side North,Manhattan,78.6
236,2026-03-13 07:00:00,271,236,Upper East Side North,Manhattan,290.6
236,2026-03-13 08:00:00,402,236,Upper East Side North,Manhattan,370.2
236,2026-03-13 09:00:00,382,236,Upper East Side North,Manhattan,383.5
236,2026-03-13 10:00:00,348,236,Upper East Side North,Manhattan,364.1
236,2026-03-13 11:00:00,313,236,Upper East Side North,Manhattan,379.1
236,2026-03-13 12:00:00,420,236,Upper East Side North,Manhattan,381.9
236,2026-03-13 13:00:00,386,236,Upper East Side North,Manhattan,425.7
236,2026-03-13 14:00:00,431,236,Upper East Side North,Manhattan,416.2
236,2026-03-13 15:00:00,553,236,Upper East Side North,Manhattan,505.5
236,2026-03-13 16:00:00,449,236,Upper East Side North,Manhattan,483.1
236,2026-03-13 17:00:00,440,236,Upper East Side North,Manhattan,451.6
236,2026-03-13 18:00:00,446,236,Upper East Side North,Manhattan,450.4
236,2026-03-13 19:00:00,310,236,Upper East Side North,Manhattan,319.4
236,2026-03-13 20:00:00,269,236,Upper East Side North,Manhattan,241.0
236,2026-03-13 21:00:00,238,236,Upper East Side North,Manhattan,229.5
236,2026-03-13 22:00:00,166,236,Upper East Side North,Manhattan,147.3
236,2026-03-13 23:00:00,77,236,Upper East Side North,Manhattan,82.1
236,2026-03-14 00:00:00,40,236,Upper East Side North,Manhattan,40.8
236,2026-03-14 01:00:00,13,236,Upper East Side North,Manhattan,18.3
236,2026-03-14 02:00:00,8,236,Upper East Side North,Manhattan,7.9
236,2026-03-14 03:00:00,5,236,Upper East Side North,Manhattan,6.7
236,2026-03-14 04:00:00,9,236,Upper East Side North,Manhattan,6.6
236,2026-03-14 05:00:00,13,236,Upper East Side North,Manhattan,12.2
236,2026-03-14 06:00:00,21,236,Upper East Side North,Manhattan,29.8
236,2026-03-14 07:00:00,68,236,Upper East Side North,Manhattan,68.0
236,2026-03-14 08:00:00,123,236,Upper East Side North,Manhattan,132.5
236,2026-03-14 09:00:00,230,236,Upper East Side North,Manhattan,201.7
236,2026-03-14 10:00:00,243,236,Upper East Side North,Manhattan,254.6
236,2026-03-14 11:00:00,274,236,Upper East Side North,Manhattan,274.7
236,2026-03-14 12:00:00,385,236,Upper East Side North,Manhattan,335.2
236,2026-03-14 13:00:00,321,236,Upper East Side North,Manhattan,367.3
236,2026-03-14 14:00:00,311,236,Upper East Side North,Manhattan,343.6
236,2026-03-14 15:00:00,323,236,Upper East Side North,Manhattan,348.9
236,2026-03-14 16:00:00,314,236,Upper East Side North,Manhattan,335.3
236,2026-03-14 17:00:00,360,236,Upper East Side North,Manhattan,342.3
236,2026-03-14 18:00:00,393,236,Upper East Side North,Manhattan,343.4
236,2026-03-14 19:00:00,298,236,Upper East Side North,Manhattan,292.3
236,2026-03-14 20:00:00,256,236,Upper East Side North,Manhattan,224.9
236,2026-03-14 21:00:00,244,236,Upper East Side North,Manhattan,213.2
236,2026-03-14 22:00:00,153,236,Upper East Side North,Manhattan,183.8
236,2026-03-14 23:00:00,132,236,Upper East Side North,Manhattan,94.8
236,2026-03-15 00:00:00,55,236,Upper East Side North,Manhattan,61.2
236,2026-03-15 01:00:00,20,236,Upper East Side North,Manhattan,24.7
236,2026-03-15 02:00:00,15,236,Upper East Side North,Manhattan,8.7
236,2026-03-15 03:00:00,9,236,Upper East Side North,Manhattan,9.2
236,2026-03-15 04:00:00,7,236,Upper East Side North,Manhattan,8.0
236,2026-03-15 05:00:00,17,236,Upper East Side North,Manhattan,11.3
236,2026-03-15 06:00:00,30,236,Upper East Side North,Manhattan,22.2
236,2026-03-15 07:00:00,51,236,Upper East Side North,Manhattan,44.0
236,2026-03-15 08:00:00,108,236,Upper East Side North,Manhattan,93.7
236,2026-03-15 09:00:00,176,236,Upper East Side North,Manhattan,164.4
236,2026-03-15 10:00:00,248,236,Upper East Side North,Manhattan,216.7
236,2026-03-15 11:00:00,286,236,Upper East Side North,Manhattan,253.5
236,2026-03-15 12:00:00,340,236,Upper East Side North,Manhattan,309.3
236,2026-03-15 13:00:00,337,236,Upper East Side North,Manhattan,315.0
236,2026-03-15 14:00:00,347,236,Upper East Side North,Manhattan,309.8
236,2026-03-15 15:00:00,316,236,Upper East Side North,Manhattan,325.2
236,2026-03-15 16:00:00,272,236,Upper East Side North,Manhattan,299.2
236,2026-03-15 17:00:00,255,236,Upper East Side North,Manhattan,283.9
236,2026-03-15 18:00:00,226,236,Upper East Side North,Manhattan,240.4
236,2026-03-15 19:00:00,194,236,Upper East Side North,Manhattan,182.6
236,2026-03-15 20:00:00,145,236,Upper East Side North,Manhattan,158.1
236,2026-03-15 21:00:00,81,236,Upper East Side North,Manhattan,125.5
236,2026-03-15 22:00:00,77,236,Upper East Side North,Manhattan,56.2
236,2026-03-15 23:00:00,40,236,Upper East Side North,Manhattan,29.6
236,2026-03-16 00:00:00,4,236,Upper East Side North,Manhattan,15.7
236,2026-03-16 01:00:00,2,236,Upper East Side North,Manhattan,5.4
236,2026-03-16 03:00:00,2,236,Upper East Side North,Manhattan,4.7
236,2026-03-16 04:00:00,7,236,Upper East Side North,Manhattan,6.2
236,2026-03-16 05:00:00,25,236,Upper East Side North,Manhattan,21.3
236,2026-03-16 06:00:00,91,236,Upper East Side North,Manhattan,79.2
236,2026-03-16 07:00:00,274,236,Upper East Side North,Manhattan,257.6
236,2026-03-16 08:00:00,458,236,Upper East Side North,Manhattan,372.5
236,2026-03-16 09:00:00,316,236,Upper East Side North,Manhattan,359.2
236,2026-03-16 10:00:00,315,236,Upper East Side North,Manhattan,314.8
236,2026-03-16 11:00:00,287,236,Upper East Side North,Manhattan,337.2
236,2026-03-16 12:00:00,372,236,Upper East Side North,Manhattan,337.5
236,2026-03-16 13:00:00,315,236,Upper East Side North,Manhattan,356.6
236,2026-03-16 14:00:00,332,236,Upper East Side North,Manhattan,348.8
236,2026-03-16 15:00:00,464,236,Upper East Side North,Manhattan,381.5
236,2026-03-16 16:00:00,465,236,Upper East Side North,Manhattan,396.6
236,2026-03-16 17:00:00,570,236,Upper East Side North,Manhattan,422.5
236,2026-03-16 18:00:00,328,236,Upper East Side North,Manhattan,448.8
236,2026-03-16 19:00:00,213,236,Upper East Side North,Manhattan,255.6
236,2026-03-16 20:00:00,165,236,Upper East Side North,Manhattan,186.6
236,2026-03-16 21:00:00,116,236,Upper East Side North,Manhattan,137.6
236,2026-03-16 22:00:00,45,236,Upper East Side North,Manhattan,68.2
236,2026-03-16 23:00:00,23,236,Upper East Side North,Manhattan,17.4
236,2026-03-17 00:00:00,5,236,Upper East Side North,Manhattan,8.9
236,2026-03-17 01:00:00,1,236,Upper East Side North,Manhattan,4.4
236,2026-03-17 03:00:00,1,236,Upper East Side North,Manhattan,4.5
236,2026-03-17 04:00:00,4,236,Upper East Side North,Manhattan,6.3
236,2026-03-17 05:00:00,14,236,Upper East Side North,Manhattan,21.1
236,2026-03-17 06:00:00,77,236,Upper East Side North,Manhattan,87.6
236,2026-03-17 07:00:00,327,236,Upper East Side North,Manhattan,268.8
236,2026-03-17 08:00:00,395,236,Upper East Side North,Manhattan,437.9
236,2026-03-17 09:00:00,382,236,Upper East Side North,Manhattan,373.8
236,2026-03-17 10:00:00,350,236,Upper East Side North,Manhattan,358.5
236,2026-03-17 11:00:00,340,236,Upper East Side North,Manhattan,349.7
236,2026-03-17 12:00:00,357,236,Upper East Side North,Manhattan,382.2
236,2026-03-17 13:00:00,336,236,Upper East Side North,Manhattan,354.5
236,2026-03-17 14:00:00,441,236,Upper East Side North,Manhattan,377.1
236,2026-03-17 15:00:00,548,236,Upper East Side North,Manhattan,487.6
236,2026-03-17 16:00:00,431,236,Upper East Side North,Manhattan,457.3
236,2026-03-17 17:00:00,599,236,Upper East Side North,Manhattan,472.7
236,2026-03-17 18:00:00,504,236,Upper East Side North,Manhattan,499.9
236,2026-03-17 19:00:00,374,236,Upper East Side North,Manhattan,317.7
236,2026-03-17 20:00:00,275,236,Upper East Side North,Manhattan,305.9
236,2026-03-17 21:00:00,219,236,Upper East Side North,Manhattan,208.7
236,2026-03-17 22:00:00,105,236,Upper East Side North,Manhattan,115.3
236,2026-03-17 23:00:00,44,236,Upper East Side North,Manhattan,34.0
236,2026-03-18 00:00:00,20,236,Upper East Side North,Manhattan,13.7
236,2026-03-18 01:00:00,5,236,Upper East Side North,Manhattan,7.1
236,2026-03-18 02:00:00,2,236,Upper East Side North,Manhattan,4.1
236,2026-03-18 03:00:00,2,236,Upper East Side North,Manhattan,4.2
236,2026-03-18 04:00:00,9,236,Upper East Side North,Manhattan,5.0
236,2026-03-18 05:00:00,23,236,Upper East Side North,Manhattan,19.0
236,2026-03-18 06:00:00,91,236,Upper East Side North,Manhattan,84.2
236,2026-03-18 07:00:00,335,236,Upper East Side North,Manhattan,293.7
236,2026-03-18 08:00:00,502,236,Upper East Side North,Manhattan,431.9
236,2026-03-18 09:00:00,445,236,Upper East Side North,Manhattan,413.7
236,2026-03-18 10:00:00,397,236,Upper East Side North,Manhattan,393.7
236,2026-03-18 11:00:00,363,236,Upper East Side North,Manhattan,386.8
236,2026-03-18 12:00:00,439,236,Upper East Side North,Manhattan,394.3
236,2026-03-18 13:00:00,408,236,Upper East Side North,Manhattan,384.7
236,2026-03-18 14:00:00,415,236,Upper East Side North,Manhattan,441.6
236,2026-03-18 15:00:00,529,236,Upper East Side North,Manhattan,485.9
236,2026-03-18 16:00:00,365,236,Upper East Side North,Manhattan,446.1
236,2026-03-18 17:00:00,434,236,Upper East Side North,Manhattan,442.2
236,2026-03-18 18:00:00,442,236,Upper East Side North,Manhattan,450.5
236,2026-03-18 19:00:00,308,236,Upper East Side North,Manhattan,331.2
236,2026-03-18 20:00:00,300,236,Upper East Side North,Manhattan,252.3
236,2026-03-18 21:00:00,195,236,Upper East Side North,Manhattan,235.6
236,2026-03-18 22:00:00,114,236,Upper East Side North,Manhattan,108.6
236,2026-03-18 23:00:00,39,236,Upper East Side North,Manhattan,42.6
236,2026-03-19 00:00:00,13,236,Upper East Side North,Manhattan,13.9
236,2026-03-19 01:00:00,2,236,Upper East Side North,Manhattan,5.6
236,2026-03-19 02:00:00,2,236,Upper East Side North,Manhattan,4.2
236,2026-03-19 03:00:00,1,236,Upper East Side North,Manhattan,4.3
236,2026-03-19 04:00:00,4,236,Upper East Side North,Manhattan,6.9
236,2026-03-19 05:00:00,30,236,Upper East Side North,Manhattan,22.8
236,2026-03-19 06:00:00,100,236,Upper East Side North,Manhattan,95.9
236,2026-03-19 07:00:00,327,236,Upper East Side North,Manhattan,320.7
236,2026-03-19 08:00:00,440,236,Upper East Side North,Manhattan,436.6
236,2026-03-19 09:00:00,400,236,Upper East Side North,Manhattan,429.4
236,2026-03-19 10:00:00,391,236,Upper East Side North,Manhattan,391.0
236,2026-03-19 11:00:00,410,236,Upper East Side North,Manhattan,409.1
236,2026-03-19 12:00:00,412,236,Upper East Side North,Manhattan,447.9
236,2026-03-19 13:00:00,386,236,Upper East Side North,Manhattan,422.5
236,2026-03-19 14:00:00,451,236,Upper East Side North,Manhattan,455.2
236,2026-03-19 15:00:00,535,236,Upper East Side North,Manhattan,537.4
236,2026-03-19 16:00:00,407,236,Upper East Side North,Manhattan,467.7
236,2026-03-19 17:00:00,466,236,Upper East Side North,Manhattan,469.1
236,2026-03-19 18:00:00,420,236,Upper East Side North,Manhattan,482.1
236,2026-03-19 19:00:00,332,236,Upper East Side North,Manhattan,313.8
236,2026-03-19 20:00:00,305,236,Upper East Side North,Manhattan,279.0
236,2026-03-19 21:00:00,326,236,Upper East Side North,Manhattan,242.0
236,2026-03-19 22:00:00,156,236,Upper East Side North,Manhattan,174.9
236,2026-03-19 23:00:00,62,236,Upper East Side North,Manhattan,56.0
236,2026-03-20 00:00:00,24,236,Upper East Side North,Manhattan,21.8
236,2026-03-20 01:00:00,9,236,Upper East Side North,Manhattan,8.9
236,2026-03-20 03:00:00,1,236,Upper East Side North,Manhattan,5.0
236,2026-03-20 04:00:00,10,236,Upper East Side North,Manhattan,5.9
236,2026-03-20 05:00:00,23,236,Upper East Side North,Manhattan,19.7
236,2026-03-20 06:00:00,74,236,Upper East Side North,Manhattan,90.3
236,2026-03-20 07:00:00,208,236,Upper East Side North,Manhattan,228.9
236,2026-03-20 08:00:00,280,236,Upper East Side North,Manhattan,329.7
236,2026-03-20 09:00:00,289,236,Upper East Side North,Manhattan,335.1
236,2026-03-20 10:00:00,328,236,Upper East Side North,Manhattan,319.2
236,2026-03-20 11:00:00,300,236,Upper East Side North,Manhattan,351.1
236,2026-03-20 12:00:00,387,236,Upper East Side North,Manhattan,369.0
236,2026-03-20 13:00:00,350,236,Upper East Side North,Manhattan,378.8
236,2026-03-20 14:00:00,356,236,Upper East Side North,Manhattan,391.5
236,2026-03-20 15:00:00,382,236,Upper East Side North,Manhattan,412.9
236,2026-03-20 16:00:00,329,236,Upper East Side North,Manhattan,382.3
236,2026-03-20 17:00:00,370,236,Upper East Side North,Manhattan,369.5
236,2026-03-20 18:00:00,394,236,Upper East Side North,Manhattan,375.5
236,2026-03-20 19:00:00,308,236,Upper East Side North,Manhattan,294.5
236,2026-03-20 20:00:00,228,236,Upper East Side North,Manhattan,259.3
236,2026-03-20 21:00:00,212,236,Upper East Side North,Manhattan,211.3
236,2026-03-20 22:00:00,170,236,Upper East Side North,Manhattan,162.4
236,2026-03-20 23:00:00,111,236,Upper East Side North,Manhattan,80.3
236,2026-03-21 00:00:00,64,236,Upper East Side North,Manhattan,45.0
236,2026-03-21 01:00:00,32,236,Upper East Side North,Manhattan,21.4
236,2026-03-21 02:00:00,12,236,Upper East Side North,Manhattan,12.9
236,2026-03-21 03:00:00,5,236,Upper East Side North,Manhattan,7.0
236,2026-03-21 04:00:00,9,236,Upper East Side North,Manhattan,6.9
236,2026-03-21 05:00:00,8,236,Upper East Side North,Manhattan,12.0
236,2026-03-21 06:00:00,26,236,Upper East Side North,Manhattan,25.8
236,2026-03-21 07:00:00,43,236,Upper East Side North,Manhattan,71.2
236,2026-03-21 08:00:00,99,236,Upper East Side North,Manhattan,110.9
236,2026-03-21 09:00:00,169,236,Upper East Side North,Manhattan,169.6
236,2026-03-21 10:00:00,220,236,Upper East Side North,Manhattan,235.0
236,2026-03-21 11:00:00,256,236,Upper East Side North,Manhattan,263.3
236,2026-03-21 12:00:00,267,236,Upper East Side North,Manhattan,313.0
236,2026-03-21 13:00:00,272,236,Upper East Side North,Manhattan,297.0
236,2026-03-21 14:00:00,249,236,Upper East Side North,Manhattan,295.3
236,2026-03-21 15:00:00,271,236,Upper East Side North,Manhattan,291.9
236,2026-03-21 16:00:00,250,236,Upper East Side North,Manhattan,288.1
236,2026-03-21 17:00:00,314,236,Upper East Side North,Manhattan,294.2
236,2026-03-21 18:00:00,332,236,Upper East Side North,Manhattan,312.6
236,2026-03-21 19:00:00,262,236,Upper East Side North,Manhattan,265.4
236,2026-03-21 20:00:00,235,236,Upper East Side North,Manhattan,207.6
236,2026-03-21 21:00:00,203,236,Upper East Side North,Manhattan,206.2
236,2026-03-21 22:00:00,151,236,Upper East Side North,Manhattan,165.0
236,2026-03-21 23:00:00,89,236,Upper East Side North,Manhattan,109.4
236,2026-03-22 00:00:00,52,236,Upper East Side North,Manhattan,53.0
236,2026-03-22 01:00:00,19,236,Upper East Side North,Manhattan,22.1
236,2026-03-22 02:00:00,9,236,Upper East Side North,Manhattan,10.7
236,2026-03-22 03:00:00,8,236,Upper East Side North,Manhattan,6.1
236,2026-03-22 04:00:00,7,236,Upper East Side North,Manhattan,6.5
236,2026-03-22 05:00:00,12,236,Upper East Side North,Manhattan,10.5
236,2026-03-22 06:00:00,27,236,Upper East Side North,Manhattan,26.7
236,2026-03-22 07:00:00,40,236,Upper East Side North,Manhattan,45.7
236,2026-03-22 08:00:00,68,236,Upper East Side North,Manhattan,84.0
236,2026-03-22 09:00:00,111,236,Upper East Side North,Manhattan,112.2
236,2026-03-22 10:00:00,182,236,Upper East Side North,Manhattan,167.7
236,2026-03-22 11:00:00,222,236,Upper East Side North,Manhattan,223.5
236,2026-03-22 12:00:00,222,236,Upper East Side North,Manhattan,254.7
236,2026-03-22 13:00:00,219,236,Upper East Side North,Manhattan,250.1
236,2026-03-22 14:00:00,235,236,Upper East Side North,Manhattan,239.7
236,2026-03-22 15:00:00,200,236,Upper East Side North,Manhattan,252.4
236,2026-03-22 16:00:00,226,236,Upper East Side North,Manhattan,229.3
236,2026-03-22 17:00:00,210,236,Upper East Side North,Manhattan,236.1
236,2026-03-22 18:00:00,223,236,Upper East Side North,Manhattan,211.2
236,2026-03-22 19:00:00,130,236,Upper East Side North,Manhattan,174.7
236,2026-03-22 20:00:00,155,236,Upper East Side North,Manhattan,128.1
236,2026-03-22 21:00:00,102,236,Upper East Side North,Manhattan,116.4
236,2026-03-22 22:00:00,45,236,Upper East Side North,Manhattan,73.9
236,2026-03-22 23:00:00,26,236,Upper East Side North,Manhattan,35.5
236,2026-03-23 00:00:00,11,236,Upper East Side North,Manhattan,12.7
236,2026-03-23 01:00:00,3,236,Upper East Side North,Manhattan,5.7
236,2026-03-23 02:00:00,3,236,Upper East Side North,Manhattan,4.4
236,2026-03-23 03:00:00,1,236,Upper East Side North,Manhattan,4.3
236,2026-03-23 04:00:00,6,236,Upper East Side North,Manhattan,5.4
236,2026-03-23 05:00:00,16,236,Upper East Side North,Manhattan,18.5
236,2026-03-23 06:00:00,78,236,Upper East Side North,Manhattan,71.0
236,2026-03-23 07:00:00,213,236,Upper East Side North,Manhattan,205.4
236,2026-03-23 08:00:00,297,236,Upper East Side North,Manhattan,290.0
236,2026-03-23 09:00:00,312,236,Upper East Side North,Manhattan,301.8
236,2026-03-23 10:00:00,316,236,Upper East Side North,Manhattan,308.3
236,2026-03-23 11:00:00,330,236,Upper East Side North,Manhattan,312.9
236,2026-03-23 12:00:00,364,236,Upper East Side North,Manhattan,351.5
236,2026-03-23 13:00:00,335,236,Upper East Side North,Manhattan,342.5
236,2026-03-23 14:00:00,353,236,Upper East Side North,Manhattan,346.9
236,2026-03-23 15:00:00,322,236,Upper East Side North,Manhattan,389.6
236,2026-03-23 16:00:00,274,236,Upper East Side North,Manhattan,335.6
236,2026-03-23 17:00:00,330,236,Upper East Side North,Manhattan,298.6
236,2026-03-23 18:00:00,246,236,Upper East Side North,Manhattan,321.4
236,2026-03-23 19:00:00,168,236,Upper East Side North,Manhattan,184.4
236,2026-03-23 20:00:00,169,236,Upper East Side North,Manhattan,142.4
236,2026-03-23 21:00:00,105,236,Upper East Side North,Manhattan,137.3
236,2026-03-23 22:00:00,67,236,Upper East Side North,Manhattan,51.0
236,2026-03-23 23:00:00,29,236,Upper East Side North,Manhattan,24.7
236,2026-03-24 00:00:00,9,236,Upper East Side North,Manhattan,9.7
236,2026-03-24 01:00:00,5,236,Upper East Side North,Manhattan,4.6
236,2026-03-24 03:00:00,2,236,Upper East Side North,Manhattan,4.4
236,2026-03-24 04:00:00,4,236,Upper East Side North,Manhattan,5.7
236,2026-03-24 05:00:00,15,236,Upper East Side North,Manhattan,16.8
236,2026-03-24 06:00:00,72,236,Upper East Side North,Manhattan,73.1
236,2026-03-24 07:00:00,218,236,Upper East Side North,Manhattan,243.4
236,2026-03-24 08:00:00,305,236,Upper East Side North,Manhattan,331.1
236,2026-03-24 09:00:00,333,236,Upper East Side North,Manhattan,331.9
236,2026-03-24 10:00:00,292,236,Upper East Side North,Manhattan,333.1
236,2026-03-24 11:00:00,308,236,Upper East Side North,Manhattan,320.0
236,2026-03-24 12:00:00,310,236,Upper East Side North,Manhattan,349.7
236,2026-03-24 13:00:00,301,236,Upper East Side North,Manhattan,329.7
236,2026-03-24 14:00:00,315,236,Upper East Side North,Manhattan,359.0
236,2026-03-24 15:00:00,321,236,Upper East Side North,Manhattan,365.5
236,2026-03-24 16:00:00,320,236,Upper East Side North,Manhattan,329.9
236,2026-03-24 17:00:00,319,236,Upper East Side North,Manhattan,355.2
236,2026-03-24 18:00:00,301,236,Upper East Side North,Manhattan,325.5
236,2026-03-24 19:00:00,235,236,Upper East Side North,Manhattan,267.1
236,2026-03-24 20:00:00,192,236,Upper East Side North,Manhattan,214.1
236,2026-03-24 21:00:00,168,236,Upper East Side North,Manhattan,163.3
236,2026-03-24 22:00:00,81,236,Upper East Side North,Manhattan,94.0
236,2026-03-24 23:00:00,34,236,Upper East Side North,Manhattan,40.5
236,2026-03-25 00:00:00,14,236,Upper East Side North,Manhattan,15.2
236,2026-03-25 01:00:00,5,236,Upper East Side North,Manhattan,6.1
236,2026-03-25 02:00:00,2,236,Upper East Side North,Manhattan,4.4
236,2026-03-25 03:00:00,2,236,Upper East Side North,Manhattan,4.5
236,2026-03-25 04:00:00,11,236,Upper East Side North,Manhattan,5.9
236,2026-03-25 05:00:00,22,236,Upper East Side North,Manhattan,20.3
236,2026-03-25 06:00:00,76,236,Upper East Side North,Manhattan,84.0
236,2026-03-25 07:00:00,210,236,Upper East Side North,Manhattan,214.6
236,2026-03-25 08:00:00,321,236,Upper East Side North,Manhattan,307.5
236,2026-03-25 09:00:00,344,236,Upper East Side North,Manhattan,331.8
236,2026-03-25 10:00:00,304,236,Upper East Side North,Manhattan,325.9
236,2026-03-25 11:00:00,301,236,Upper East Side North,Manhattan,312.1
236,2026-03-25 12:00:00,375,236,Upper East Side North,Manhattan,332.3
236,2026-03-25 13:00:00,298,236,Upper East Side North,Manhattan,352.8
236,2026-03-25 14:00:00,286,236,Upper East Side North,Manhattan,327.1
236,2026-03-25 15:00:00,311,236,Upper East Side North,Manhattan,340.9
236,2026-03-25 16:00:00,272,236,Upper East Side North,Manhattan,310.2
236,2026-03-25 17:00:00,320,236,Upper East Side North,Manhattan,302.6
236,2026-03-25 18:00:00,306,236,Upper East Side North,Manhattan,306.4
236,2026-03-25 19:00:00,199,236,Upper East Side North,Manhattan,248.0
236,2026-03-25 20:00:00,191,236,Upper East Side North,Manhattan,195.1
236,2026-03-25 21:00:00,172,236,Upper East Side North,Manhattan,164.4
236,2026-03-25 22:00:00,91,236,Upper East Side North,Manhattan,110.1
236,2026-03-25 23:00:00,34,236,Upper East Side North,Manhattan,40.9
236,2026-03-26 00:00:00,11,236,Upper East Side North,Manhattan,13.0
236,2026-03-26 01:00:00,7,236,Upper East Side North,Manhattan,5.1
236,2026-03-26 02:00:00,2,236,Upper East Side North,Manhattan,4.7
236,2026-03-26 03:00:00,3,236,Upper East Side North,Manhattan,4.6
236,2026-03-26 04:00:00,9,236,Upper East Side North,Manhattan,6.1
236,2026-03-26 05:00:00,15,236,Upper East Side North,Manhattan,24.7
236,2026-03-26 06:00:00,70,236,Upper East Side North,Manhattan,77.3
236,2026-03-26 07:00:00,194,236,Upper East Side North,Manhattan,201.6
236,2026-03-26 08:00:00,288,236,Upper East Side North,Manhattan,286.9
236,2026-03-26 09:00:00,325,236,Upper East Side North,Manhattan,313.0
236,2026-03-26 10:00:00,311,236,Upper East Side North,Manhattan,308.9
236,2026-03-26 11:00:00,318,236,Upper East Side North,Manhattan,312.3
236,2026-03-26 12:00:00,320,236,Upper East Side North,Manhattan,351.6
236,2026-03-26 13:00:00,292,236,Upper East Side North,Manhattan,308.8
236,2026-03-26 14:00:00,317,236,Upper East Side North,Manhattan,300.6
236,2026-03-26 15:00:00,316,236,Upper East Side North,Manhattan,319.8
236,2026-03-26 16:00:00,276,236,Upper East Side North,Manhattan,306.1
236,2026-03-26 17:00:00,340,236,Upper East Side North,Manhattan,300.9
236,2026-03-26 18:00:00,267,236,Upper East Side North,Manhattan,304.0
236,2026-03-26 19:00:00,238,236,Upper East Side North,Manhattan,233.8
236,2026-03-26 20:00:00,226,236,Upper East Side North,Manhattan,217.8
236,2026-03-26 21:00:00,198,236,Upper East Side North,Manhattan,217.2
236,2026-03-26 22:00:00,119,236,Upper East Side North,Manhattan,130.6
236,2026-03-26 23:00:00,41,236,Upper East Side North,Manhattan,58.9
236,2026-03-27 00:00:00,12,236,Upper East Side North,Manhattan,19.7
236,2026-03-27 01:00:00,11,236,Upper East Side North,Manhattan,7.8
236,2026-03-27 02:00:00,4,236,Upper East Side North,Manhattan,6.2
236,2026-03-27 03:00:00,3,236,Upper East Side North,Manhattan,5.4
236,2026-03-27 04:00:00,7,236,Upper East Side North,Manhattan,7.2
236,2026-03-27 05:00:00,21,236,Upper East Side North,Manhattan,17.2
236,2026-03-27 06:00:00,59,236,Upper East Side North,Manhattan,65.4
236,2026-03-27 07:00:00,146,236,Upper East Side North,Manhattan,177.1
236,2026-03-27 08:00:00,208,236,Upper East Side North,Manhattan,218.3
236,2026-03-27 09:00:00,225,236,Upper East Side North,Manhattan,272.4
236,2026-03-27 10:00:00,235,236,Upper East Side North,Manhattan,269.2
236,2026-03-27 11:00:00,303,236,Upper East Side North,Manhattan,270.9
236,2026-03-27 12:00:00,273,236,Upper East Side North,Manhattan,317.2
236,2026-03-27 13:00:00,306,236,Upper East Side North,Manhattan,277.3
236,2026-03-27 14:00:00,331,236,Upper East Side North,Manhattan,301.6
236,2026-03-27 15:00:00,334,236,Upper East Side North,Manhattan,308.5
236,2026-03-27 16:00:00,270,236,Upper East Side North,Manhattan,307.1
236,2026-03-27 17:00:00,324,236,Upper East Side North,Manhattan,295.2
236,2026-03-27 18:00:00,308,236,Upper East Side North,Manhattan,288.0
236,2026-03-27 19:00:00,236,236,Upper East Side North,Manhattan,245.4
236,2026-03-27 20:00:00,198,236,Upper East Side North,Manhattan,197.7
236,2026-03-27 21:00:00,183,236,Upper East Side North,Manhattan,184.6
236,2026-03-27 22:00:00,119,236,Upper East Side North,Manhattan,140.9
236,2026-03-27 23:00:00,62,236,Upper East Side North,Manhattan,83.5
236,2026-03-28 00:00:00,39,236,Upper East Side North,Manhattan,43.4
236,2026-03-28 01:00:00,12,236,Upper East Side North,Manhattan,22.4
236,2026-03-28 02:00:00,6,236,Upper East Side North,Manhattan,8.1
236,2026-03-28 03:00:00,4,236,Upper East Side North,Manhattan,5.6
236,2026-03-28 04:00:00,5,236,Upper East Side North,Manhattan,6.8
236,2026-03-28 05:00:00,3,236,Upper East Side North,Manhattan,10.6
236,2026-03-28 06:00:00,12,236,Upper East Side North,Manhattan,25.3
236,2026-03-28 07:00:00,51,236,Upper East Side North,Manhattan,41.6
236,2026-03-28 08:00:00,96,236,Upper East Side North,Manhattan,104.7
236,2026-03-28 09:00:00,157,236,Upper East Side North,Manhattan,162.1
236,2026-03-28 10:00:00,202,236,Upper East Side North,Manhattan,210.2
236,2026-03-28 11:00:00,253,236,Upper East Side North,Manhattan,244.5
236,2026-03-28 12:00:00,290,236,Upper East Side North,Manhattan,262.2
236,2026-03-28 13:00:00,269,236,Upper East Side North,Manhattan,281.5
236,2026-03-28 14:00:00,258,236,Upper East Side North,Manhattan,266.2
236,2026-03-28 15:00:00,254,236,Upper East Side North,Manhattan,272.5
236,2026-03-28 16:00:00,275,236,Upper East Side North,Manhattan,248.3
236,2026-03-28 17:00:00,299,236,Upper East Side North,Manhattan,285.2
236,2026-03-28 18:00:00,334,236,Upper East Side North,Manhattan,274.8
236,2026-03-28 19:00:00,259,236,Upper East Side North,Manhattan,239.4
236,2026-03-28 20:00:00,213,236,Upper East Side North,Manhattan,200.6
236,2026-03-28 21:00:00,151,236,Upper East Side North,Manhattan,181.2
236,2026-03-28 22:00:00,98,236,Upper East Side North,Manhattan,120.2
236,2026-03-28 23:00:00,79,236,Upper East Side North,Manhattan,66.4
236,2026-03-29 00:00:00,41,236,Upper East Side North,Manhattan,45.0
236,2026-03-29 01:00:00,16,236,Upper East Side North,Manhattan,17.3
236,2026-03-29 02:00:00,19,236,Upper East Side North,Manhattan,8.2
236,2026-03-29 03:00:00,8,236,Upper East Side North,Manhattan,8.7
236,2026-03-29 04:00:00,7,236,Upper East Side North,Manhattan,6.0
236,2026-03-29 05:00:00,3,236,Upper East Side North,Manhattan,9.3
236,2026-03-29 06:00:00,15,236,Upper East Side North,Manhattan,21.9
236,2026-03-29 07:00:00,37,236,Upper East Side North,Manhattan,35.7
236,2026-03-29 08:00:00,66,236,Upper East Side North,Manhattan,71.0
236,2026-03-29 09:00:00,113,236,Upper East Side North,Manhattan,112.1
236,2026-03-29 10:00:00,165,236,Upper East Side North,Manhattan,165.6
236,2026-03-29 11:00:00,196,236,Upper East Side North,Manhattan,211.3
236,2026-03-29 12:00:00,283,236,Upper East Side North,Manhattan,219.9
236,2026-03-29 13:00:00,279,236,Upper East Side North,Manhattan,252.4
236,2026-03-29 14:00:00,261,236,Upper East Side North,Manhattan,256.2
236,2026-03-29 15:00:00,234,236,Upper East Side North,Manhattan,235.2
236,2026-03-29 16:00:00,297,236,Upper East Side North,Manhattan,230.0
236,2026-03-29 17:00:00,254,236,Upper East Side North,Manhattan,260.9
236,2026-03-29 18:00:00,226,236,Upper East Side North,Manhattan,232.3
236,2026-03-29 19:00:00,176,236,Upper East Side North,Manhattan,172.1
236,2026-03-29 20:00:00,115,236,Upper East Side North,Manhattan,151.3
236,2026-03-29 21:00:00,138,236,Upper East Side North,Manhattan,105.6
236,2026-03-29 22:00:00,73,236,Upper East Side North,Manhattan,76.9
236,2026-03-29 23:00:00,16,236,Upper East Side North,Manhattan,32.1
236,2026-03-30 00:00:00,9,236,Upper East Side North,Manhattan,11.2
236,2026-03-30 01:00:00,3,236,Upper East Side North,Manhattan,5.5
236,2026-03-30 03:00:00,2,236,Upper East Side North,Manhattan,4.4
236,2026-03-30 04:00:00,6,236,Upper East Side North,Manhattan,5.8
236,2026-03-30 05:00:00,15,236,Upper East Side North,Manhattan,13.3
236,2026-03-30 06:00:00,67,236,Upper East Side North,Manhattan,63.6
236,2026-03-30 07:00:00,210,236,Upper East Side North,Manhattan,184.4
236,2026-03-30 08:00:00,288,236,Upper East Side North,Manhattan,289.3
236,2026-03-30 09:00:00,285,236,Upper East Side North,Manhattan,298.2
236,2026-03-30 10:00:00,280,236,Upper East Side North,Manhattan,290.1
236,2026-03-30 11:00:00,250,236,Upper East Side North,Manhattan,292.2
236,2026-03-30 12:00:00,320,236,Upper East Side North,Manhattan,294.7
236,2026-03-30 13:00:00,306,236,Upper East Side North,Manhattan,332.0
236,2026-03-30 14:00:00,312,236,Upper East Side North,Manhattan,328.4
236,2026-03-30 15:00:00,327,236,Upper East Side North,Manhattan,313.3
236,2026-03-30 16:00:00,284,236,Upper East Side North,Manhattan,317.8
236,2026-03-30 17:00:00,273,236,Upper East Side North,Manhattan,299.4
236,2026-03-30 18:00:00,277,236,Upper East Side North,Manhattan,265.4
236,2026-03-30 19:00:00,152,236,Upper East Side North,Manhattan,203.4
236,2026-03-30 20:00:00,199,236,Upper East Side North,Manhattan,137.7
236,2026-03-30 21:00:00,106,236,Upper East Side North,Manhattan,163.0
236,2026-03-30 22:00:00,70,236,Upper East Side North,Manhattan,62.3
236,2026-03-30 23:00:00,31,236,Upper East Side North,Manhattan,27.5
236,2026-03-31 00:00:00,11,236,Upper East Side North,Manhattan,11.1
236,2026-03-31 01:00:00,2,236,Upper East Side North,Manhattan,4.9
236,2026-03-31 02:00:00,3,236,Upper East Side North,Manhattan,4.4
236,2026-03-31 03:00:00,5,236,Upper East Side North,Manhattan,4.4
236,2026-03-31 04:00:00,4,236,Upper East Side North,Manhattan,5.9
236,2026-03-31 05:00:00,19,236,Upper East Side North,Manhattan,16.2
236,2026-03-31 06:00:00,57,236,Upper East Side North,Manhattan,70.4
236,2026-03-31 07:00:00,238,236,Upper East Side North,Manhattan,214.8
236,2026-03-31 08:00:00,329,236,Upper East Side North,Manhattan,333.5
236,2026-03-31 09:00:00,330,236,Upper East Side North,Manhattan,339.0
236,2026-03-31 10:00:00,275,236,Upper East Side North,Manhattan,320.5
236,2026-03-31 11:00:00,276,236,Upper East Side North,Manhattan,289.9
236,2026-03-31 12:00:00,362,236,Upper East Side North,Manhattan,315.7
236,2026-03-31 13:00:00,286,236,Upper East Side North,Manhattan,341.7
236,2026-03-31 14:00:00,360,236,Upper East Side North,Manhattan,308.9
236,2026-03-31 15:00:00,342,236,Upper East Side North,Manhattan,359.9
236,2026-03-31 16:00:00,321,236,Upper East Side North,Manhattan,332.3
236,2026-03-31 17:00:00,337,236,Upper East Side North,Manhattan,330.1
236,2026-03-31 18:00:00,292,236,Upper East Side North,Manhattan,319.6
236,2026-03-31 19:00:00,228,236,Upper East Side North,Manhattan,211.6
236,2026-03-31 20:00:00,197,236,Upper East Side North,Manhattan,189.1
236,2026-03-31 21:00:00,147,236,Upper East Side North,Manhattan,157.1
236,2026-03-31 22:00:00,78,236,Upper East Side North,Manhattan,81.7
236,2026-03-31 23:00:00,45,236,Upper East Side North,Manhattan,36.8
237,2026-03-01 00:00:00,117,237,Upper East Side South,Manhattan,110.3
237,2026-03-01 01:00:00,57,237,Upper East Side South,Manhattan,57.5
237,2026-03-01 02:00:00,23,237,Upper East Side South,Manhattan,25.6
237,2026-03-01 03:00:00,19,237,Upper East Side South,Manhattan,12.9
237,2026-03-01 04:00:00,14,237,Upper East Side South,Manhattan,12.7
237,2026-03-01 05:00:00,5,237,Upper East Side South,Manhattan,13.6
237,2026-03-01 06:00:00,15,237,Upper East Side South,Manhattan,17.9
237,2026-03-01 07:00:00,38,237,Upper East Side South,Manhattan,33.6
237,2026-03-01 08:00:00,76,237,Upper East Side South,Manhattan,77.4
237,2026-03-01 09:00:00,138,237,Upper East Side South,Manhattan,132.3
237,2026-03-01 10:00:00,177,237,Upper East Side South,Manhattan,188.5
237,2026-03-01 11:00:00,219,237,Upper East Side South,Manhattan,210.2
237,2026-03-01 12:00:00,248,237,Upper East Side South,Manhattan,231.6
237,2026-03-01 13:00:00,326,237,Upper East Side South,Manhattan,253.9
237,2026-03-01 14:00:00,270,237,Upper East Side South,Manhattan,299.5
237,2026-03-01 15:00:00,286,237,Upper East Side South,Manhattan,261.8
237,2026-03-01 16:00:00,280,237,Upper East Side South,Manhattan,261.6
237,2026-03-01 17:00:00,278,237,Upper East Side South,Manhattan,257.7
237,2026-03-01 18:00:00,260,237,Upper East Side South,Manhattan,245.1
237,2026-03-01 19:00:00,190,237,Upper East Side South,Manhattan,196.7
237,2026-03-01 20:00:00,159,237,Upper East Side South,Manhattan,120.9
237,2026-03-01 21:00:00,103,237,Upper East Side South,Manhattan,74.1
237,2026-03-01 22:00:00,43,237,Upper East Side South,Manhattan,32.9
237,2026-03-01 23:00:00,35,237,Upper East Side South,Manhattan,14.9
237,2026-03-02 00:00:00,10,237,Upper East Side South,Manhattan,16.7
237,2026-03-02 01:00:00,9,237,Upper East Side South,Manhattan,9.1
237,2026-03-02 02:00:00,1,237,Upper East Side South,Manhattan,6.1
237,2026-03-02 04:00:00,6,237,Upper East Side South,Manhattan,6.6
237,2026-03-02 05:00:00,8,237,Upper East Side South,Manhattan,12.0
237,2026-03-02 06:00:00,50,237,Upper East Side South,Manhattan,24.1
237,2026-03-02 07:00:00,206,237,Upper East Side South,Manhattan,113.4
237,2026-03-02 08:00:00,278,237,Upper East Side South,Manhattan,259.7
237,2026-03-02 09:00:00,312,237,Upper East Side South,Manhattan,285.6
237,2026-03-02 10:00:00,306,237,Upper East Side South,Manhattan,286.8
237,2026-03-02 11:00:00,299,237,Upper East Side South,Manhattan,290.8
237,2026-03-02 12:00:00,339,237,Upper East Side South,Manhattan,296.1
237,2026-03-02 13:00:00,325,237,Upper East Side South,Manhattan,352.8
237,2026-03-02 14:00:00,397,237,Upper East Side South,Manhattan,334.2
237,2026-03-02 15:00:00,431,237,Upper East Side South,Manhattan,385.1
237,2026-03-02 16:00:00,413,237,Upper East Side South,Manhattan,397.1
237,2026-03-02 17:00:00,446,237,Upper East Side South,Manhattan,426.1
237,2026-03-02 18:00:00,438,237,Upper East Side South,Manhattan,411.0
237,2026-03-02 19:00:00,427,237,Upper East Side South,Manhattan,349.1
237,2026-03-02 20:00:00,373,237,Upper East Side South,Manhattan,365.0
237,2026-03-02 21:00:00,342,237,Upper East Side South,Manhattan,301.1
237,2026-03-02 22:00:00,175,237,Upper East Side South,Manhattan,206.2
237,2026-03-02 23:00:00,71,237,Upper East Side South,Manhattan,56.8
237,2026-03-03 00:00:00,25,237,Upper East Side South,Manhattan,19.9
237,2026-03-03 01:00:00,6,237,Upper East Side South,Manhattan,9.7
237,2026-03-03 02:00:00,2,237,Upper East Side South,Manhattan,5.0
237,2026-03-03 03:00:00,4,237,Upper East Side South,Manhattan,4.9
237,2026-03-03 04:00:00,4,237,Upper East Side South,Manhattan,6.2
237,2026-03-03 05:00:00,9,237,Upper East Side South,Manhattan,13.1
237,2026-03-03 06:00:00,61,237,Upper East Side South,Manhattan,53.5
237,2026-03-03 07:00:00,205,237,Upper East Side South,Manhattan,216.4
237,2026-03-03 08:00:00,298,237,Upper East Side South,Manhattan,290.7
237,2026-03-03 09:00:00,352,237,Upper East Side South,Manhattan,311.2
237,2026-03-03 10:00:00,441,237,Upper East Side South,Manhattan,353.6
237,2026-03-03 11:00:00,387,237,Upper East Side South,Manhattan,395.3
237,2026-03-03 12:00:00,400,237,Upper East Side South,Manhattan,400.4
237,2026-03-03 13:00:00,428,237,Upper East Side South,Manhattan,398.6
237,2026-03-03 14:00:00,507,237,Upper East Side South,Manhattan,445.5
237,2026-03-03 15:00:00,507,237,Upper East Side South,Manhattan,468.0
237,2026-03-03 16:00:00,473,237,Upper East Side South,Manhattan,448.7
237,2026-03-03 17:00:00,485,237,Upper East Side South,Manhattan,508.0
237,2026-03-03 18:00:00,525,237,Upper East Side South,Manhattan,491.7
237,2026-03-03 19:00:00,491,237,Upper East Side South,Manhattan,438.5
237,2026-03-03 20:00:00,376,237,Upper East Side South,Manhattan,437.2
237,2026-03-03 21:00:00,479,237,Upper East Side South,Manhattan,386.1
237,2026-03-03 22:00:00,227,237,Upper East Side South,Manhattan,275.2
237,2026-03-03 23:00:00,91,237,Upper East Side South,Manhattan,97.6
237,2026-03-04 00:00:00,29,237,Upper East Side South,Manhattan,30.9
237,2026-03-04 01:00:00,5,237,Upper East Side South,Manhattan,9.6
237,2026-03-04 02:00:00,5,237,Upper East Side South,Manhattan,4.8
237,2026-03-04 03:00:00,1,237,Upper East Side South,Manhattan,4.8
237,2026-03-04 04:00:00,2,237,Upper East Side South,Manhattan,5.8
237,2026-03-04 05:00:00,6,237,Upper East Side South,Manhattan,14.4
237,2026-03-04 06:00:00,42,237,Upper East Side South,Manhattan,54.5
237,2026-03-04 07:00:00,210,237,Upper East Side South,Manhattan,210.7
237,2026-03-04 08:00:00,282,237,Upper East Side South,Manhattan,332.7
237,2026-03-04 09:00:00,282,237,Upper East Side South,Manhattan,330.8
237,2026-03-04 10:00:00,330,237,Upper East Side South,Manhattan,341.9
237,2026-03-04 11:00:00,336,237,Upper East Side South,Manhattan,371.5
237,2026-03-04 12:00:00,415,237,Upper East Side South,Manhattan,382.1
237,2026-03-04 13:00:00,390,237,Upper East Side South,Manhattan,424.3
237,2026-03-04 14:00:00,467,237,Upper East Side South,Manhattan,436.4
237,2026-03-04 15:00:00,464,237,Upper East Side South,Manhattan,479.8
237,2026-03-04 16:00:00,412,237,Upper East Side South,Manhattan,449.0
237,2026-03-04 17:00:00,464,237,Upper East Side South,Manhattan,453.2
237,2026-03-04 18:00:00,470,237,Upper East Side South,Manhattan,492.1
237,2026-03-04 19:00:00,438,237,Upper East Side South,Manhattan,409.1
237,2026-03-04 20:00:00,361,237,Upper East Side South,Manhattan,393.9
237,2026-03-04 21:00:00,379,237,Upper East Side South,Manhattan,367.0
237,2026-03-04 22:00:00,181,237,Upper East Side South,Manhattan,258.5
237,2026-03-04 23:00:00,124,237,Upper East Side South,Manhattan,85.8
237,2026-03-05 00:00:00,36,237,Upper East Side South,Manhattan,46.9
237,2026-03-05 01:00:00,18,237,Upper East Side South,Manhattan,10.2
237,2026-03-05 02:00:00,5,237,Upper East Side South,Manhattan,6.8
237,2026-03-05 03:00:00,4,237,Upper East Side South,Manhattan,4.3
237,2026-03-05 04:00:00,3,237,Upper East Side South,Manhattan,5.2
237,2026-03-05 05:00:00,16,237,Upper East Side South,Manhattan,12.1
237,2026-03-05 06:00:00,52,237,Upper East Side South,Manhattan,46.6
237,2026-03-05 07:00:00,222,237,Upper East Side South,Manhattan,213.4
237,2026-03-05 08:00:00,429,237,Upper East Side South,Manhattan,309.3
237,2026-03-05 09:00:00,384,237,Upper East Side South,Manhattan,357.0
237,2026-03-05 10:00:00,373,237,Upper East Side South,Manhattan,377.4
237,2026-03-05 11:00:00,379,237,Upper East Side South,Manhattan,386.4
237,2026-03-05 12:00:00,407,237,Upper East Side South,Manhattan,415.3
237,2026-03-05 13:00:00,403,237,Upper East Side South,Manhattan,409.6
237,2026-03-05 14:00:00,456,237,Upper East Side South,Manhattan,460.6
237,2026-03-05 15:00:00,473,237,Upper East Side South,Manhattan,458.5
237,2026-03-05 16:00:00,462,237,Upper East Side South,Manhattan,447.1
237,2026-03-05 17:00:00,528,237,Upper East Side South,Manhattan,481.4
237,2026-03-05 18:00:00,609,237,Upper East Side South,Manhattan,506.0
237,2026-03-05 19:00:00,483,237,Upper East Side South,Manhattan,498.0
237,2026-03-05 20:00:00,382,237,Upper East Side South,Manhattan,408.6
237,2026-03-05 21:00:00,523,237,Upper East Side South,Manhattan,424.4
237,2026-03-05 22:00:00,344,237,Upper East Side South,Manhattan,319.2
237,2026-03-05 23:00:00,187,237,Upper East Side South,Manhattan,165.0
237,2026-03-06 00:00:00,51,237,Upper East Side South,Manhattan,71.5
237,2026-03-06 01:00:00,25,237,Upper East Side South,Manhattan,21.3
237,2026-03-06 02:00:00,11,237,Upper East Side South,Manhattan,10.6
237,2026-03-06 03:00:00,4,237,Upper East Side South,Manhattan,7.1
237,2026-03-06 04:00:00,8,237,Upper East Side South,Manhattan,7.6
237,2026-03-06 05:00:00,15,237,Upper East Side South,Manhattan,14.9
237,2026-03-06 06:00:00,33,237,Upper East Side South,Manhattan,44.7
237,2026-03-06 07:00:00,175,237,Upper East Side South,Manhattan,134.5
237,2026-03-06 08:00:00,251,237,Upper East Side South,Manhattan,278.9
237,2026-03-06 09:00:00,235,237,Upper East Side South,Manhattan,294.8
237,2026-03-06 10:00:00,269,237,Upper East Side South,Manhattan,298.9
237,2026-03-06 11:00:00,350,237,Upper East Side South,Manhattan,325.5
237,2026-03-06 12:00:00,376,237,Upper East Side South,Manhattan,380.3
237,2026-03-06 13:00:00,419,237,Upper East Side South,Manhattan,385.7
237,2026-03-06 14:00:00,483,237,Upper East Side South,Manhattan,436.4
237,2026-03-06 15:00:00,440,237,Upper East Side South,Manhattan,461.3
237,2026-03-06 16:00:00,413,237,Upper East Side South,Manhattan,430.6
237,2026-03-06 17:00:00,479,237,Upper East Side South,Manhattan,439.1
237,2026-03-06 18:00:00,459,237,Upper East Side South,Manhattan,473.7
237,2026-03-06 19:00:00,369,237,Upper East Side South,Manhattan,372.6
237,2026-03-06 20:00:00,399,237,Upper East Side South,Manhattan,322.1
237,2026-03-06 21:00:00,383,237,Upper East Side South,Manhattan,360.1
237,2026-03-06 22:00:00,232,237,Upper East Side South,Manhattan,314.2
237,2026-03-06 23:00:00,157,237,Upper East Side South,Manhattan,179.2
237,2026-03-07 00:00:00,98,237,Upper East Side South,Manhattan,93.6
237,2026-03-07 01:00:00,53,237,Upper East Side South,Manhattan,48.6
237,2026-03-07 02:00:00,18,237,Upper East Side South,Manhattan,26.6
237,2026-03-07 03:00:00,14,237,Upper East Side South,Manhattan,12.5
237,2026-03-07 04:00:00,11,237,Upper East Side South,Manhattan,13.2
237,2026-03-07 05:00:00,11,237,Upper East Side South,Manhattan,12.0
237,2026-03-07 06:00:00,19,237,Upper East Side South,Manhattan,20.6
237,2026-03-07 07:00:00,40,237,Upper East Side South,Manhattan,35.2
237,2026-03-07 08:00:00,93,237,Upper East Side South,Manhattan,89.2
237,2026-03-07 09:00:00,132,237,Upper East Side South,Manhattan,165.8
237,2026-03-07 10:00:00,228,237,Upper East Side South,Manhattan,200.7
237,2026-03-07 11:00:00,275,237,Upper East Side South,Manhattan,276.8
237,2026-03-07 12:00:00,278,237,Upper East Side South,Manhattan,325.1
237,2026-03-07 13:00:00,372,237,Upper East Side South,Manhattan,330.3
237,2026-03-07 14:00:00,308,237,Upper East Side South,Manhattan,377.0
237,2026-03-07 15:00:00,396,237,Upper East Side South,Manhattan,343.4
237,2026-03-07 16:00:00,384,237,Upper East Side South,Manhattan,371.0
237,2026-03-07 17:00:00,383,237,Upper East Side South,Manhattan,380.9
237,2026-03-07 18:00:00,394,237,Upper East Side South,Manhattan,360.3
237,2026-03-07 19:00:00,312,237,Upper East Side South,Manhattan,309.2
237,2026-03-07 20:00:00,258,237,Upper East Side South,Manhattan,251.1
237,2026-03-07 21:00:00,276,237,Upper East Side South,Manhattan,253.8
237,2026-03-07 22:00:00,230,237,Upper East Side South,Manhattan,241.1
237,2026-03-07 23:00:00,166,237,Upper East Side South,Manhattan,159.9
237,2026-03-08 00:00:00,99,237,Upper East Side South,Manhattan,101.7
237,2026-03-08 01:00:00,51,237,Upper East Side South,Manhattan,52.6
237,2026-03-08 03:00:00,26,237,Upper East Side South,Manhattan,10.7
237,2026-03-08 04:00:00,31,237,Upper East Side South,Manhattan,14.2
237,2026-03-08 05:00:00,9,237,Upper East Side South,Manhattan,22.4
237,2026-03-08 06:00:00,20,237,Upper East Side South,Manhattan,19.0
237,2026-03-08 07:00:00,32,237,Upper East Side South,Manhattan,37.8
237,2026-03-08 08:00:00,60,237,Upper East Side South,Manhattan,71.2
237,2026-03-08 09:00:00,105,237,Upper East Side South,Manhattan,107.3
237,2026-03-08 10:00:00,180,237,Upper East Side South,Manhattan,168.3
237,2026-03-08 11:00:00,239,237,Upper East Side South,Manhattan,229.0
237,2026-03-08 12:00:00,211,237,Upper East Side South,Manhattan,260.2
237,2026-03-08 13:00:00,291,237,Upper East Side South,Manhattan,270.1
237,2026-03-08 14:00:00,296,237,Upper East Side South,Manhattan,286.2
237,2026-03-08 15:00:00,288,237,Upper East Side South,Manhattan,302.9
237,2026-03-08 16:00:00,276,237,Upper East Side South,Manhattan,286.2
237,2026-03-08 17:00:00,262,237,Upper East Side South,Manhattan,287.8
237,2026-03-08 18:00:00,233,237,Upper East Side South,Manhattan,252.0
237,2026-03-08 19:00:00,213,237,Upper East Side South,Manhattan,188.0
237,2026-03-08 20:00:00,120,237,Upper East Side South,Manhattan,166.8
237,2026-03-08 21:00:00,106,237,Upper East Side South,Manhattan,114.2
237,2026-03-08 22:00:00,72,237,Upper East Side South,Manhattan,53.6
237,2026-03-08 23:00:00,34,237,Upper East Side South,Manhattan,42.1
237,2026-03-09 00:00:00,17,237,Upper East Side South,Manhattan,16.1
237,2026-03-09 01:00:00,4,237,Upper East Side South,Manhattan,11.3
237,2026-03-09 02:00:00,3,237,Upper East Side South,Manhattan,3.7
237,2026-03-09 03:00:00,2,237,Upper East Side South,Manhattan,5.3
237,2026-03-09 04:00:00,3,237,Upper East Side South,Manhattan,8.0
237,2026-03-09 05:00:00,12,237,Upper East Side South,Manhattan,13.0
237,2026-03-09 06:00:00,44,237,Upper East Side South,Manhattan,44.8
237,2026-03-09 07:00:00,212,237,Upper East Side South,Manhattan,171.4
237,2026-03-09 08:00:00,255,237,Upper East Side South,Manhattan,285.7
237,2026-03-09 09:00:00,255,237,Upper East Side South,Manhattan,291.8
237,2026-03-09 10:00:00,268,237,Upper East Side South,Manhattan,277.8
237,2026-03-09 11:00:00,282,237,Upper East Side South,Manhattan,296.7
237,2026-03-09 12:00:00,297,237,Upper East Side South,Manhattan,318.9
237,2026-03-09 13:00:00,328,237,Upper East Side South,Manhattan,334.5
237,2026-03-09 14:00:00,390,237,Upper East Side South,Manhattan,359.1
237,2026-03-09 15:00:00,374,237,Upper East Side South,Manhattan,403.6
237,2026-03-09 16:00:00,369,237,Upper East Side South,Manhattan,385.2
237,2026-03-09 17:00:00,427,237,Upper East Side South,Manhattan,410.8
237,2026-03-09 18:00:00,347,237,Upper East Side South,Manhattan,413.8
237,2026-03-09 19:00:00,309,237,Upper East Side South,Manhattan,314.9
237,2026-03-09 20:00:00,335,237,Upper East Side South,Manhattan,314.1
237,2026-03-09 21:00:00,268,237,Upper East Side South,Manhattan,308.2
237,2026-03-09 22:00:00,144,237,Upper East Side South,Manhattan,157.8
237,2026-03-09 23:00:00,52,237,Upper East Side South,Manhattan,59.2
237,2026-03-10 00:00:00,20,237,Upper East Side South,Manhattan,21.5
237,2026-03-10 01:00:00,7,237,Upper East Side South,Manhattan,7.1
237,2026-03-10 02:00:00,4,237,Upper East Side South,Manhattan,4.3
237,2026-03-10 03:00:00,1,237,Upper East Side South,Manhattan,4.1
237,2026-03-10 04:00:00,3,237,Upper East Side South,Manhattan,5.4
237,2026-03-10 05:00:00,8,237,Upper East Side South,Manhattan,13.8
237,2026-03-10 06:00:00,44,237,Upper East Side South,Manhattan,52.8
237,2026-03-10 07:00:00,225,237,Upper East Side South,Manhattan,213.6
237,2026-03-10 08:00:00,324,237,Upper East Side South,Manhattan,314.9
237,2026-03-10 09:00:00,275,237,Upper East Side South,Manhattan,340.7
237,2026-03-10 10:00:00,308,237,Upper East Side South,Manhattan,325.6
237,2026-03-10 11:00:00,321,237,Upper East Side South,Manhattan,343.8
237,2026-03-10 12:00:00,361,237,Upper East Side South,Manhattan,357.9
237,2026-03-10 13:00:00,358,237,Upper East Side South,Manhattan,386.2
237,2026-03-10 14:00:00,424,237,Upper East Side South,Manhattan,411.8
237,2026-03-10 15:00:00,458,237,Upper East Side South,Manhattan,466.3
237,2026-03-10 16:00:00,415,237,Upper East Side South,Manhattan,440.9
237,2026-03-10 17:00:00,461,237,Upper East Side South,Manhattan,460.2
237,2026-03-10 18:00:00,473,237,Upper East Side South,Manhattan,463.7
237,2026-03-10 19:00:00,420,237,Upper East Side South,Manhattan,427.9
237,2026-03-10 20:00:00,390,237,Upper East Side South,Manhattan,401.6
237,2026-03-10 21:00:00,457,237,Upper East Side South,Manhattan,420.7
237,2026-03-10 22:00:00,278,237,Upper East Side South,Manhattan,286.5
237,2026-03-10 23:00:00,108,237,Upper East Side South,Manhattan,116.2
237,2026-03-11 00:00:00,44,237,Upper East Side South,Manhattan,35.0
237,2026-03-11 01:00:00,20,237,Upper East Side South,Manhattan,12.9
237,2026-03-11 02:00:00,13,237,Upper East Side South,Manhattan,7.3
237,2026-03-11 03:00:00,3,237,Upper East Side South,Manhattan,5.9
237,2026-03-11 04:00:00,3,237,Upper East Side South,Manhattan,5.1
237,2026-03-11 05:00:00,14,237,Upper East Side South,Manhattan,11.6
237,2026-03-11 06:00:00,31,237,Upper East Side South,Manhattan,44.9
237,2026-03-11 07:00:00,215,237,Upper East Side South,Manhattan,146.3
237,2026-03-11 08:00:00,313,237,Upper East Side South,Manhattan,330.5
237,2026-03-11 09:00:00,319,237,Upper East Side South,Manhattan,338.4
237,2026-03-11 10:00:00,281,237,Upper East Side South,Manhattan,336.9
237,2026-03-11 11:00:00,327,237,Upper East Side South,Manhattan,328.8
237,2026-03-11 12:00:00,375,237,Upper East Side South,Manhattan,380.2
237,2026-03-11 13:00:00,370,237,Upper East Side South,Manhattan,390.9
237,2026-03-11 14:00:00,478,237,Upper East Side South,Manhattan,438.5
237,2026-03-11 15:00:00,430,237,Upper East Side South,Manhattan,472.5
237,2026-03-11 16:00:00,442,237,Upper East Side South,Manhattan,417.5
237,2026-03-11 17:00:00,479,237,Upper East Side South,Manhattan,468.3
237,2026-03-11 18:00:00,504,237,Upper East Side South,Manhattan,471.2
237,2026-03-11 19:00:00,496,237,Upper East Side South,Manhattan,424.3
237,2026-03-11 20:00:00,463,237,Upper East Side South,Manhattan,411.8
237,2026-03-11 21:00:00,497,237,Upper East Side South,Manhattan,432.4
237,2026-03-11 22:00:00,259,237,Upper East Side South,Manhattan,357.4
237,2026-03-11 23:00:00,130,237,Upper East Side South,Manhattan,120.3
237,2026-03-12 00:00:00,51,237,Upper East Side South,Manhattan,50.3
237,2026-03-12 01:00:00,26,237,Upper East Side South,Manhattan,17.4
237,2026-03-12 02:00:00,10,237,Upper East Side South,Manhattan,10.8
237,2026-03-12 03:00:00,6,237,Upper East Side South,Manhattan,5.1
237,2026-03-12 04:00:00,2,237,Upper East Side South,Manhattan,5.3
237,2026-03-12 05:00:00,10,237,Upper East Side South,Manhattan,14.1
237,2026-03-12 06:00:00,62,237,Upper East Side South,Manhattan,40.8
237,2026-03-12 07:00:00,267,237,Upper East Side South,Manhattan,223.2
237,2026-03-12 08:00:00,434,237,Upper East Side South,Manhattan,356.5
237,2026-03-12 09:00:00,398,237,Upper East Side South,Manhattan,372.6
237,2026-03-12 10:00:00,367,237,Upper East Side South,Manhattan,376.9
237,2026-03-12 11:00:00,423,237,Upper East Side South,Manhattan,389.1
237,2026-03-12 12:00:00,440,237,Upper East Side South,Manhattan,428.9
237,2026-03-12 13:00:00,494,237,Upper East Side South,Manhattan,427.8
237,2026-03-12 14:00:00,511,237,Upper East Side South,Manhattan,506.3
237,2026-03-12 15:00:00,574,237,Upper East Side South,Manhattan,497.7
237,2026-03-12 16:00:00,549,237,Upper East Side South,Manhattan,505.3
237,2026-03-12 17:00:00,515,237,Upper East Side South,Manhattan,521.2
237,2026-03-12 18:00:00,508,237,Upper East Side South,Manhattan,523.6
237,2026-03-12 19:00:00,346,237,Upper East Side South,Manhattan,469.1
237,2026-03-12 20:00:00,397,237,Upper East Side South,Manhattan,370.4
237,2026-03-12 21:00:00,486,237,Upper East Side South,Manhattan,420.1
237,2026-03-12 22:00:00,302,237,Upper East Side South,Manhattan,335.0
237,2026-03-12 23:00:00,184,237,Upper East Side South,Manhattan,158.6
237,2026-03-13 00:00:00,95,237,Upper East Side South,Manhattan,70.4
237,2026-03-13 01:00:00,29,237,Upper East Side South,Manhattan,35.9
237,2026-03-13 02:00:00,12,237,Upper East Side South,Manhattan,12.9
237,2026-03-13 03:00:00,9,237,Upper East Side South,Manhattan,7.6
237,2026-03-13 04:00:00,7,237,Upper East Side South,Manhattan,8.0
237,2026-03-13 05:00:00,16,237,Upper East Side South,Manhattan,14.4
237,2026-03-13 06:00:00,49,237,Upper East Side South,Manhattan,39.3
237,2026-03-13 07:00:00,185,237,Upper East Side South,Manhattan,204.8
237,2026-03-13 08:00:00,290,237,Upper East Side South,Manhattan,287.4
237,2026-03-13 09:00:00,225,237,Upper East Side South,Manhattan,305.6
237,2026-03-13 10:00:00,337,237,Upper East Side South,Manhattan,287.9
237,2026-03-13 11:00:00,381,237,Upper East Side South,Manhattan,368.2
237,2026-03-13 12:00:00,386,237,Upper East Side South,Manhattan,412.8
237,2026-03-13 13:00:00,429,237,Upper East Side South,Manhattan,421.6
237,2026-03-13 14:00:00,486,237,Upper East Side South,Manhattan,476.3
237,2026-03-13 15:00:00,478,237,Upper East Side South,Manhattan,493.7
237,2026-03-13 16:00:00,452,237,Upper East Side South,Manhattan,454.4
237,2026-03-13 17:00:00,459,237,Upper East Side South,Manhattan,474.0
237,2026-03-13 18:00:00,446,237,Upper East Side South,Manhattan,458.9
237,2026-03-13 19:00:00,327,237,Upper East Side South,Manhattan,367.7
237,2026-03-13 20:00:00,341,237,Upper East Side South,Manhattan,333.5
237,2026-03-13 21:00:00,359,237,Upper East Side South,Manhattan,336.8
237,2026-03-13 22:00:00,326,237,Upper East Side South,Manhattan,288.2
237,2026-03-13 23:00:00,198,237,Upper East Side South,Manhattan,196.0
237,2026-03-14 00:00:00,94,237,Upper East Side South,Manhattan,102.9
237,2026-03-14 01:00:00,45,237,Upper East Side South,Manhattan,48.8
237,2026-03-14 02:00:00,21,237,Upper East Side South,Manhattan,18.6
237,2026-03-14 03:00:00,14,237,Upper East Side South,Manhattan,11.6
237,2026-03-14 04:00:00,12,237,Upper East Side South,Manhattan,8.9
237,2026-03-14 05:00:00,12,237,Upper East Side South,Manhattan,12.6
237,2026-03-14 06:00:00,15,237,Upper East Side South,Manhattan,24.7
237,2026-03-14 07:00:00,51,237,Upper East Side South,Manhattan,45.7
237,2026-03-14 08:00:00,96,237,Upper East Side South,Manhattan,107.2
237,2026-03-14 09:00:00,149,237,Upper East Side South,Manhattan,164.7
237,2026-03-14 10:00:00,229,237,Upper East Side South,Manhattan,221.3
237,2026-03-14 11:00:00,289,237,Upper East Side South,Manhattan,292.0
237,2026-03-14 12:00:00,340,237,Upper East Side South,Manhattan,331.3
237,2026-03-14 13:00:00,351,237,Upper East Side South,Manhattan,367.0
237,2026-03-14 14:00:00,392,237,Upper East Side South,Manhattan,369.7
237,2026-03-14 15:00:00,409,237,Upper East Side South,Manhattan,405.7
237,2026-03-14 16:00:00,404,237,Upper East Side South,Manhattan,397.5
237,2026-03-14 17:00:00,402,237,Upper East Side South,Manhattan,398.1
237,2026-03-14 18:00:00,407,237,Upper East Side South,Manhattan,384.9
237,2026-03-14 19:00:00,339,237,Upper East Side South,Manhattan,315.5
237,2026-03-14 20:00:00,280,237,Upper East Side South,Manhattan,268.5
237,2026-03-14 21:00:00,341,237,Upper East Side South,Manhattan,286.4
237,2026-03-14 22:00:00,287,237,Upper East Side South,Manhattan,282.2
237,2026-03-14 23:00:00,246,237,Upper East Side South,Manhattan,200.4
237,2026-03-15 00:00:00,122,237,Upper East Side South,Manhattan,116.7
237,2026-03-15 01:00:00,57,237,Upper East Side South,Manhattan,55.1
237,2026-03-15 02:00:00,37,237,Upper East Side South,Manhattan,17.8
237,2026-03-15 03:00:00,12,237,Upper East Side South,Manhattan,20.6
237,2026-03-15 04:00:00,10,237,Upper East Side South,Manhattan,17.3
237,2026-03-15 05:00:00,13,237,Upper East Side South,Manhattan,11.3
237,2026-03-15 06:00:00,26,237,Upper East Side South,Manhattan,22.3
237,2026-03-15 07:00:00,47,237,Upper East Side South,Manhattan,39.9
237,2026-03-15 08:00:00,95,237,Upper East Side South,Manhattan,75.2
237,2026-03-15 09:00:00,170,237,Upper East Side South,Manhattan,138.9
237,2026-03-15 10:00:00,280,237,Upper East Side South,Manhattan,215.1
237,2026-03-15 11:00:00,276,237,Upper East Side South,Manhattan,276.8
237,2026-03-15 12:00:00,335,237,Upper East Side South,Manhattan,296.1
237,2026-03-15 13:00:00,332,237,Upper East Side South,Manhattan,340.1
237,2026-03-15 14:00:00,387,237,Upper East Side South,Manhattan,348.6
237,2026-03-15 15:00:00,340,237,Upper East Side South,Manhattan,370.5
237,2026-03-15 16:00:00,288,237,Upper East Side South,Manhattan,332.1
237,2026-03-15 17:00:00,265,237,Upper East Side South,Manhattan,293.5
237,2026-03-15 18:00:00,296,237,Upper East Side South,Manhattan,255.9
237,2026-03-15 19:00:00,232,237,Upper East Side South,Manhattan,220.9
237,2026-03-15 20:00:00,145,237,Upper East Side South,Manhattan,184.7
237,2026-03-15 21:00:00,121,237,Upper East Side South,Manhattan,127.8
237,2026-03-15 22:00:00,94,237,Upper East Side South,Manhattan,80.0
237,2026-03-15 23:00:00,54,237,Upper East Side South,Manhattan,45.2
237,2026-03-16 00:00:00,19,237,Upper East Side South,Manhattan,20.2
237,2026-03-16 01:00:00,5,237,Upper East Side South,Manhattan,11.3
237,2026-03-16 02:00:00,3,237,Upper East Side South,Manhattan,7.8
237,2026-03-16 03:00:00,2,237,Upper East Side South,Manhattan,4.8
237,2026-03-16 04:00:00,6,237,Upper East Side South,Manhattan,5.8
237,2026-03-16 05:00:00,19,237,Upper East Side South,Manhattan,13.8
237,2026-03-16 06:00:00,43,237,Upper East Side South,Manhattan,51.4
237,2026-03-16 07:00:00,217,237,Upper East Side South,Manhattan,176.5
237,2026-03-16 08:00:00,299,237,Upper East Side South,Manhattan,270.3
237,2026-03-16 09:00:00,261,237,Upper East Side South,Manhattan,293.3
237,2026-03-16 10:00:00,302,237,Upper East Side South,Manhattan,287.7
237,2026-03-16 11:00:00,302,237,Upper East Side South,Manhattan,325.4
237,2026-03-16 12:00:00,306,237,Upper East Side South,Manhattan,344.0
237,2026-03-16 13:00:00,302,237,Upper East Side South,Manhattan,349.1
237,2026-03-16 14:00:00,367,237,Upper East Side South,Manhattan,369.7
237,2026-03-16 15:00:00,408,237,Upper East Side South,Manhattan,389.2
237,2026-03-16 16:00:00,506,237,Upper East Side South,Manhattan,388.7
237,2026-03-16 17:00:00,574,237,Upper East Side South,Manhattan,430.6
237,2026-03-16 18:00:00,379,237,Upper East Side South,Manhattan,453.9
237,2026-03-16 19:00:00,310,237,Upper East Side South,Manhattan,326.6
237,2026-03-16 20:00:00,300,237,Upper East Side South,Manhattan,321.7
237,2026-03-16 21:00:00,198,237,Upper East Side South,Manhattan,273.2
237,2026-03-16 22:00:00,117,237,Upper East Side South,Manhattan,123.0
237,2026-03-16 23:00:00,41,237,Upper East Side South,Manhattan,56.1
237,2026-03-17 00:00:00,16,237,Upper East Side South,Manhattan,16.8
237,2026-03-17 01:00:00,6,237,Upper East Side South,Manhattan,6.5
237,2026-03-17 02:00:00,2,237,Upper East Side South,Manhattan,4.2
237,2026-03-17 03:00:00,7,237,Upper East Side South,Manhattan,4.2
237,2026-03-17 04:00:00,1,237,Upper East Side South,Manhattan,5.6
237,2026-03-17 05:00:00,9,237,Upper East Side South,Manhattan,14.6
237,2026-03-17 06:00:00,43,237,Upper East Side South,Manhattan,44.8
237,2026-03-17 07:00:00,241,237,Upper East Side South,Manhattan,204.2
237,2026-03-17 08:00:00,318,237,Upper East Side South,Manhattan,341.5
237,2026-03-17 09:00:00,312,237,Upper East Side South,Manhattan,325.0
237,2026-03-17 10:00:00,315,237,Upper East Side South,Manhattan,333.9
237,2026-03-17 11:00:00,315,237,Upper East Side South,Manhattan,346.3
237,2026-03-17 12:00:00,277,237,Upper East Side South,Manhattan,360.7
237,2026-03-17 13:00:00,356,237,Upper East Side South,Manhattan,332.1
237,2026-03-17 14:00:00,452,237,Upper East Side South,Manhattan,395.4
237,2026-03-17 15:00:00,410,237,Upper East Side South,Manhattan,461.0
237,2026-03-17 16:00:00,416,237,Upper East Side South,Manhattan,429.3
237,2026-03-17 17:00:00,541,237,Upper East Side South,Manhattan,470.0
237,2026-03-17 18:00:00,473,237,Upper East Side South,Manhattan,480.5
237,2026-03-17 19:00:00,375,237,Upper East Side South,Manhattan,390.4
237,2026-03-17 20:00:00,438,237,Upper East Side South,Manhattan,400.4
237,2026-03-17 21:00:00,478,237,Upper East Side South,Manhattan,419.4
237,2026-03-17 22:00:00,241,237,Upper East Side South,Manhattan,302.2
237,2026-03-17 23:00:00,77,237,Upper East Side South,Manhattan,108.8
237,2026-03-18 00:00:00,51,237,Upper East Side South,Manhattan,38.1
237,2026-03-18 01:00:00,11,237,Upper East Side South,Manhattan,17.3
237,2026-03-18 02:00:00,5,237,Upper East Side South,Manhattan,6.0
237,2026-03-18 03:00:00,7,237,Upper East Side South,Manhattan,4.6
237,2026-03-18 04:00:00,3,237,Upper East Side South,Manhattan,5.4
237,2026-03-18 05:00:00,16,237,Upper East Side South,Manhattan,13.5
237,2026-03-18 06:00:00,47,237,Upper East Side South,Manhattan,36.7
237,2026-03-18 07:00:00,220,237,Upper East Side South,Manhattan,231.1
237,2026-03-18 08:00:00,327,237,Upper East Side South,Manhattan,328.0
237,2026-03-18 09:00:00,392,237,Upper East Side South,Manhattan,342.5
237,2026-03-18 10:00:00,368,237,Upper East Side South,Manhattan,360.4
237,2026-03-18 11:00:00,426,237,Upper East Side South,Manhattan,368.7
237,2026-03-18 12:00:00,405,237,Upper East Side South,Manhattan,398.2
237,2026-03-18 13:00:00,419,237,Upper East Side South,Manhattan,408.1
237,2026-03-18 14:00:00,488,237,Upper East Side South,Manhattan,487.3
237,2026-03-18 15:00:00,480,237,Upper East Side South,Manhattan,461.6
237,2026-03-18 16:00:00,468,237,Upper East Side South,Manhattan,460.6
237,2026-03-18 17:00:00,514,237,Upper East Side South,Manhattan,523.0
237,2026-03-18 18:00:00,478,237,Upper East Side South,Manhattan,499.9
237,2026-03-18 19:00:00,438,237,Upper East Side South,Manhattan,427.1
237,2026-03-18 20:00:00,425,237,Upper East Side South,Manhattan,435.3
237,2026-03-18 21:00:00,541,237,Upper East Side South,Manhattan,452.0
237,2026-03-18 22:00:00,252,237,Upper East Side South,Manhattan,324.5
237,2026-03-18 23:00:00,113,237,Upper East Side South,Manhattan,110.9
237,2026-03-19 00:00:00,38,237,Upper East Side South,Manhattan,50.3
237,2026-03-19 01:00:00,19,237,Upper East Side South,Manhattan,18.3
237,2026-03-19 02:00:00,4,237,Upper East Side South,Manhattan,8.3
237,2026-03-19 03:00:00,7,237,Upper East Side South,Manhattan,5.1
237,2026-03-19 04:00:00,8,237,Upper East Side South,Manhattan,6.1
237,2026-03-19 05:00:00,16,237,Upper East Side South,Manhattan,15.8
237,2026-03-19 06:00:00,50,237,Upper East Side South,Manhattan,52.6
237,2026-03-19 07:00:00,223,237,Upper East Side South,Manhattan,218.0
237,2026-03-19 08:00:00,268,237,Upper East Side South,Manhattan,329.1
237,2026-03-19 09:00:00,356,237,Upper East Side South,Manhattan,342.1
237,2026-03-19 10:00:00,355,237,Upper East Side South,Manhattan,366.5
237,2026-03-19 11:00:00,391,237,Upper East Side South,Manhattan,397.7
237,2026-03-19 12:00:00,432,237,Upper East Side South,Manhattan,427.1
237,2026-03-19 13:00:00,468,237,Upper East Side South,Manhattan,450.3
237,2026-03-19 14:00:00,484,237,Upper East Side South,Manhattan,509.0
237,2026-03-19 15:00:00,532,237,Upper East Side South,Manhattan,519.8
237,2026-03-19 16:00:00,483,237,Upper East Side South,Manhattan,499.9
237,2026-03-19 17:00:00,502,237,Upper East Side South,Manhattan,518.3
237,2026-03-19 18:00:00,502,237,Upper East Side South,Manhattan,504.5
237,2026-03-19 19:00:00,393,237,Upper East Side South,Manhattan,404.5
237,2026-03-19 20:00:00,446,237,Upper East Side South,Manhattan,380.4
237,2026-03-19 21:00:00,560,237,Upper East Side South,Manhattan,479.7
237,2026-03-19 22:00:00,486,237,Upper East Side South,Manhattan,338.1
237,2026-03-19 23:00:00,218,237,Upper East Side South,Manhattan,211.5
237,2026-03-20 00:00:00,82,237,Upper East Side South,Manhattan,101.3
237,2026-03-20 01:00:00,30,237,Upper East Side South,Manhattan,33.2
237,2026-03-20 02:00:00,9,237,Upper East Side South,Manhattan,12.9
237,2026-03-20 03:00:00,10,237,Upper East Side South,Manhattan,7.4
237,2026-03-20 04:00:00,14,237,Upper East Side South,Manhattan,8.3
237,2026-03-20 05:00:00,11,237,Upper East Side South,Manhattan,17.2
237,2026-03-20 06:00:00,35,237,Upper East Side South,Manhattan,42.9
237,2026-03-20 07:00:00,128,237,Upper East Side South,Manhattan,122.0
237,2026-03-20 08:00:00,203,237,Upper East Side South,Manhattan,247.3
237,2026-03-20 09:00:00,252,237,Upper East Side South,Manhattan,257.4
237,2026-03-20 10:00:00,299,237,Upper East Side South,Manhattan,314.6
237,2026-03-20 11:00:00,351,237,Upper East Side South,Manhattan,354.9
237,2026-03-20 12:00:00,359,237,Upper East Side South,Manhattan,388.6
237,2026-03-20 13:00:00,404,237,Upper East Side South,Manhattan,399.7
237,2026-03-20 14:00:00,380,237,Upper East Side South,Manhattan,458.3
237,2026-03-20 15:00:00,414,237,Upper East Side South,Manhattan,446.5
237,2026-03-20 16:00:00,425,237,Upper East Side South,Manhattan,422.2
237,2026-03-20 17:00:00,405,237,Upper East Side South,Manhattan,442.8
237,2026-03-20 18:00:00,516,237,Upper East Side South,Manhattan,410.0
237,2026-03-20 19:00:00,356,237,Upper East Side South,Manhattan,380.8
237,2026-03-20 20:00:00,302,237,Upper East Side South,Manhattan,321.4
237,2026-03-20 21:00:00,368,237,Upper East Side South,Manhattan,335.5
237,2026-03-20 22:00:00,278,237,Upper East Side South,Manhattan,334.1
237,2026-03-20 23:00:00,179,237,Upper East Side South,Manhattan,202.5
237,2026-03-21 00:00:00,127,237,Upper East Side South,Manhattan,90.2
237,2026-03-21 01:00:00,60,237,Upper East Side South,Manhattan,56.1
237,2026-03-21 02:00:00,25,237,Upper East Side South,Manhattan,24.7
237,2026-03-21 03:00:00,17,237,Upper East Side South,Manhattan,13.0
237,2026-03-21 04:00:00,16,237,Upper East Side South,Manhattan,11.2
237,2026-03-21 05:00:00,9,237,Upper East Side South,Manhattan,13.2
237,2026-03-21 06:00:00,29,237,Upper East Side South,Manhattan,20.3
237,2026-03-21 07:00:00,32,237,Upper East Side South,Manhattan,54.4
237,2026-03-21 08:00:00,84,237,Upper East Side South,Manhattan,87.3
237,2026-03-21 09:00:00,131,237,Upper East Side South,Manhattan,153.0
237,2026-03-21 10:00:00,196,237,Upper East Side South,Manhattan,207.9
237,2026-03-21 11:00:00,244,237,Upper East Side South,Manhattan,265.9
237,2026-03-21 12:00:00,293,237,Upper East Side South,Manhattan,310.9
237,2026-03-21 13:00:00,339,237,Upper East Side South,Manhattan,326.8
237,2026-03-21 14:00:00,350,237,Upper East Side South,Manhattan,358.9
237,2026-03-21 15:00:00,374,237,Upper East Side South,Manhattan,374.6
237,2026-03-21 16:00:00,391,237,Upper East Side South,Manhattan,376.6
237,2026-03-21 17:00:00,381,237,Upper East Side South,Manhattan,377.5
237,2026-03-21 18:00:00,375,237,Upper East Side South,Manhattan,365.1
237,2026-03-21 19:00:00,333,237,Upper East Side South,Manhattan,305.9
237,2026-03-21 20:00:00,249,237,Upper East Side South,Manhattan,266.3
237,2026-03-21 21:00:00,317,237,Upper East Side South,Manhattan,284.6
237,2026-03-21 22:00:00,258,237,Upper East Side South,Manhattan,308.1
237,2026-03-21 23:00:00,204,237,Upper East Side South,Manhattan,196.7
237,2026-03-22 00:00:00,121,237,Upper East Side South,Manhattan,118.8
237,2026-03-22 01:00:00,68,237,Upper East Side South,Manhattan,58.5
237,2026-03-22 02:00:00,22,237,Upper East Side South,Manhattan,33.0
237,2026-03-22 03:00:00,17,237,Upper East Side South,Manhattan,12.5
237,2026-03-22 04:00:00,13,237,Upper East Side South,Manhattan,11.3
237,2026-03-22 05:00:00,11,237,Upper East Side South,Manhattan,12.0
237,2026-03-22 06:00:00,19,237,Upper East Side South,Manhattan,25.8
237,2026-03-22 07:00:00,37,237,Upper East Side South,Manhattan,38.8
237,2026-03-22 08:00:00,64,237,Upper East Side South,Manhattan,73.5
237,2026-03-22 09:00:00,122,237,Upper East Side South,Manhattan,109.5
237,2026-03-22 10:00:00,161,237,Upper East Side South,Manhattan,181.9
237,2026-03-22 11:00:00,237,237,Upper East Side South,Manhattan,212.7
237,2026-03-22 12:00:00,226,237,Upper East Side South,Manhattan,290.8
237,2026-03-22 13:00:00,268,237,Upper East Side South,Manhattan,282.4
237,2026-03-22 14:00:00,258,237,Upper East Side South,Manhattan,310.6
237,2026-03-22 15:00:00,278,237,Upper East Side South,Manhattan,296.5
237,2026-03-22 16:00:00,271,237,Upper East Side South,Manhattan,288.4
237,2026-03-22 17:00:00,268,237,Upper East Side South,Manhattan,274.4
237,2026-03-22 18:00:00,244,237,Upper East Side South,Manhattan,274.6
237,2026-03-22 19:00:00,186,237,Upper East Side South,Manhattan,198.1
237,2026-03-22 20:00:00,188,237,Upper East Side South,Manhattan,151.1
237,2026-03-22 21:00:00,109,237,Upper East Side South,Manhattan,146.4
237,2026-03-22 22:00:00,80,237,Upper East Side South,Manhattan,84.5
237,2026-03-22 23:00:00,60,237,Upper East Side South,Manhattan,55.7
237,2026-03-23 00:00:00,16,237,Upper East Side South,Manhattan,26.1
237,2026-03-23 01:00:00,6,237,Upper East Side South,Manhattan,10.4
237,2026-03-23 02:00:00,3,237,Upper East Side South,Manhattan,5.5
237,2026-03-23 03:00:00,2,237,Upper East Side South,Manhattan,5.3
237,2026-03-23 04:00:00,3,237,Upper East Side South,Manhattan,6.3
237,2026-03-23 05:00:00,10,237,Upper East Side South,Manhattan,15.9
237,2026-03-23 06:00:00,40,237,Upper East Side South,Manhattan,40.7
237,2026-03-23 07:00:00,143,237,Upper East Side South,Manhattan,149.9
237,2026-03-23 08:00:00,233,237,Upper East Side South,Manhattan,224.8
237,2026-03-23 09:00:00,261,237,Upper East Side South,Manhattan,242.7
237,2026-03-23 10:00:00,318,237,Upper East Side South,Manhattan,282.4
237,2026-03-23 11:00:00,330,237,Upper East Side South,Manhattan,338.1
237,2026-03-23 12:00:00,357,237,Upper East Side South,Manhattan,350.6
237,2026-03-23 13:00:00,356,237,Upper East Side South,Manhattan,362.8
237,2026-03-23 14:00:00,398,237,Upper East Side South,Manhattan,380.6
237,2026-03-23 15:00:00,343,237,Upper East Side South,Manhattan,416.1
237,2026-03-23 16:00:00,318,237,Upper East Side South,Manhattan,374.4
237,2026-03-23 17:00:00,440,237,Upper East Side South,Manhattan,350.0
237,2026-03-23 18:00:00,323,237,Upper East Side South,Manhattan,402.7
237,2026-03-23 19:00:00,302,237,Upper East Side South,Manhattan,281.0
237,2026-03-23 20:00:00,290,237,Upper East Side South,Manhattan,290.1
237,2026-03-23 21:00:00,218,237,Upper East Side South,Manhattan,232.4
237,2026-03-23 22:00:00,93,237,Upper East Side South,Manhattan,127.1
237,2026-03-23 23:00:00,50,237,Upper East Side South,Manhattan,48.3
237,2026-03-24 00:00:00,15,237,Upper East Side South,Manhattan,16.3
237,2026-03-24 01:00:00,4,237,Upper East Side South,Manhattan,6.1
237,2026-03-24 02:00:00,4,237,Upper East Side South,Manhattan,4.1
237,2026-03-24 03:00:00,3,237,Upper East Side South,Manhattan,4.4
237,2026-03-24 04:00:00,4,237,Upper East Side South,Manhattan,5.3
237,2026-03-24 05:00:00,8,237,Upper East Side South,Manhattan,13.0
237,2026-03-24 06:00:00,40,237,Upper East Side South,Manhattan,42.8
237,2026-03-24 07:00:00,129,237,Upper East Side South,Manhattan,163.9
237,2026-03-24 08:00:00,250,237,Upper East Side South,Manhattan,260.9
237,2026-03-24 09:00:00,307,237,Upper East Side South,Manhattan,290.5
237,2026-03-24 10:00:00,283,237,Upper East Side South,Manhattan,331.9
237,2026-03-24 11:00:00,326,237,Upper East Side South,Manhattan,324.6
237,2026-03-24 12:00:00,350,237,Upper East Side South,Manhattan,350.1
237,2026-03-24 13:00:00,374,237,Upper East Side South,Manhattan,377.4
237,2026-03-24 14:00:00,369,237,Upper East Side South,Manhattan,422.7
237,2026-03-24 15:00:00,396,237,Upper East Side South,Manhattan,403.7
237,2026-03-24 16:00:00,351,237,Upper East Side South,Manhattan,388.8
237,2026-03-24 17:00:00,440,237,Upper East Side South,Manhattan,398.2
237,2026-03-24 18:00:00,430,237,Upper East Side South,Manhattan,439.1
237,2026-03-24 19:00:00,324,237,Upper East Side South,Manhattan,350.9
237,2026-03-24 20:00:00,285,237,Upper East Side South,Manhattan,335.1
237,2026-03-24 21:00:00,285,237,Upper East Side South,Manhattan,294.4
237,2026-03-24 22:00:00,193,237,Upper East Side South,Manhattan,189.3
237,2026-03-24 23:00:00,79,237,Upper East Side South,Manhattan,85.7
237,2026-03-25 00:00:00,27,237,Upper East Side South,Manhattan,37.8
237,2026-03-25 01:00:00,8,237,Upper East Side South,Manhattan,10.0
237,2026-03-25 02:00:00,6,237,Upper East Side South,Manhattan,4.6
237,2026-03-25 03:00:00,4,237,Upper East Side South,Manhattan,4.5
237,2026-03-25 04:00:00,6,237,Upper East Side South,Manhattan,5.1
237,2026-03-25 05:00:00,16,237,Upper East Side South,Manhattan,13.5
237,2026-03-25 06:00:00,36,237,Upper East Side South,Manhattan,48.5
237,2026-03-25 07:00:00,135,237,Upper East Side South,Manhattan,107.0
237,2026-03-25 08:00:00,261,237,Upper East Side South,Manhattan,239.9
237,2026-03-25 09:00:00,286,237,Upper East Side South,Manhattan,318.9
237,2026-03-25 10:00:00,265,237,Upper East Side South,Manhattan,306.1
237,2026-03-25 11:00:00,306,237,Upper East Side South,Manhattan,327.6
237,2026-03-25 12:00:00,367,237,Upper East Side South,Manhattan,360.4
237,2026-03-25 13:00:00,431,237,Upper East Side South,Manhattan,385.8
237,2026-03-25 14:00:00,427,237,Upper East Side South,Manhattan,440.6
237,2026-03-25 15:00:00,429,237,Upper East Side South,Manhattan,444.1
237,2026-03-25 16:00:00,383,237,Upper East Side South,Manhattan,413.5
237,2026-03-25 17:00:00,427,237,Upper East Side South,Manhattan,429.3
237,2026-03-25 18:00:00,409,237,Upper East Side South,Manhattan,433.5
237,2026-03-25 19:00:00,363,237,Upper East Side South,Manhattan,356.7
237,2026-03-25 20:00:00,377,237,Upper East Side South,Manhattan,330.3
237,2026-03-25 21:00:00,329,237,Upper East Side South,Manhattan,380.4
237,2026-03-25 22:00:00,213,237,Upper East Side South,Manhattan,239.5
237,2026-03-25 23:00:00,113,237,Upper East Side South,Manhattan,106.6
237,2026-03-26 00:00:00,45,237,Upper East Side South,Manhattan,44.6
237,2026-03-26 01:00:00,16,237,Upper East Side South,Manhattan,18.2
237,2026-03-26 02:00:00,6,237,Upper East Side South,Manhattan,7.2
237,2026-03-26 03:00:00,6,237,Upper East Side South,Manhattan,5.2
237,2026-03-26 04:00:00,4,237,Upper East Side South,Manhattan,6.5
237,2026-03-26 05:00:00,12,237,Upper East Side South,Manhattan,15.3
237,2026-03-26 06:00:00,33,237,Upper East Side South,Manhattan,41.4
237,2026-03-26 07:00:00,133,237,Upper East Side South,Manhattan,106.2
237,2026-03-26 08:00:00,219,237,Upper East Side South,Manhattan,233.3
237,2026-03-26 09:00:00,270,237,Upper East Side South,Manhattan,274.4
237,2026-03-26 10:00:00,279,237,Upper East Side South,Manhattan,295.9
237,2026-03-26 11:00:00,309,237,Upper East Side South,Manhattan,314.9
237,2026-03-26 12:00:00,327,237,Upper East Side South,Manhattan,360.1
237,2026-03-26 13:00:00,348,237,Upper East Side South,Manhattan,364.3
237,2026-03-26 14:00:00,373,237,Upper East Side South,Manhattan,390.3
237,2026-03-26 15:00:00,392,237,Upper East Side South,Manhattan,409.1
237,2026-03-26 16:00:00,395,237,Upper East Side South,Manhattan,397.4
237,2026-03-26 17:00:00,453,237,Upper East Side South,Manhattan,415.2
237,2026-03-26 18:00:00,407,237,Upper East Side South,Manhattan,422.3
237,2026-03-26 19:00:00,329,237,Upper East Side South,Manhattan,346.8
237,2026-03-26 20:00:00,293,237,Upper East Side South,Manhattan,333.7
237,2026-03-26 21:00:00,265,237,Upper East Side South,Manhattan,294.8
237,2026-03-26 22:00:00,247,237,Upper East Side South,Manhattan,244.6
237,2026-03-26 23:00:00,126,237,Upper East Side South,Manhattan,150.4
237,2026-03-27 00:00:00,62,237,Upper East Side South,Manhattan,69.3
237,2026-03-27 01:00:00,26,237,Upper East Side South,Manhattan,30.5
237,2026-03-27 02:00:00,9,237,Upper East Side South,Manhattan,11.9
237,2026-03-27 03:00:00,12,237,Upper East Side South,Manhattan,7.0
237,2026-03-27 04:00:00,11,237,Upper East Side South,Manhattan,9.3
237,2026-03-27 05:00:00,19,237,Upper East Side South,Manhattan,13.8
237,2026-03-27 06:00:00,33,237,Upper East Side South,Manhattan,36.5
237,2026-03-27 07:00:00,98,237,Upper East Side South,Manhattan,92.2
237,2026-03-27 08:00:00,177,237,Upper East Side South,Manhattan,171.6
237,2026-03-27 09:00:00,213,237,Upper East Side South,Manhattan,234.1
237,2026-03-27 10:00:00,241,237,Upper East Side South,Manhattan,260.5
237,2026-03-27 11:00:00,249,237,Upper East Side South,Manhattan,284.9
237,2026-03-27 12:00:00,343,237,Upper East Side South,Manhattan,303.6
237,2026-03-27 13:00:00,352,237,Upper East Side South,Manhattan,344.1
237,2026-03-27 14:00:00,408,237,Upper East Side South,Manhattan,361.3
237,2026-03-27 15:00:00,381,237,Upper East Side South,Manhattan,400.9
237,2026-03-27 16:00:00,356,237,Upper East Side South,Manhattan,372.5
237,2026-03-27 17:00:00,404,237,Upper East Side South,Manhattan,368.8
237,2026-03-27 18:00:00,373,237,Upper East Side South,Manhattan,389.1
237,2026-03-27 19:00:00,257,237,Upper East Side South,Manhattan,307.2
237,2026-03-27 20:00:00,251,237,Upper East Side South,Manhattan,252.7
237,2026-03-27 21:00:00,248,237,Upper East Side South,Manhattan,252.1
237,2026-03-27 22:00:00,226,237,Upper East Side South,Manhattan,227.7
237,2026-03-27 23:00:00,151,237,Upper East Side South,Manhattan,140.8
237,2026-03-28 00:00:00,99,237,Upper East Side South,Manhattan,98.2
237,2026-03-28 01:00:00,34,237,Upper East Side South,Manhattan,50.2
237,2026-03-28 02:00:00,20,237,Upper East Side South,Manhattan,20.5
237,2026-03-28 03:00:00,13,237,Upper East Side South,Manhattan,12.4
237,2026-03-28 04:00:00,9,237,Upper East Side South,Manhattan,10.3
237,2026-03-28 05:00:00,14,237,Upper East Side South,Manhattan,11.7
237,2026-03-28 06:00:00,26,237,Upper East Side South,Manhattan,28.1
237,2026-03-28 07:00:00,34,237,Upper East Side South,Manhattan,44.0
237,2026-03-28 08:00:00,66,237,Upper East Side South,Manhattan,82.1
237,2026-03-28 09:00:00,148,237,Upper East Side South,Manhattan,124.9
237,2026-03-28 10:00:00,247,237,Upper East Side South,Manhattan,206.1
237,2026-03-28 11:00:00,233,237,Upper East Side South,Manhattan,257.2
237,2026-03-28 12:00:00,346,237,Upper East Side South,Manhattan,296.9
237,2026-03-28 13:00:00,370,237,Upper East Side South,Manhattan,334.7
237,2026-03-28 14:00:00,377,237,Upper East Side South,Manhattan,354.6
237,2026-03-28 15:00:00,381,237,Upper East Side South,Manhattan,371.4
237,2026-03-28 16:00:00,360,237,Upper East Side South,Manhattan,356.0
237,2026-03-28 17:00:00,377,237,Upper East Side South,Manhattan,350.0
237,2026-03-28 18:00:00,379,237,Upper East Side South,Manhattan,340.9
237,2026-03-28 19:00:00,313,237,Upper East Side South,Manhattan,286.6
237,2026-03-28 20:00:00,211,237,Upper East Side South,Manhattan,249.7
237,2026-03-28 21:00:00,245,237,Upper East Side South,Manhattan,225.5
237,2026-03-28 22:00:00,233,237,Upper East Side South,Manhattan,223.7
237,2026-03-28 23:00:00,188,237,Upper East Side South,Manhattan,165.0
237,2026-03-29 00:00:00,115,237,Upper East Side South,Manhattan,108.1
237,2026-03-29 01:00:00,47,237,Upper East Side South,Manhattan,54.7
237,2026-03-29 02:00:00,30,237,Upper East Side South,Manhattan,21.4
237,2026-03-29 03:00:00,16,237,Upper East Side South,Manhattan,15.3
237,2026-03-29 04:00:00,11,237,Upper East Side South,Manhattan,10.5
237,2026-03-29 05:00:00,9,237,Upper East Side South,Manhattan,11.8
237,2026-03-29 06:00:00,7,237,Upper East Side South,Manhattan,21.8
237,2026-03-29 07:00:00,19,237,Upper East Side South,Manhattan,30.5
237,2026-03-29 08:00:00,48,237,Upper East Side South,Manhattan,52.6
237,2026-03-29 09:00:00,112,237,Upper East Side South,Manhattan,106.4
237,2026-03-29 10:00:00,177,237,Upper East Side South,Manhattan,175.1
237,2026-03-29 11:00:00,183,237,Upper East Side South,Manhattan,227.2
237,2026-03-29 12:00:00,249,237,Upper East Side South,Manhattan,230.8
237,2026-03-29 13:00:00,305,237,Upper East Side South,Manhattan,277.0
237,2026-03-29 14:00:00,292,237,Upper East Side South,Manhattan,290.2
237,2026-03-29 15:00:00,277,237,Upper East Side South,Manhattan,294.1
237,2026-03-29 16:00:00,306,237,Upper East Side South,Manhattan,284.3
237,2026-03-29 17:00:00,246,237,Upper East Side South,Manhattan,287.6
237,2026-03-29 18:00:00,215,237,Upper East Side South,Manhattan,238.7
237,2026-03-29 19:00:00,176,237,Upper East Side South,Manhattan,172.0
237,2026-03-29 20:00:00,130,237,Upper East Side South,Manhattan,161.8
237,2026-03-29 21:00:00,123,237,Upper East Side South,Manhattan,120.9
237,2026-03-29 22:00:00,88,237,Upper East Side South,Manhattan,94.5
237,2026-03-29 23:00:00,31,237,Upper East Side South,Manhattan,58.4
237,2026-03-30 00:00:00,22,237,Upper East Side South,Manhattan,16.6
237,2026-03-30 01:00:00,7,237,Upper East Side South,Manhattan,12.2
237,2026-03-30 02:00:00,2,237,Upper East Side South,Manhattan,7.0
237,2026-03-30 03:00:00,1,237,Upper East Side South,Manhattan,5.3
237,2026-03-30 04:00:00,8,237,Upper East Side South,Manhattan,6.0
237,2026-03-30 05:00:00,11,237,Upper East Side South,Manhattan,13.4
237,2026-03-30 06:00:00,31,237,Upper East Side South,Manhattan,38.8
237,2026-03-30 07:00:00,131,237,Upper East Side South,Manhattan,92.1
237,2026-03-30 08:00:00,234,237,Upper East Side South,Manhattan,211.3
237,2026-03-30 09:00:00,226,237,Upper East Side South,Manhattan,261.4
237,2026-03-30 10:00:00,247,237,Upper East Side South,Manhattan,258.6
237,2026-03-30 11:00:00,300,237,Upper East Side South,Manhattan,283.5
237,2026-03-30 12:00:00,333,237,Upper East Side South,Manhattan,346.7
237,2026-03-30 13:00:00,305,237,Upper East Side South,Manhattan,356.5
237,2026-03-30 14:00:00,405,237,Upper East Side South,Manhattan,357.9
237,2026-03-30 15:00:00,368,237,Upper East Side South,Manhattan,390.3
237,2026-03-30 16:00:00,346,237,Upper East Side South,Manhattan,366.4
237,2026-03-30 17:00:00,354,237,Upper East Side South,Manhattan,385.5
237,2026-03-30 18:00:00,416,237,Upper East Side South,Manhattan,343.8
237,2026-03-30 19:00:00,247,237,Upper East Side South,Manhattan,303.8
237,2026-03-30 20:00:00,227,237,Upper East Side South,Manhattan,239.4
237,2026-03-30 21:00:00,274,237,Upper East Side South,Manhattan,202.5
237,2026-03-30 22:00:00,180,237,Upper East Side South,Manhattan,152.8
237,2026-03-30 23:00:00,85,237,Upper East Side South,Manhattan,64.2
237,2026-03-31 00:00:00,42,237,Upper East Side South,Manhattan,25.4
237,2026-03-31 01:00:00,20,237,Upper East Side South,Manhattan,12.0
237,2026-03-31 02:00:00,13,237,Upper East Side South,Manhattan,8.0
237,2026-03-31 03:00:00,5,237,Upper East Side South,Manhattan,6.6
237,2026-03-31 04:00:00,5,237,Upper East Side South,Manhattan,6.6
237,2026-03-31 05:00:00,8,237,Upper East Side South,Manhattan,13.3
237,2026-03-31 06:00:00,33,237,Upper East Side South,Manhattan,39.7
237,2026-03-31 07:00:00,149,237,Upper East Side South,Manhattan,110.9
237,2026-03-31 08:00:00,227,237,Upper East Side South,Manhattan,256.2
237,2026-03-31 09:00:00,280,237,Upper East Side South,Manhattan,273.3
237,2026-03-31 10:00:00,303,237,Upper East Side South,Manhattan,295.2
237,2026-03-31 11:00:00,300,237,Upper East Side South,Manhattan,332.5
237,2026-03-31 12:00:00,371,237,Upper East Side South,Manhattan,347.7
237,2026-03-31 13:00:00,374,237,Upper East Side South,Manhattan,383.4
237,2026-03-31 14:00:00,478,237,Upper East Side South,Manhattan,401.6
237,2026-03-31 15:00:00,423,237,Upper East Side South,Manhattan,442.4
237,2026-03-31 16:00:00,389,237,Upper East Side South,Manhattan,407.5
237,2026-03-31 17:00:00,410,237,Upper East Side South,Manhattan,429.9
237,2026-03-31 18:00:00,366,237,Upper East Side South,Manhattan,420.3
237,2026-03-31 19:00:00,320,237,Upper East Side South,Manhattan,306.2
237,2026-03-31 20:00:00,311,237,Upper East Side South,Manhattan,299.9
237,2026-03-31 21:00:00,379,237,Upper East Side South,Manhattan,304.2
237,2026-03-31 22:00:00,186,237,Upper East Side South,Manhattan,245.3
237,2026-03-31 23:00:00,82,237,Upper East Side South,Manhattan,89.6
